lemma,translation,gender,animate,paradigm,difficulty,categories,sg_nom,sg_gen,sg_dat,sg_acc,sg_voc,sg_loc,sg_ins,pl_nom,pl_gen,pl_dat,pl_acc,pl_voc,pl_loc,pl_ins
člověk,person,m,true,pán,A1,"misc,people",člověk,člověka,člověku,člověka,člověče,člověku,člověkem,lidé,lidí,lidem,lidi,lidé,lidech,lidmi
muž,man,m,true,muž,A1,family,muž,muže,muži,muže,muži,muži,mužem,muži,mužů,mužům,muže,muži,mužích,muži
chlapec,boy,m,true,muž,A1,family,chlapec,chlapce,chlapci,chlapce,chlapče,chlapci,chlapcem,chlapci,chlapců,chlapcům,chlapce,chlapci,chlapcích,chlapci
student,student,m,true,pán,A1,"misc,people,profession",student,studenta,studentovi,studenta,studente,studentovi,studentem,studenti,studentů,studentům,studenty,studenti,studentech,studenty
přítel,friend,m,true,muž,A1,"misc,people",přítel,přítele,příteli,přítele,příteli,příteli,přítelem,přátelé,přátel,přátelům,přátele,přátelé,přátelích,přáteli
bratr,brother,m,true,pán,A1,family,bratr,bratra,bratrovi,bratra,bratře,bratrovi,bratrem,bratři,bratrů,bratrům,bratry,bratři,bratrech,bratry
otec,father,m,true,muž,A1,family,otec,otce,otci,otce,otče,otci,otcem,otci,otců,otcům,otce,otci,otcích,otci
syn,son,m,true,pán,A1,family,syn,syna,synovi,syna,syne,synovi,synem,synové,synů,synům,syny,synové,synech,syny
dítě,child,n,false,kuře,A1,family,dítě,dítěte,dítěti,dítě,dítě,dítěti,dítětem,děti,dětí,dětem,děti,děti,dětech,dětmi
pes,dog,m,true,pán,A1,animals,pes,psa,psovi,psa,pse,psovi,psem,psi,psů,psům,psy,psi,psech,psy
kocour,tomcat,m,true,pán,A1,animals,kocour,kocoura,kocourovi,kocoura,kocoure,kocourovi,kocourem,kocouři,kocourů,kocourům,kocoury,kocouři,kocourech,kocoury
dům,house,m,false,hrad,A1,"places,v_place",dům,domu,domu,dům,dome,domě,domem,domy,domů,domům,domy,domy,domech,domy
stůl,table,m,false,hrad,A1,objects,stůl,stolu,stolu,stůl,stole,stole,stolem,stoly,stolů,stolům,stoly,stoly,stolech,stoly
stromek,small tree,m,false,hrad,A2,"nature,flora",stromek,stromku,stromku,stromek,stromku,stromku,stromkem,stromky,stromků,stromkům,stromky,stromky,stromcích,stromky
sešit,notebook,m,false,hrad,A1,"objects,readable,portable",sešit,sešitu,sešitu,sešit,sešite,sešitě,sešitem,sešity,sešitů,sešitům,sešity,sešity,sešitech,sešity
telefon,phone,m,false,hrad,A1,"objects,portable",telefon,telefonu,telefonu,telefon,telefone,telefonu,telefonem,telefony,telefonů,telefonům,telefony,telefony,telefonech,telefony
počítač,computer,m,false,stroj,A1,objects,počítač,počítače,počítači,počítač,počítači,počítači,počítačem,počítače,počítačů,počítačům,počítače,počítače,počítačích,počítači
auto,car,n,false,město,A1,"transportation,vehicle",auto,auta,autu,auto,auto,autě,autem,auta,aut,autům,auta,auta,autech,auty
vlak,train,m,false,hrad,A1,"transportation,vehicle",vlak,vlaku,vlaku,vlak,vlaku,vlaku,vlakem,vlaky,vlaků,vlakům,vlaky,vlaky,vlacích,vlaky
autobus,bus,m,false,hrad,A1,"transportation,vehicle",autobus,autobusu,autobusu,autobus,autobuse,autobuse,autobusem,autobusy,autobusů,autobusům,autobusy,autobusy,autobusech,autobusy
most,bridge,m,false,hrad,A1,"places,na_place",most,mostu,mostu,most,moste,mostě,mostem,mosty,mostů,mostům,mosty,mosty,mostech,mosty
park,park,m,false,hrad,A1,"places,v_place",park,parku,parku,park,parku,parku,parkem,parky,parků,parkům,parky,parky,parcích,parky
les,forest,m,false,hrad,A1,"nature,places,v_place,flora",les,lesa,lesu,les,lese,lese,lesem,lesy,lesů,lesům,lesy,lesy,lesích,lesy
hrad,castle,m,false,hrad,A2,"places,v_place",hrad,hradu,hradu,hrad,hrade,hradě,hradem,hrady,hradů,hradům,hrady,hrady,hradech,hrady
hotel,hotel,m,false,hrad,A1,"places,v_place",hotel,hotelu,hotelu,hotel,hotele,hotelu,hotelem,hotely,hotelů,hotelům,hotely,hotely,hotelech,hotely
obchod,shop,m,false,hrad,A1,"places,v_place",obchod,obchodu,obchodu,obchod,obchode,obchodě,obchodem,obchody,obchodů,obchodům,obchody,obchody,obchodech,obchody
restaurace,restaurant,f,false,růže,A1,"places,v_place",restaurace,restaurace,restauraci,restauraci,restaurace,restauraci,restaurací,restaurace,restaurací,restauracím,restaurace,restaurace,restauracích,restauracemi
žena,woman,f,false,žena,A1,family,žena,ženy,ženě,ženu,ženo,ženě,ženou,ženy,žen,ženám,ženy,ženy,ženách,ženami
matka,mother,f,false,žena,A1,family,matka,matky,matce,matku,matko,matce,matkou,matky,matek,matkám,matky,matky,matkách,matkami
dcera,daughter,f,false,žena,A1,family,dcera,dcery,dceři,dceru,dcero,dceři,dcerou,dcery,dcer,dcerám,dcery,dcery,dcerách,dcerami
sestra,sister,f,false,žena,A1,family,sestra,sestry,sestře,sestru,sestro,sestře,sestrou,sestry,sester,sestrám,sestry,sestry,sestrách,sestrami
přítelkyně,girlfriend,f,false,růže,A1,family,přítelkyně,přítelkyně,přítelkyni,přítelkyni,přítelkyně,přítelkyni,přítelkyní,přítelkyně,přítelkyní,přítelkyním,přítelkyně,přítelkyně,přítelkyních,přítelkyněmi
kniha,book,f,false,žena,A1,"objects,readable,portable",kniha,knihy,knize,knihu,kniho,knize,knihou,knihy,knih,knihám,knihy,knihy,knihách,knihami
škola,school,f,false,žena,A1,"places,v_place",škola,školy,škole,školu,školo,škole,školou,školy,škol,školám,školy,školy,školách,školami
ulice,street,f,false,růže,A1,"places,v_place",ulice,ulice,ulici,ulici,ulice,ulici,ulicí,ulice,ulic,ulicím,ulice,ulice,ulicích,ulicemi
vesnice,village,f,false,růže,A1,"places,v_place",vesnice,vesnice,vesnici,vesnici,vesnice,vesnici,vesnicí,vesnice,vesnic,vesnicím,vesnice,vesnice,vesnicích,vesnicemi
kavárna,cafe,f,false,žena,A1,"places,v_place",kavárna,kavárny,kavárně,kavárnu,kavárno,kavárně,kavárnou,kavárny,kaváren,kavárnám,kavárny,kavárny,kavárnách,kavárnami
místnost,room,f,false,kost,A1,"places,v_place",místnost,místnosti,místnosti,místnost,místnosti,místnosti,místností,místnosti,místností,místnostem,místnosti,místnosti,místnostech,místnostmi
kočka,cat,f,false,žena,A1,animals,kočka,kočky,kočce,kočku,kočko,kočce,kočkou,kočky,koček,kočkám,kočky,kočky,kočkách,kočkami
růže,rose,f,false,růže,A1,"nature,flora",růže,růže,růži,růži,růže,růži,růží,růže,růží,růžím,růže,růže,růžích,růžemi
věc,thing,f,false,kost,A1,"misc,abstract",věc,věci,věci,věc,věci,věci,věcí,věci,věcí,věcem,věci,věci,věcech,věcmi
práce,work,f,false,růže,A1,"misc,abstract",práce,práce,práci,práci,práce,práci,prací,práce,prací,pracím,práce,práce,pracích,pracemi
radost,joy,f,false,kost,A1,"misc,abstract,feeling",radost,radosti,radosti,radost,radosti,radosti,radostí,radosti,radostí,radostem,radosti,radosti,radostech,radostmi
noc,night,f,false,kost,A1,"time,calendar_unit",noc,noci,noci,noc,noci,noci,nocí,noci,nocí,nocím,noci,noci,nocích,nocemi
věž,tower,f,false,píseň,A2,"places,na_place",věž,věže,věži,věž,věži,věži,věží,věže,věží,věžím,věže,věže,věžích,věžemi
tramvaj,tram,f,false,píseň,A1,"transportation,vehicle",tramvaj,tramvaje,tramvaji,tramvaj,tramvaji,tramvaji,tramvají,tramvaje,tramvají,tramvajím,tramvaje,tramvaje,tramvajích,tramvajemi
město,city,n,false,město,A1,"places,v_place",město,města,městu,město,město,městě,městem,města,měst,městům,města,města,městech,městy
moře,sea,n,false,moře,A1,"nature,places,v_place",moře,moře,moři,moře,moře,moři,mořem,moře,moří,mořím,moře,moře,mořích,moři
okno,window,n,false,město,A1,objects,okno,okna,oknu,okno,okno,okně,oknem,okna,oken,oknům,okna,okna,oknech,okny
kuře,chicken,n,false,kuře,A1,animals,kuře,kuřete,kuřeti,kuře,kuře,kuřeti,kuřetem,kuřata,kuřat,kuřatům,kuřata,kuřata,kuřatech,kuřaty
děvče,girl,n,false,kuře,A1,family,děvče,děvčete,děvčeti,děvče,děvče,děvčeti,děvčetem,děvčata,děvčat,děvčatům,děvčata,děvčata,děvčatech,děvčaty
kino,cinema,n,false,město,A1,"places,v_place",kino,kina,kinu,kino,kino,kině,kinem,kina,kin,kinům,kina,kina,kinech,kiny
nádraží,station,n,false,stavení,A1,"places,na_place",nádraží,nádraží,nádraží,nádraží,nádraží,nádraží,nádražím,nádraží,nádraží,nádražím,nádraží,nádraží,nádražích,nádražími
náměstí,square,n,false,stavení,A1,"places,na_place",náměstí,náměstí,náměstí,náměstí,náměstí,náměstí,náměstím,náměstí,náměstí,náměstím,náměstí,náměstí,náměstích,náměstími
pivo,beer,n,false,město,A1,"food,drink",pivo,piva,pivu,pivo,pivo,pivě,pivem,piva,piv,pivům,piva,piva,pivech,pivy
víno,wine,n,false,město,A1,"food,drink",víno,vína,vínu,víno,víno,víně,vínem,vína,vín,vínům,vína,vína,vínech,víny
jídlo,food,n,false,město,A1,food,jídlo,jídla,jídlu,jídlo,jídlo,jídle,jídlem,jídla,jídel,jídlům,jídla,jídla,jídlech,jídly
maso,meat,n,false,město,A1,"food,weighable,sliceable",maso,masa,masu,maso,maso,mase,masem,masa,mas,masům,masa,masa,masech,masy
jablko,apple,n,false,město,A1,"food,sliceable",jablko,jablka,jablku,jablko,jablko,jablku,jablkem,jablka,jablek,jablkům,jablka,jablka,jablkách,jablky
slovo,word,n,false,město,A1,"misc,abstract",slovo,slova,slovu,slovo,slovo,slově,slovem,slova,slov,slovům,slova,slova,slovech,slovy
gymnázium,high school,n,false,město,A2,"places,v_place",gymnázium,gymnázia,gymnáziu,gymnázium,gymnázium,gymnáziu,gymnáziem,gymnázia,gymnázií,gymnáziím,gymnázia,gymnázia,gymnáziích,gymnázii
muzeum,museum,n,false,město,A1,"places,v_place",muzeum,muzea,muzeu,muzeum,muzeum,muzeu,muzeem,muzea,muzeí,muzeím,muzea,muzea,muzeích,muzei
pero,pen,n,false,město,A1,"objects,portable",pero,pera,peru,pero,pero,peru,perem,pera,per,perům,pera,pera,perech,pery
tužka,pencil,f,false,žena,A1,"objects,portable",tužka,tužky,tužce,tužku,tužko,tužce,tužkou,tužky,tužek,tužkám,tužky,tužky,tužkách,tužkami
papír,paper,m,false,hrad,A1,"objects,readable,portable",papír,papíru,papíru,papír,papíre,papíře,papírem,papíry,papírů,papírům,papíry,papíry,papírech,papíry
zápisník,notepad,m,false,hrad,A2,"objects,readable,portable",zápisník,zápisníku,zápisníku,zápisník,zápisníku,zápisníku,zápisníkem,zápisníky,zápisníků,zápisníkům,zápisníky,zápisníky,zápisnících,zápisníky
taška,bag,f,false,žena,A1,"objects,portable",taška,tašky,tašce,tašku,taško,tašce,taškou,tašky,tašek,taškám,tašky,tašky,taškách,taškami
kabelka,handbag,f,false,žena,A2,"objects,portable",kabelka,kabelky,kabelce,kabelku,kabelko,kabelce,kabelkou,kabelky,kabelek,kabelkám,kabelky,kabelky,kabelkách,kabelkami
bota,shoe,f,false,žena,A1,"objects,clothing,portable",bota,boty,botě,botu,boto,botě,botou,boty,bot,botám,boty,boty,botách,botami
košile,shirt,f,false,růže,A1,"objects,clothing,portable",košile,košile,košili,košili,košile,košili,košilí,košile,košilí,košilím,košile,košile,košilích,košilemi
hlava,head,f,false,žena,A1,body,hlava,hlavy,hlavě,hlavu,hlavo,hlavě,hlavou,hlavy,hlav,hlavám,hlavy,hlavy,hlavách,hlavami
ruka,hand,f,false,žena,A1,"body,surface_body",ruka,ruky,ruce,ruku,ruko,ruce,rukou,ruce,rukou,rukám,ruce,ruce,rukou,rukama
noha,leg,f,false,žena,A1,"body,surface_body",noha,nohy,noze,nohu,noho,noze,nohou,nohy,nohou,nohám,nohy,nohy,nohou,nohama
oko,eye,n,false,město,A1,body,oko,oka,oku,oko,oko,oku,okem,oči,očí,očím,oči,oči,očích,očima
ucho,ear,n,false,město,A1,body,ucho,ucha,uchu,ucho,ucho,uchu,uchem,uši,uší,uším,uši,uši,uších,ušima
nos,nose,m,false,hrad,A1,body,nos,nosu,nosu,nos,nose,nose,nosem,nosy,nosů,nosům,nosy,nosy,nosech,nosy
srdce,heart,n,false,moře,A1,body,srdce,srdce,srdci,srdce,srdce,srdci,srdcem,srdce,srdcí,srdcím,srdce,srdce,srdcích,srdci
chléb,bread,m,false,hrad,A1,"food,sliceable",chléb,chleba,chlebu,chléb,chlebe,chlebě,chlebem,chleby,chlebů,chlebům,chleby,chleby,chlebech,chleby
mléko,milk,n,false,město,A1,"food,drink",mléko,mléka,mléku,mléko,mléko,mléce,mlékem,mléka,mlék,mlékům,mléka,mléka,mlékách,mléky
sýr,cheese,m,false,hrad,A1,"food,weighable,sliceable",sýr,sýra,sýru,sýr,sýre,sýru,sýrem,sýry,sýrů,sýrům,sýry,sýry,sýrech,sýry
máslo,butter,n,false,město,A1,"food,weighable",máslo,másla,máslu,máslo,máslo,másle,máslem,másla,másel,máslům,másla,másla,máslech,másly
ryba,fish,f,false,žena,A1,food,ryba,ryby,rybě,rybu,rybo,rybě,rybou,ryby,ryb,rybám,ryby,ryby,rybách,rybami
vejce,egg,n,false,moře,A1,food,vejce,vejce,vejci,vejce,vejce,vejci,vejcem,vejce,vajec,vejcím,vejce,vejce,vejcích,vejci
káva,coffee,f,false,žena,A1,"food,drink",káva,kávy,kávě,kávu,kávo,kávě,kávou,kávy,káv,kávám,kávy,kávy,kávách,kávami
čaj,tea,m,false,stroj,A1,"food,drink",čaj,čaje,čaji,čaj,čaji,čaji,čajem,čaje,čajů,čajům,čaje,čaje,čajích,čaji
voda,water,f,false,žena,A1,"food,drink",voda,vody,vodě,vodu,vodo,vodě,vodou,vody,vod,vodám,vody,vody,vodách,vodami
den,day,m,false,stroj,A1,"time,duration,calendar_unit",den,dne,dnu,den,dne,dnu,dnem,dny,dnů,dnům,dny,dny,dnech,dny
týden,week,m,false,stroj,A1,"time,duration,calendar_unit",týden,týdne,týdnu,týden,týdne,týdnu,týdnem,týdny,týdnů,týdnům,týdny,týdny,týdnech,týdny
měsíc,month,m,false,stroj,A1,"time,duration,calendar_unit,celestial",měsíc,měsíce,měsíci,měsíc,měsíci,měsíci,měsícem,měsíce,měsíců,měsícům,měsíce,měsíce,měsících,měsíci
rok,year,m,false,hrad,A1,"time,duration,calendar_unit",rok,roku,roku,rok,roku,roce,rokem,roky,roků,rokům,roky,roky,rocích,roky
hodina,hour,f,false,žena,A1,"time,duration",hodina,hodiny,hodině,hodinu,hodino,hodině,hodinou,hodiny,hodin,hodinám,hodiny,hodiny,hodinách,hodinami
minuta,minute,f,false,žena,A1,"time,duration",minuta,minuty,minutě,minutu,minuto,minutě,minutou,minuty,minut,minutám,minuty,minuty,minutách,minutami
rodina,family,f,false,žena,A1,"misc,people",rodina,rodiny,rodině,rodinu,rodino,rodině,rodinou,rodiny,rodin,rodinám,rodiny,rodiny,rodinách,rodinami
babička,grandmother,f,false,žena,A1,family,babička,babičky,babičce,babičku,babičko,babičce,babičkou,babičky,babiček,babičkám,babičky,babičky,babičkách,babičkami
dědeček,grandfather,m,true,pán,A1,family,dědeček,dědečka,dědečkovi,dědečka,dědečku,dědečkovi,dědečkem,dědečci,dědečků,dědečkům,dědečky,dědečci,dědečcích,dědečky
strýc,uncle,m,true,muž,A1,family,strýc,strýce,strýci,strýce,strýci,strýci,strýcem,strýci,strýců,strýcům,strýce,strýci,strýcích,strýci
teta,aunt,f,false,žena,A1,family,teta,tety,tetě,tetu,teto,tetě,tetou,tety,tet,tetám,tety,tety,tetách,tetami
manžel,husband,m,true,pán,A1,family,manžel,manžela,manželovi,manžela,manžele,manželovi,manželem,manželé,manželů,manželům,manžely,manželé,manželech,manžely
manželka,wife,f,false,žena,A1,family,manželka,manželky,manželce,manželku,manželko,manželce,manželkou,manželky,manželek,manželkám,manželky,manželky,manželkách,manželkami
strom,tree,m,false,hrad,A1,"nature,flora",strom,stromu,stromu,strom,strome,stromě,stromem,stromy,stromů,stromům,stromy,stromy,stromech,stromy
květ,blossom,m,false,hrad,B1,"nature,flora",květ,květu,květu,květ,květe,květu,květem,květy,květů,květům,květy,květy,květech,květy
tráva,grass,f,false,žena,A1,"nature,flora,sittable",tráva,trávy,trávě,trávu,trávo,trávě,trávou,trávy,trav,trávám,trávy,trávy,trávách,trávami
hora,mountain,f,false,žena,A1,"nature,places,na_place",hora,hory,hoře,horu,horo,hoře,horou,hory,hor,horám,hory,hory,horách,horami
řeka,river,f,false,žena,A1,"nature,places,na_place",řeka,řeky,řece,řeku,řeko,řece,řekou,řeky,řek,řekám,řeky,řeky,řekách,řekami
jezero,lake,n,false,město,A1,"nature,places,v_place",jezero,jezera,jezeru,jezero,jezero,jezeru,jezerem,jezera,jezer,jezerům,jezera,jezera,jezerech,jezery
slunce,sun,n,false,moře,A1,"nature,celestial",slunce,slunce,slunci,slunce,slunce,slunci,sluncem,slunce,sluncí,sluncím,slunce,slunce,sluncích,slunci
hvězda,star,f,false,žena,A1,"nature,celestial",hvězda,hvězdy,hvězdě,hvězdu,hvězdo,hvězdě,hvězdou,hvězdy,hvězd,hvězdám,hvězdy,hvězdy,hvězdách,hvězdami
obloha,sky,f,false,žena,A1,nature,obloha,oblohy,obloze,oblohu,obloho,obloze,oblohou,oblohy,obloh,oblohám,oblohy,oblohy,oblohách,oblohami
život,life,m,false,hrad,A1,"misc,abstract",život,života,životu,život,živote,životě,životem,životy,životů,životům,životy,životy,životech,životy
smrt,death,f,false,kost,A2,"misc,abstract",smrt,smrti,smrti,smrt,smrti,smrti,smrtí,smrti,smrtí,smrtím,smrti,smrti,smrtích,smrtmi
čas,time,m,false,hrad,A1,time,čas,času,času,čas,čase,čase,časem,časy,časů,časům,časy,časy,časech,časy
láska,love,f,false,žena,A1,"misc,abstract,feeling",láska,lásky,lásce,lásku,lásko,lásce,láskou,lásky,lásek,láskám,lásky,lásky,láskách,láskami
štěstí,happiness,n,false,stavení,A1,"misc,abstract,feeling",štěstí,štěstí,štěstí,štěstí,štěstí,štěstí,štěstím,štěstí,štěstí,štěstím,štěstí,štěstí,štěstích,štěstími
problém,problem,m,false,hrad,A1,"misc,abstract",problém,problému,problému,problém,probléme,problému,problémem,problémy,problémů,problémům,problémy,problémy,problémech,problémy
otázka,question,f,false,žena,A1,"misc,abstract",otázka,otázky,otázce,otázku,otázko,otázce,otázkou,otázky,otázek,otázkám,otázky,otázky,otázkách,otázkami
odpověď,answer,f,false,kost,A1,"misc,abstract",odpověď,odpovědi,odpovědi,odpověď,odpovědi,odpovědi,odpovědí,odpovědi,odpovědí,odpovědím,odpovědi,odpovědi,odpovědích,odpověďmi
pravda,truth,f,false,žena,A1,"misc,abstract",pravda,pravdy,pravdě,pravdu,pravdo,pravdě,pravdou,pravdy,pravd,pravdám,pravdy,pravdy,pravdách,pravdami
svoboda,freedom,f,false,žena,B1,"misc,abstract",svoboda,svobody,svobodě,svobodu,svobodo,svobodě,svobodou,svobody,svobod,svobodám,svobody,svobody,svobodách,svobodami
doba,time,f,false,žena,A1,"time,era",doba,doby,době,dobu,dobo,době,dobou,doby,dob,dobám,doby,doby,dobách,dobami
místo,place,n,false,město,A1,"places,v_place",místo,místa,místu,místo,místo,místě,místem,místa,míst,místům,místa,místa,místech,místy
strana,side,f,false,žena,A1,"misc,abstract",strana,strany,straně,stranu,strano,straně,stranou,strany,stran,stranám,strany,strany,stranách,stranami
země,country,f,false,růže,A1,"places,v_place",země,země,zemi,zemi,země,zemi,zemí,země,zemí,zemím,země,země,zemích,zeměmi
případ,case,m,false,hrad,B1,"misc,abstract",případ,případu,případu,případ,případe,případě,případem,případy,případů,případům,případy,případy,případech,případy
svět,world,m,false,hrad,A1,"places,v_place",svět,světa,světu,svět,světe,světě,světem,světy,světů,světům,světy,světy,světech,světy
cesta,way,f,false,žena,A1,"misc,abstract",cesta,cesty,cestě,cestu,cesto,cestě,cestou,cesty,cest,cestám,cesty,cesty,cestách,cestami
část,part,f,false,kost,A1,"misc,abstract",část,části,části,část,části,části,částí,části,částí,částem,části,části,částech,částmi
konec,end,m,false,stroj,A1,"time,era",konec,konce,konci,konec,konci,konci,koncem,konce,konců,koncům,konce,konce,koncích,konci
chvíle,moment,f,false,růže,A1,"misc,duration,time",chvíle,chvíle,chvíli,chvíli,chvíle,chvíli,chvílí,chvíle,chvil,chvílím,chvíle,chvíle,chvílích,chvílemi
způsob,way,m,false,hrad,B1,"misc,abstract",způsob,způsobu,způsobu,způsob,způsobe,způsobě,způsobem,způsoby,způsobů,způsobům,způsoby,způsoby,způsobech,způsoby
společnost,company,f,false,kost,B1,"misc,abstract",společnost,společnosti,společnosti,společnost,společnosti,společnosti,společností,společnosti,společností,společnostem,společnosti,společnosti,společnostech,společnostmi
řada,row,f,false,žena,A1,"misc,abstract",řada,řady,řadě,řadu,řado,řadě,řadou,řady,řad,řadám,řady,řady,řadách,řadami
koruna,crown,f,false,žena,A1,"misc,objects",koruna,koruny,koruně,korunu,koruno,koruně,korunou,koruny,korun,korunám,koruny,koruny,korunách,korunami
možnost,possibility,f,false,kost,A2,"misc,abstract",možnost,možnosti,možnosti,možnost,možnosti,možnosti,možností,možnosti,možností,možnostem,možnosti,možnosti,možnostech,možnostmi
stát,state,m,false,hrad,A2,"places,v_place",stát,státu,státu,stát,státe,státě,státem,státy,států,státům,státy,státy,státech,státy
skupina,group,f,false,žena,A2,"misc,abstract",skupina,skupiny,skupině,skupinu,skupino,skupině,skupinou,skupiny,skupin,skupinám,skupiny,skupiny,skupinách,skupinami
cena,price,f,false,žena,A1,"misc,abstract",cena,ceny,ceně,cenu,ceno,ceně,cenou,ceny,cen,cenám,ceny,ceny,cenách,cenami
systém,system,m,false,hrad,B1,"misc,abstract",systém,systému,systému,systém,systéme,systému,systémem,systémy,systémů,systémům,systémy,systémy,systémech,systémy
oblast,area,f,false,kost,B1,"places,v_place",oblast,oblasti,oblasti,oblast,oblasti,oblasti,oblastí,oblasti,oblastí,oblastem,oblasti,oblasti,oblastech,oblastmi
situace,situation,f,false,růže,B1,"misc,abstract",situace,situace,situaci,situaci,situace,situaci,situací,situace,situací,situacím,situace,situace,situacích,situacemi
většina,majority,f,false,žena,B1,"misc,abstract",většina,většiny,většině,většinu,většino,většině,většinou,většiny,většin,většinám,většiny,většiny,většinách,většinami
firma,firm,f,false,žena,A2,"misc,abstract",firma,firmy,firmě,firmu,firmo,firmě,firmou,firmy,firem,firmám,firmy,firmy,firmách,firmami
jméno,name,n,false,město,A1,"misc,abstract",jméno,jména,jménu,jméno,jméno,jméně,jménem,jména,jmen,jménům,jména,jména,jménech,jmény
příjmení,surname,n,false,stavení,A2,"misc,abstract",příjmení,příjmení,příjmení,příjmení,příjmení,příjmení,příjmením,příjmení,příjmení,příjmením,příjmení,příjmení,příjmeních,příjmeními
důvod,reason,m,false,hrad,A2,"misc,abstract",důvod,důvodu,důvodu,důvod,důvode,důvodu,důvodem,důvody,důvodů,důvodům,důvody,důvody,důvodech,důvody
změna,change,f,false,žena,A2,"misc,abstract",změna,změny,změně,změnu,změno,změně,změnou,změny,změn,změnám,změny,změny,změnách,změnami
síla,force,f,false,žena,B1,"misc,abstract",síla,síly,síle,sílu,sílo,síle,silou,síly,sil,silám,síly,síly,silách,silami
výsledek,result,m,false,hrad,B1,"misc,abstract",výsledek,výsledku,výsledku,výsledek,výsledku,výsledku,výsledkem,výsledky,výsledků,výsledkům,výsledky,výsledky,výsledcích,výsledky
pohled,look,m,false,hrad,A2,"misc,abstract",pohled,pohledu,pohledu,pohled,pohlede,pohledu,pohledem,pohledy,pohledů,pohledům,pohledy,pohledy,pohledech,pohledy
zájem,interest,m,false,hrad,B1,"misc,abstract",zájem,zájmu,zájmu,zájem,zájme,zájmu,zájmem,zájmy,zájmů,zájmům,zájmy,zájmy,zájmech,zájmy
vztah,relation,m,false,hrad,A2,"misc,abstract",vztah,vztahu,vztahu,vztah,vztahu,vztahu,vztahem,vztahy,vztahů,vztahům,vztahy,vztahy,vztazích,vztahy
informace,information,f,false,růže,A2,"misc,abstract",informace,informace,informaci,informaci,informace,informaci,informací,informace,informací,informacím,informace,informace,informacích,informacemi
stav,condition,m,false,hrad,B1,"misc,abstract",stav,stavu,stavu,stav,stave,stavu,stavem,stavy,stavů,stavům,stavy,stavy,stavech,stavy
základ,foundation,m,false,hrad,B1,"misc,abstract",základ,základu,základu,základ,základe,základě,základem,základy,základů,základům,základy,základy,základech,základy
podmínka,condition,f,false,žena,B1,"misc,abstract",podmínka,podmínky,podmínce,podmínku,podmínko,podmínce,podmínkou,podmínky,podmínek,podmínkám,podmínky,podmínky,podmínkách,podmínkami
služba,service,f,false,žena,A2,"misc,abstract",služba,služby,službě,službu,službo,službě,službou,služby,služeb,službám,služby,služby,službách,službami
zákon,law,m,false,hrad,B1,"misc,readable",zákon,zákona,zákonu,zákon,zákone,zákoně,zákonem,zákony,zákonů,zákonům,zákony,zákony,zákonech,zákony
počet,number,m,false,hrad,A2,"misc,abstract",počet,počtu,počtu,počet,počte,počtu,počtem,počty,počtů,počtům,počty,počty,počtech,počty
tvář,face,f,false,píseň,A1,"body,surface_body",tvář,tváře,tváři,tvář,tváři,tváři,tváří,tváře,tváří,tvářím,tváře,tváře,tvářích,tvářemi
právo,right,n,false,město,A2,"misc,abstract",právo,práva,právu,právo,právo,právu,právem,práva,práv,právům,práva,práva,právech,právy
začátek,beginning,m,false,hrad,A1,"time,era",začátek,začátku,začátku,začátek,začátku,začátku,začátkem,začátky,začátků,začátkům,začátky,začátky,začátcích,začátky
pocit,feeling,m,false,hrad,A1,"misc,abstract,feeling",pocit,pocitu,pocitu,pocit,pocite,pocitu,pocitem,pocity,pocitů,pocitům,pocity,pocity,pocitech,pocity
skutečnost,reality,f,false,kost,B1,"misc,abstract",skutečnost,skutečnosti,skutečnosti,skutečnost,skutečnosti,skutečnosti,skutečností,skutečnosti,skutečností,skutečnostem,skutečnosti,skutečnosti,skutečnostech,skutečnostmi
typ,type,m,false,hrad,B1,"misc,abstract",typ,typu,typu,typ,type,typu,typem,typy,typů,typům,typy,typy,typech,typy
směr,direction,m,false,hrad,A2,"misc,abstract",směr,směru,směru,směr,směre,směru,směrem,směry,směrů,směrům,směry,směry,směrech,směry
hlas,voice,m,false,hrad,A1,"misc,abstract",hlas,hlasu,hlasu,hlas,hlase,hlase,hlasem,hlasy,hlasů,hlasům,hlasy,hlasy,hlasech,hlasy
druh,kind/sort,m,false,hrad,A2,"misc,abstract",druh,druhu,druhu,druh,druhu,druhu,druhem,druhy,druhů,druhům,druhy,druhy,druzích,druhy
vláda,government,f,false,žena,B1,"misc,abstract,people",vláda,vlády,vládě,vládu,vládo,vládě,vládou,vlády,vlád,vládám,vlády,vlády,vládách,vládami
cíl,goal,m,false,stroj,A2,"misc,abstract",cíl,cíle,cíli,cíl,cíli,cíli,cílem,cíle,cílů,cílům,cíle,cíle,cílech,cíli
tělo,body,n,false,město,A1,body,tělo,těla,tělu,tělo,tělo,těle,tělem,těla,těl,tělům,těla,těla,tělech,těly
smysl,sense,m,false,hrad,B1,"misc,abstract",smysl,smyslu,smyslu,smysl,smysle,smyslu,smyslem,smysly,smyslů,smyslům,smysly,smysly,smyslech,smysly
rozdíl,difference,m,false,hrad,A2,"misc,abstract",rozdíl,rozdílu,rozdílu,rozdíl,rozdíle,rozdílu,rozdílem,rozdíly,rozdílů,rozdílům,rozdíly,rozdíly,rozdílech,rozdíly
program,programme,m,false,hrad,A2,"misc,readable",program,programu,programu,program,programe,programu,programem,programy,programů,programům,programy,programy,programech,programy
člen,member,m,true,pán,A1,"misc,people",člen,člena,členovi,člena,člene,členovi,členem,členové,členů,členům,členy,členové,členech,členy
prostor,space,m,false,hrad,B1,"places,v_place",prostor,prostoru,prostoru,prostor,prostore,prostoru,prostorem,prostory,prostorů,prostorům,prostory,prostory,prostorech,prostory
forma,form,f,false,žena,A2,"misc,abstract",forma,formy,formě,formu,formo,formě,formou,formy,forem,formám,formy,formy,formách,formami
činnost,activity,f,false,kost,B1,"misc,abstract",činnost,činnosti,činnosti,činnost,činnosti,činnosti,činností,činnosti,činností,činnostem,činnosti,činnosti,činnostech,činnostmi
hodnota,value,f,false,žena,A2,"misc,abstract",hodnota,hodnoty,hodnotě,hodnotu,hodnoto,hodnotě,hodnotou,hodnoty,hodnot,hodnotám,hodnoty,hodnoty,hodnotách,hodnotami
polovina,half,f,false,žena,A2,"misc,abstract",polovina,poloviny,polovině,polovinu,polovino,polovině,polovinou,poloviny,polovin,polovinám,poloviny,poloviny,polovinách,polovinami
republika,republic,f,false,žena,B1,"misc,places,v_place",republika,republiky,republice,republiku,republiko,republice,republikou,republiky,republik,republikám,republiky,republiky,republikách,republikami
názor,opinion,m,false,hrad,A2,"misc,abstract",názor,názoru,názoru,názor,názore,názoru,názorem,názory,názorů,názorům,názory,názory,názorech,názory
prostředí,environment,n,false,stavení,B1,"misc,abstract",prostředí,prostředí,prostředí,prostředí,prostředí,prostředí,prostředím,prostředí,prostředí,prostředím,prostředí,prostředí,prostředích,prostředími
léto,summer,n,false,město,A1,"time,nature,season",léto,léta,létu,léto,léto,létě,létem,léta,lét,létům,léta,léta,létech,léty
zpráva,news,f,false,žena,A2,"misc,readable",zpráva,zprávy,zprávě,zprávu,zprávo,zprávě,zprávou,zprávy,zpráv,zprávám,zprávy,zprávy,zprávách,zprávami
osoba,person,f,false,žena,A2,"misc,people",osoba,osoby,osobě,osobu,osobo,osobě,osobou,osoby,osob,osobám,osoby,osoby,osobách,osobami
století,century,n,false,stavení,A2,"time,era",století,století,století,století,století,století,stoletím,století,století,stoletím,století,století,stoletích,stoletími
válka,war,f,false,žena,B1,"misc,event",válka,války,válce,válku,válko,válce,válkou,války,válek,válkám,války,války,válkách,válkami
období,period,n,false,stavení,B1,"time,era",období,období,období,období,období,období,obdobím,období,období,obdobím,období,období,obdobích,obdobími
hra,game,f,false,žena,A1,"misc,abstract",hra,hry,hře,hru,hro,hře,hrou,hry,her,hrám,hry,hry,hrách,hrami
procento,per cent,n,false,město,A2,"misc,abstract",procento,procenta,procentu,procento,procento,procentě,procentem,procenta,procent,procentům,procenta,procenta,procentech,procenty
číslo,number,n,false,město,A1,"misc,abstract",číslo,čísla,číslu,číslo,číslo,čísle,číslem,čísla,čísel,číslům,čísla,čísla,číslech,čísly
trh,market,m,false,hrad,A2,"places,na_place",trh,trhu,trhu,trh,trhu,trhu,trhem,trhy,trhů,trhům,trhy,trhy,trzích,trhy
úřad,authority,m,false,hrad,B1,"places,na_place",úřad,úřadu,úřadu,úřad,úřade,úřadě,úřadem,úřady,úřadů,úřadům,úřady,úřady,úřadech,úřady
vývoj,development,m,false,stroj,B1,"misc,abstract",vývoj,vývoje,vývoji,vývoj,vývoji,vývoji,vývojem,vývoje,vývojů,vývojům,vývoje,vývoje,vývojích,vývoji
proces,process,m,false,hrad,B1,"misc,abstract",proces,procesu,procesu,proces,procese,procese,procesem,procesy,procesů,procesům,procesy,procesy,procesech,procesy
prostředek,means,m,false,hrad,B1,"misc,abstract",prostředek,prostředku,prostředku,prostředek,prostředku,prostředku,prostředkem,prostředky,prostředků,prostředkům,prostředky,prostředky,prostředcích,prostředky
úroveň,level,f,false,píseň,B1,"misc,abstract",úroveň,úrovně,úrovni,úroveň,úrovni,úrovni,úrovní,úrovně,úrovní,úrovním,úrovně,úrovně,úrovních,úrovněmi
role,role,f,false,růže,B1,"misc,abstract",role,role,roli,roli,role,roli,rolí,role,rolí,rolím,role,role,rolích,rolemi
vliv,influence,m,false,hrad,B1,"misc,abstract",vliv,vlivu,vlivu,vliv,vlive,vlivu,vlivem,vlivy,vlivů,vlivům,vlivy,vlivy,vlivech,vlivy
akce,action,f,false,růže,A2,"misc,abstract",akce,akce,akci,akci,akce,akci,akcí,akce,akcí,akcím,akce,akce,akcích,akcemi
míra,rate,f,false,žena,B1,"misc,abstract",míra,míry,míře,míru,míro,míře,měrou,míry,měr,mírám,míry,míry,mírách,mírami
pomoc,help,f,false,kost,A1,"misc,abstract",pomoc,pomoci,pomoci,pomoc,pomoci,pomoci,pomocí,pomoci,pomocí,pomocím,pomoci,pomoci,pomocích,pomocemi
krok,footstep,m,false,hrad,A2,"misc,abstract",krok,kroku,kroku,krok,kroku,kroku,krokem,kroky,kroků,krokům,kroky,kroky,krocích,kroky
světlo,light,n,false,město,A2,"misc,abstract",světlo,světla,světlu,světlo,světlo,světle,světlem,světla,světel,světlům,světla,světla,světlech,světly
funkce,function,f,false,růže,B1,"misc,abstract",funkce,funkce,funkci,funkci,funkce,funkci,funkcí,funkce,funkcí,funkcím,funkce,funkce,funkcích,funkcemi
ředitel,director,m,true,muž,A1,"misc,people,profession",ředitel,ředitele,řediteli,ředitele,řediteli,řediteli,ředitelem,ředitelé,ředitelů,ředitelům,ředitele,ředitelé,ředitelích,řediteli
zkušenost,experience,f,false,kost,A2,"misc,abstract",zkušenost,zkušenosti,zkušenosti,zkušenost,zkušenosti,zkušenosti,zkušeností,zkušenosti,zkušeností,zkušenostem,zkušenosti,zkušenosti,zkušenostech,zkušenostmi
představa,idea,f,false,žena,B1,"misc,abstract",představa,představy,představě,představu,představo,představě,představou,představy,představ,představám,představy,představy,představách,představami
pokoj,room,m,false,stroj,A1,"places,v_place",pokoj,pokoje,pokoji,pokoj,pokoji,pokoji,pokojem,pokoje,pokojů,pokojům,pokoje,pokoje,pokojích,pokoji
kluk,boy,m,true,pán,A1,"family,people",kluk,kluka,klukovi,kluka,kluku,klukovi,klukem,kluci,kluků,klukům,kluky,kluci,klucích,kluky
potřeba,need,f,false,žena,A2,"misc,abstract",potřeba,potřeby,potřebě,potřebu,potřebo,potřebě,potřebou,potřeby,potřeb,potřebám,potřeby,potřeby,potřebách,potřebami
rámec,framework,m,false,stroj,B1,"misc,abstract",rámec,rámce,rámci,rámec,rámci,rámci,rámcem,rámce,rámců,rámcům,rámce,rámce,rámcích,rámci
obraz,picture,m,false,hrad,A2,objects,obraz,obrazu,obrazu,obraz,obraze,obraze,obrazem,obrazy,obrazů,obrazům,obrazy,obrazy,obrazech,obrazy
zdroj,source,m,false,stroj,B1,"misc,abstract",zdroj,zdroje,zdroji,zdroj,zdroji,zdroji,zdrojem,zdroje,zdrojů,zdrojům,zdroje,zdroje,zdrojích,zdroji
součást,part,f,false,kost,B1,"misc,abstract",součást,součásti,součásti,součást,součásti,součásti,součástí,součásti,součástí,součástem,součásti,součásti,součástech,součástmi
řešení,solution,n,false,stavení,B1,"misc,abstract",řešení,řešení,řešení,řešení,řešení,řešení,řešením,řešení,řešení,řešením,řešení,řešení,řešeních,řešeními
postup,procedure,m,false,hrad,B1,"misc,abstract",postup,postupu,postupu,postup,postupe,postupu,postupem,postupy,postupů,postupům,postupy,postupy,postupech,postupy
film,film,m,false,hrad,A1,"misc,objects,readable",film,filmu,filmu,film,filme,filmu,filmem,filmy,filmů,filmům,filmy,filmy,filmech,filmy
hranice,border,f,false,růže,B1,"places,na_place",hranice,hranice,hranici,hranici,hranice,hranici,hranicí,hranice,hranic,hranicím,hranice,hranice,hranicích,hranicemi
dílo,work,n,false,město,A2,"misc,abstract",dílo,díla,dílu,dílo,dílo,díle,dílem,díla,děl,dílům,díla,díla,dílech,díly
kolo,bicycle,n,false,město,A2,"misc,objects",kolo,kola,kolu,kolo,kolo,kole,kolem,kola,kol,kolům,kola,kola,kolech,koly
rada,advice,f,false,žena,A1,"misc,abstract",rada,rady,radě,radu,rado,radě,radou,rady,rad,radám,rady,rady,radách,radami
množství,amount,n,false,stavení,A2,"misc,abstract",množství,množství,množství,množství,množství,množství,množstvím,množství,množství,množstvím,množství,množství,množstvích,množstvími
podoba,form,f,false,žena,B1,"misc,abstract",podoba,podoby,podobě,podobu,podobo,podobě,podobou,podoby,podob,podobám,podoby,podoby,podobách,podobami
byt,flat,m,false,hrad,A1,"places,v_place",byt,bytu,bytu,byt,byte,bytě,bytem,byty,bytů,bytům,byty,byty,bytech,byty
stránka,page,f,false,žena,A2,"misc,abstract",stránka,stránky,stránce,stránku,stránko,stránce,stránkou,stránky,stránek,stránkám,stránky,stránky,stránkách,stránkami
centrum,centre,n,false,město,A1,"places,v_place",centrum,centra,centru,centrum,centrum,centru,centrem,centra,center,centrům,centra,centra,centrech,centry
okamžik,moment,m,false,hrad,A1,"time,duration",okamžik,okamžiku,okamžiku,okamžik,okamžiku,okamžiku,okamžikem,okamžiky,okamžiků,okamžikům,okamžiky,okamžiky,okamžicích,okamžiky
metr,metre,m,false,hrad,A1,"misc,abstract",metr,metru,metru,metr,metre,metru,metrem,metry,metrů,metrům,metry,metry,metrech,metry
holka,girl,f,false,žena,A1,"family,people",holka,holky,holce,holku,holko,holce,holkou,holky,holek,holkám,holky,holky,holkách,holkami
bůh,God,m,true,pán,A1,"misc,abstract",bůh,boha,bohu,boha,bože,bohu,bohem,bohové,bohů,bohům,bohy,bohové,bozích,bohy
spousta,plenty,f,false,žena,A1,"misc,abstract",spousta,spousty,spoustě,spoustu,spousto,spoustě,spoustou,spousty,spoust,spoustám,spousty,spousty,spoustách,spoustami
bod,point,m,false,hrad,A1,"misc,abstract",bod,bodu,bodu,bod,bode,bodě,bodem,body,bodů,bodům,body,body,bodech,body
televize,television,f,false,růže,A2,objects,televize,televize,televizi,televizi,televize,televizi,televizí,televize,televizí,televizím,televize,televize,televizích,televizemi
myšlenka,thought,f,false,žena,B1,"misc,abstract",myšlenka,myšlenky,myšlence,myšlenku,myšlenko,myšlence,myšlenkou,myšlenky,myšlenek,myšlenkám,myšlenky,myšlenky,myšlenkách,myšlenkami
vedení,management,n,false,stavení,B1,"misc,abstract",vedení,vedení,vedení,vedení,vedení,vedení,vedením,vedení,vedení,vedením,vedení,vedení,vedeních,vedeními
policie,police,f,false,růže,A1,"misc,people,profession",policie,policie,policii,policii,policie,policii,policií,policie,policií,policiím,policie,policie,policiích,policiemi
materiál,material,m,false,hrad,A2,"misc,abstract",materiál,materiálu,materiálu,materiál,materiále,materiálu,materiálem,materiály,materiálů,materiálům,materiály,materiály,materiálech,materiály
podnik,enterprise,m,false,hrad,B1,"misc,abstract",podnik,podniku,podniku,podnik,podniku,podniku,podnikem,podniky,podniků,podnikům,podniky,podniky,podnicích,podniky
úspěch,success,m,false,hrad,B1,"misc,abstract",úspěch,úspěchu,úspěchu,úspěch,úspěchu,úspěchu,úspěchem,úspěchy,úspěchů,úspěchům,úspěchy,úspěchy,úspěších,úspěchy
soud,court,m,false,hrad,A2,"misc,places,v_place",soud,soudu,soudu,soud,soude,soudě,soudem,soudy,soudů,soudům,soudy,soudy,soudech,soudy
podstata,essence,f,false,žena,B1,"misc,abstract",podstata,podstaty,podstatě,podstatu,podstato,podstatě,podstatou,podstaty,podstat,podstatám,podstaty,podstaty,podstatách,podstatami
autor,author,m,true,pán,A2,"misc,people",autor,autora,autorovi,autora,autore,autorovi,autorem,autoři,autorů,autorům,autory,autoři,autorech,autory
význam,importance,m,false,hrad,B1,"misc,abstract",význam,významu,významu,význam,význame,významu,významem,významy,významů,významům,významy,významy,významech,významy
škoda,damage,f,false,žena,A1,"misc,abstract",škoda,škody,škodě,škodu,škodo,škodě,škodou,škody,škod,škodám,škody,škody,škodách,škodami
úkol,task,m,false,hrad,A2,"misc,abstract",úkol,úkolu,úkolu,úkol,úkole,úkolu,úkolem,úkoly,úkolů,úkolům,úkoly,úkoly,úkolech,úkoly
věk,age,m,false,hrad,A1,"time,era",věk,věku,věku,věk,věku,věku,věkem,věky,věků,věkům,věky,věky,věcích,věky
počátek,beginning,m,false,hrad,B1,"time,era",počátek,počátku,počátku,počátek,počátku,počátku,počátkem,počátky,počátků,počátkům,počátky,počátky,počátcích,počátky
organizace,organization,f,false,růže,B1,"misc,abstract",organizace,organizace,organizaci,organizaci,organizace,organizaci,organizací,organizace,organizací,organizacím,organizace,organizace,organizacích,organizacemi
táta,dad,m,true,předseda,A1,family,táta,táty,tátovi,tátu,táto,tátovi,tátou,tátové,tátů,tátům,táty,tátové,tátech,táty
kus,piece,m,false,hrad,A1,"misc,abstract",kus,kusu,kusu,kus,kuse,kuse,kusem,kusy,kusů,kusům,kusy,kusy,kusech,kusy
barva,colour,f,false,žena,A1,"misc,abstract",barva,barvy,barvě,barvu,barvo,barvě,barvou,barvy,barev,barvám,barvy,barvy,barvách,barvami
příklad,example,m,false,hrad,A2,"misc,abstract",příklad,příkladu,příkladu,příklad,příklade,příkladě,příkladem,příklady,příkladů,příkladům,příklady,příklady,příkladech,příklady
jednání,negotiation,n,false,stavení,A2,"misc,abstract",jednání,jednání,jednání,jednání,jednání,jednání,jednáním,jednání,jednání,jednáním,jednání,jednání,jednáních,jednáními
smlouva,contract,f,false,žena,A2,"misc,readable",smlouva,smlouvy,smlouvě,smlouvu,smlouvo,smlouvě,smlouvou,smlouvy,smluv,smlouvám,smlouvy,smlouvy,smlouvách,smlouvami
plán,plan,m,false,hrad,A1,"misc,abstract",plán,plánu,plánu,plán,pláne,plánu,plánem,plány,plánů,plánům,plány,plány,plánech,plány
pohyb,movement,m,false,hrad,A2,"misc,abstract",pohyb,pohybu,pohybu,pohyb,pohybe,pohybu,pohybem,pohyby,pohybů,pohybům,pohyby,pohyby,pohybech,pohyby
večer,evening,m,false,hrad,A1,"time,calendar_unit",večer,večeru,večeru,večer,večere,večeru,večerem,večery,večerů,večerům,večery,večery,večerech,večery
fakt,fact,m,false,hrad,A1,"misc,abstract",fakt,faktu,faktu,fakt,fakte,faktu,faktem,fakty,faktů,faktům,fakty,fakty,faktech,fakty
rozhodnutí,decision,n,false,stavení,B1,"misc,abstract",rozhodnutí,rozhodnutí,rozhodnutí,rozhodnutí,rozhodnutí,rozhodnutí,rozhodnutím,rozhodnutí,rozhodnutí,rozhodnutím,rozhodnutí,rozhodnutí,rozhodnutích,rozhodnutími
kousek,bit,m,false,hrad,A1,"misc,abstract",kousek,kousku,kousku,kousek,kousku,kousku,kouskem,kousky,kousků,kouskům,kousky,kousky,kouscích,kousky
rodič,parent,m,true,muž,A1,"family,people",rodič,rodiče,rodiči,rodiče,rodiči,rodiči,rodičem,rodiče,rodičů,rodičům,rodiče,rodiče,rodičích,rodiči
neděle,Sunday,f,false,růže,A1,"time,calendar_unit",neděle,neděle,neděli,neděli,neděle,neděli,nedělí,neděle,nedělí,nedělím,neděle,neděle,nedělích,nedělemi
projekt,project,m,false,hrad,A2,"misc,abstract",projekt,projektu,projektu,projekt,projekte,projektu,projektem,projekty,projektů,projektům,projekty,projekty,projektech,projekty
jazyk,language,m,false,hrad,A1,"misc,abstract",jazyk,jazyka,jazyku,jazyk,jazyku,jazyku,jazykem,jazyky,jazyků,jazykům,jazyky,jazyky,jazycích,jazyky
přístup,approach,m,false,hrad,B1,"misc,abstract",přístup,přístupu,přístupu,přístup,přístupe,přístupu,přístupem,přístupy,přístupů,přístupům,přístupy,přístupy,přístupech,přístupy
návrh,proposal,m,false,hrad,A2,"misc,abstract",návrh,návrhu,návrhu,návrh,návrhu,návrhu,návrhem,návrhy,návrhů,návrhům,návrhy,návrhy,návrzích,návrhy
náklad,expense,m,false,hrad,A2,"misc,abstract",náklad,nákladu,nákladu,náklad,náklade,nákladu,nákladem,náklady,nákladů,nákladům,náklady,náklady,nákladech,náklady
výkon,performance,m,false,hrad,B1,abstract,výkon,výkonu,výkonu,výkon,výkone,výkonu,výkonem,výkony,výkonů,výkonům,výkony,výkony,výkonech,výkony
vlas,hair,m,false,hrad,A1,body,vlas,vlasu,vlasu,vlas,vlase,vlase,vlasem,vlasy,vlasů,vlasům,vlasy,vlasy,vlasech,vlasy
strach,fear,m,false,hrad,A1,"misc,abstract,feeling",strach,strachu,strachu,strach,strachu,strachu,strachem,strachy,strachů,strachům,strachy,strachy,straších,strachy
závěr,conclusion,m,false,hrad,B1,"misc,abstract",závěr,závěru,závěru,závěr,závěre,závěru,závěrem,závěry,závěrů,závěrům,závěry,závěry,závěrech,závěry
průběh,course,m,false,hrad,B1,"misc,abstract",průběh,průběhu,průběhu,průběh,průběhu,průběhu,průběhem,průběhy,průběhů,průběhům,průběhy,průběhy,průbězích,průběhy
volba,election,f,false,žena,B1,"misc,event",volba,volby,volbě,volbu,volbo,volbě,volbou,volby,voleb,volbám,volby,volby,volbách,volbami
řízení,proceeding,n,false,stavení,B1,"misc,abstract",řízení,řízení,řízení,řízení,řízení,řízení,řízením,řízení,řízení,řízením,řízení,řízení,řízeních,řízeními
podpora,support,f,false,žena,B1,"misc,abstract",podpora,podpory,podpoře,podporu,podporo,podpoře,podporou,podpory,podpor,podporám,podpory,podpory,podporách,podporami
klub,club,m,false,hrad,A1,"misc,places,v_place",klub,klubu,klubu,klub,klube,klubu,klubem,kluby,klubů,klubům,kluby,kluby,klubech,kluby
let,flight,m,false,hrad,A1,transportation,let,letu,letu,let,lete,letu,letem,lety,letů,letům,lety,lety,letech,lety
zařízení,facility,n,false,stavení,B1,"misc,abstract",zařízení,zařízení,zařízení,zařízení,zařízení,zařízení,zařízením,zařízení,zařízení,zařízením,zařízení,zařízení,zařízeních,zařízeními
schopnost,ability,f,false,kost,B1,"misc,abstract",schopnost,schopnosti,schopnosti,schopnost,schopnosti,schopnosti,schopností,schopnosti,schopností,schopnostem,schopnosti,schopnosti,schopnostech,schopnostmi
stovka,hundred,f,false,žena,A1,"misc,abstract",stovka,stovky,stovce,stovku,stovko,stovce,stovkou,stovky,stovek,stovkám,stovky,stovky,stovkách,stovkami
kraj,region,m,false,stroj,A2,"places,v_place",kraj,kraje,kraji,kraj,kraji,kraji,krajem,kraje,krajů,krajům,kraje,kraje,krajích,kraji
název,title,m,false,hrad,A1,"misc,abstract",název,názvu,názvu,název,názve,názvu,názvem,názvy,názvů,názvům,názvy,názvy,názvech,názvy
máma,mum,f,false,žena,A1,family,máma,mámy,mámě,mámu,mámo,mámě,mámou,mámy,mám,mámám,mámy,mámy,mámách,mámami
šéf,boss,m,true,pán,A1,"misc,people",šéf,šéfa,šéfovi,šéfa,šéfe,šéfovi,šéfem,šéfové,šéfů,šéfům,šéfy,šéfové,šéfech,šéfy
pozornost,attention,f,false,kost,B1,"misc,abstract",pozornost,pozornosti,pozornosti,pozornost,pozornosti,pozornosti,pozorností,pozornosti,pozorností,pozornostem,pozornosti,pozornosti,pozornostech,pozornostmi
zima,winter,f,false,žena,A1,"time,nature,season",zima,zimy,zimě,zimu,zimo,zimě,zimou,zimy,zim,zimám,zimy,zimy,zimách,zimami
prezident,president,m,true,pán,B1,"misc,people,profession",prezident,prezidenta,prezidentovi,prezidenta,prezidente,prezidentovi,prezidentem,prezidenti,prezidentů,prezidentům,prezidenty,prezidenti,prezidentech,prezidenty
politika,politics,f,false,žena,B1,"misc,abstract",politika,politiky,politice,politiku,politiko,politice,politikou,politiky,politik,politikám,politiky,politiky,politikách,politikami
sobota,Saturday,f,false,žena,A1,"time,calendar_unit",sobota,soboty,sobotě,sobotu,soboto,sobotě,sobotou,soboty,sobot,sobotám,soboty,soboty,sobotách,sobotami
souvislost,connection,f,false,kost,B1,"misc,abstract",souvislost,souvislosti,souvislosti,souvislost,souvislosti,souvislosti,souvislostí,souvislosti,souvislostí,souvislostem,souvislosti,souvislosti,souvislostech,souvislostmi
důsledek,consequence,m,false,hrad,A2,"misc,abstract",důsledek,důsledku,důsledku,důsledek,důsledku,důsledku,důsledkem,důsledky,důsledků,důsledkům,důsledky,důsledky,důsledcích,důsledky
zbytek,rest,m,false,hrad,A1,"misc,abstract",zbytek,zbytku,zbytku,zbytek,zbytku,zbytku,zbytkem,zbytky,zbytků,zbytkům,zbytky,zbytky,zbytcích,zbytky
příležitost,opportunity,f,false,kost,B1,"misc,abstract",příležitost,příležitosti,příležitosti,příležitost,příležitosti,příležitosti,příležitostí,příležitosti,příležitostí,příležitostem,příležitosti,příležitosti,příležitostech,příležitostmi
předmět,subject,m,false,hrad,A2,"misc,abstract",předmět,předmětu,předmětu,předmět,předměte,předmětě,předmětem,předměty,předmětů,předmětům,předměty,předměty,předmětech,předměty
řeč,speech,f,false,kost,A2,"misc,abstract",řeč,řeči,řeči,řeč,řeči,řeči,řečí,řeči,řečí,řečem,řeči,řeči,řečech,řečmi
boj,fight,m,false,stroj,A2,"misc,event",boj,boje,boji,boj,boji,boji,bojem,boje,bojů,bojům,boje,boje,bojích,boji
požadavek,demand,m,false,hrad,B1,abstract,požadavek,požadavku,požadavku,požadavek,požadavku,požadavku,požadavkem,požadavky,požadavků,požadavkům,požadavky,požadavky,požadavcích,požadavky
výroba,production,f,false,žena,B1,"misc,abstract",výroba,výroby,výrobě,výrobu,výrobo,výrobě,výrobou,výroby,výrob,výrobám,výroby,výroby,výrobách,výrobami
ministr,minister,m,true,pán,B1,"misc,people,profession",ministr,ministra,ministrovi,ministra,ministře,ministrovi,ministrem,ministři,ministrů,ministrům,ministry,ministři,ministrech,ministry
hledisko,position,n,false,město,A2,"misc,abstract",hledisko,hlediska,hledisku,hledisko,hledisko,hledisku,hlediskem,hlediska,hledisek,hlediskům,hlediska,hlediska,hlediskách,hledisky
téma,theme,n,false,město,A1,"misc,abstract",téma,tématu,tématu,téma,téma,tématu,tématem,témata,témat,tématům,témata,témata,tématech,tématy
stavba,construction,f,false,žena,A2,"misc,abstract",stavba,stavby,stavbě,stavbu,stavbo,stavbě,stavbou,stavby,staveb,stavbám,stavby,stavby,stavbách,stavbami
vzduch,air,m,false,hrad,A2,"misc,abstract",vzduch,vzduchu,vzduchu,vzduch,vzduchu,vzduchu,vzduchem,vzduchy,vzduchů,vzduchům,vzduchy,vzduchy,vzduších,vzduchy
obyvatel,inhabitant,m,true,muž,B1,"misc,people",obyvatel,obyvatele,obyvateli,obyvatele,obyvateli,obyvateli,obyvatelem,obyvatelé,obyvatelů,obyvatelům,obyvatele,obyvatelé,obyvatelích,obyvateli
rameno,shoulder,n,false,město,A1,"body,surface_body",rameno,ramena,ramenu,rameno,rameno,ramenu,ramenem,ramena,ramen,ramenům,ramena,ramena,ramenech,rameny
snaha,effort,f,false,žena,B1,"misc,abstract",snaha,snahy,snaze,snahu,snaho,snaze,snahou,snahy,snah,snahám,snahy,snahy,snahách,snahami
prst,finger,m,false,hrad,A1,"body,surface_body",prst,prstu,prstu,prst,prste,prstě,prstem,prsty,prstů,prstům,prsty,prsty,prstech,prsty
pátek,Friday,m,false,hrad,A1,"time,calendar_unit",pátek,pátku,pátku,pátek,pátku,pátku,pátkem,pátky,pátků,pátkům,pátky,pátky,pátcích,pátky
třída,class,f,false,žena,A1,"misc,abstract",třída,třídy,třídě,třídu,třído,třídě,třídou,třídy,tříd,třídám,třídy,třídy,třídách,třídami
pole,field,n,false,moře,A2,"nature,places,na_place",pole,pole,poli,pole,pole,poli,polem,pole,polí,polím,pole,pole,polích,poli
kvalita,quality,f,false,žena,B1,"misc,abstract",kvalita,kvality,kvalitě,kvalitu,kvalito,kvalitě,kvalitou,kvality,kvalit,kvalitám,kvality,kvality,kvalitách,kvalitami
pořádek,order,m,false,hrad,A1,"misc,abstract",pořádek,pořádku,pořádku,pořádek,pořádku,pořádku,pořádkem,pořádky,pořádků,pořádkům,pořádky,pořádky,pořádcích,pořádky
ministerstvo,ministry,n,false,město,B1,"misc,places,na_place",ministerstvo,ministerstva,ministerstvu,ministerstvo,ministerstvo,ministerstvu,ministerstvem,ministerstva,ministerstev,ministerstvům,ministerstva,ministerstva,ministerstvech,ministerstvy
událost,event,f,false,kost,B1,"misc,abstract",událost,události,události,událost,události,události,událostí,události,událostí,událostem,události,události,událostech,událostmi
divadlo,theatre,n,false,město,A1,"places,v_place",divadlo,divadla,divadlu,divadlo,divadlo,divadle,divadlem,divadla,divadel,divadlům,divadla,divadla,divadlech,divadly
vůz,vehicle,m,false,hrad,A2,"transportation,vehicle",vůz,vozu,vozu,vůz,voze,voze,vozem,vozy,vozů,vozům,vozy,vozy,vozech,vozy
návštěva,visit,f,false,žena,A2,"misc,abstract",návštěva,návštěvy,návštěvě,návštěvu,návštěvo,návštěvě,návštěvou,návštěvy,návštěv,návštěvám,návštěvy,návštěvy,návštěvách,návštěvami
okolí,surroundings,n,false,stavení,A2,"misc,abstract",okolí,okolí,okolí,okolí,okolí,okolí,okolím,okolí,okolí,okolím,okolí,okolí,okolích,okolími
síť,network,f,false,píseň,B1,"misc,abstract",síť,sítě,síti,síť,síti,síti,sítí,sítě,sítí,sítím,sítě,sítě,sítích,sítěmi
budova,building,f,false,žena,A1,"places,v_place",budova,budovy,budově,budovu,budovo,budově,budovou,budovy,budov,budovám,budovy,budovy,budovách,budovami
klid,calm,m,false,hrad,A1,"misc,abstract,feeling",klid,klidu,klidu,klid,klide,klidu,klidem,klidy,klidů,klidům,klidy,klidy,klidech,klidy
list,leaf,m,false,hrad,A1,"nature,flora",list,listu,listu,list,liste,listě,listem,listy,listů,listům,listy,listy,listech,listy
historie,history,f,false,růže,A2,"misc,abstract",historie,historie,historii,historii,historie,historii,historií,historie,historií,historiím,historie,historie,historiích,historiemi
chyba,mistake,f,false,žena,A1,"misc,abstract",chyba,chyby,chybě,chybu,chybo,chybě,chybou,chyby,chyb,chybám,chyby,chyby,chybách,chybami
lékař,doctor,m,true,muž,A2,"misc,people,profession",lékař,lékaře,lékaři,lékaře,lékaři,lékaři,lékařem,lékaři,lékařů,lékařům,lékaře,lékaři,lékařích,lékaři
ochrana,protection,f,false,žena,B1,"misc,abstract",ochrana,ochrany,ochraně,ochranu,ochrano,ochraně,ochranou,ochrany,ochran,ochranám,ochrany,ochrany,ochranách,ochranami
nemocnice,hospital,f,false,růže,A1,"places,v_place",nemocnice,nemocnice,nemocnici,nemocnici,nemocnice,nemocnici,nemocnicí,nemocnice,nemocnic,nemocnicím,nemocnice,nemocnice,nemocnicích,nemocnicemi
soutěž,contest,f,false,píseň,A2,"misc,abstract",soutěž,soutěže,soutěži,soutěž,soutěži,soutěži,soutěží,soutěže,soutěží,soutěžím,soutěže,soutěže,soutěžích,soutěžemi
šance,chance,f,false,růže,A2,"misc,abstract",šance,šance,šanci,šanci,šance,šanci,šancí,šance,šancí,šancím,šance,šance,šancích,šancemi
čelo,forehead,n,false,město,A1,"body,surface_body",čelo,čela,čelu,čelo,čelo,čele,čelem,čela,čel,čelům,čela,čela,čelech,čely
pokus,attempt,m,false,hrad,B1,"misc,abstract",pokus,pokusu,pokusu,pokus,pokuse,pokuse,pokusem,pokusy,pokusů,pokusům,pokusy,pokusy,pokusech,pokusy
zástupce,deputy,m,true,soudce,B2,"misc,people",zástupce,zástupce,zástupci,zástupce,zástupce,zástupci,zástupcem,zástupci,zástupců,zástupcům,zástupce,zástupci,zástupcích,zástupci
tým,team,m,false,hrad,A1,"misc,abstract",tým,týmu,týmu,tým,týme,týmu,týmem,týmy,týmů,týmům,týmy,týmy,týmech,týmy
stupeň,level,m,false,stroj,A2,"misc,abstract",stupeň,stupně,stupni,stupeň,stupni,stupni,stupněm,stupně,stupňů,stupňům,stupně,stupně,stupních,stupni
metoda,method,f,false,žena,B1,"misc,abstract",metoda,metody,metodě,metodu,metodo,metodě,metodou,metody,metod,metodám,metody,metody,metodách,metodami
příprava,preparation,f,false,žena,A2,"misc,abstract",příprava,přípravy,přípravě,přípravu,přípravo,přípravě,přípravou,přípravy,příprav,přípravám,přípravy,přípravy,přípravách,přípravami
majitel,owner,m,true,muž,B1,"misc,people",majitel,majitele,majiteli,majitele,majiteli,majiteli,majitelem,majitelé,majitelů,majitelům,majitele,majitelé,majitelích,majiteli
pravidlo,rule,n,false,město,A2,"misc,abstract,readable",pravidlo,pravidla,pravidlu,pravidlo,pravidlo,pravidle,pravidlem,pravidla,pravidel,pravidlům,pravidla,pravidla,pravidlech,pravidly
krev,blood,f,false,píseň,A2,body,krev,krve,krvi,krev,krvi,krvi,krví,krve,krví,krvím,krve,krve,krvích,krvemi
desítka,ten,f,false,žena,A1,"misc,abstract",desítka,desítky,desítce,desítku,desítko,desítce,desítkou,desítky,desítek,desítkám,desítky,desítky,desítkách,desítkami
postel,bed,f,false,píseň,A1,"objects,sittable",postel,postele,posteli,postel,posteli,posteli,postelí,postele,postelí,postelím,postele,postele,postelích,postelemi
nabídka,offer,f,false,žena,A2,"misc,abstract",nabídka,nabídky,nabídce,nabídku,nabídko,nabídce,nabídkou,nabídky,nabídek,nabídkám,nabídky,nabídky,nabídkách,nabídkami
září,September,n,false,stavení,A1,"time,calendar_unit",září,září,září,září,září,září,zářím,září,září,zářím,září,září,zářích,zářími
zahrada,garden,f,false,žena,A1,"nature,places,na_place",zahrada,zahrady,zahradě,zahradu,zahrado,zahradě,zahradou,zahrady,zahrad,zahradám,zahrady,zahrady,zahradách,zahradami
ztráta,loss,f,false,žena,B1,"misc,abstract",ztráta,ztráty,ztrátě,ztrátu,ztráto,ztrátě,ztrátou,ztráty,ztrát,ztrátám,ztráty,ztráty,ztrátách,ztrátami
umění,art,n,false,stavení,A2,"misc,abstract",umění,umění,umění,umění,umění,umění,uměním,umění,umění,uměním,umění,umění,uměních,uměními
záležitost,concern,f,false,kost,A2,"misc,abstract",záležitost,záležitosti,záležitosti,záležitost,záležitosti,záležitosti,záležitostí,záležitosti,záležitostí,záležitostem,záležitosti,záležitosti,záležitostech,záležitostmi
rozvoj,development,m,false,stroj,B1,"misc,abstract",rozvoj,rozvoje,rozvoji,rozvoj,rozvoji,rozvoji,rozvojem,rozvoje,rozvojů,rozvojům,rozvoje,rozvoje,rozvojích,rozvoji
kontrola,control,f,false,žena,A2,"misc,abstract",kontrola,kontroly,kontrole,kontrolu,kontrolo,kontrole,kontrolou,kontroly,kontrol,kontrolám,kontroly,kontroly,kontrolách,kontrolami
předseda,chairman,m,true,předseda,A2,"misc,people",předseda,předsedy,předsedovi,předsedu,předsedo,předsedovi,předsedou,předsedové,předsedů,předsedům,předsedy,předsedové,předsedech,předsedy
text,text,m,false,hrad,A1,"misc,readable",text,textu,textu,text,texte,textu,textem,texty,textů,textům,texty,texty,textech,texty
chvilka,a (little) while,f,false,žena,A1,"misc,time,duration",chvilka,chvilky,chvilce,chvilku,chvilko,chvilce,chvilkou,chvilky,chvilek,chvilkám,chvilky,chvilky,chvilkách,chvilkami
obec,village,f,false,píseň,A1,"places,v_place",obec,obce,obci,obec,obci,obci,obcí,obce,obcí,obcím,obce,obce,obcích,obcemi
dívka,girl,f,false,žena,A1,"family,people",dívka,dívky,dívce,dívku,dívko,dívce,dívkou,dívky,dívek,dívkám,dívky,dívky,dívkách,dívkami
obličej,face,m,false,stroj,B2,"body,surface_body",obličej,obličeje,obličeji,obličej,obličeji,obličeji,obličejem,obličeje,obličejů,obličejům,obličeje,obličeje,obličejích,obličeji
studium,study,n,false,město,A2,"misc,abstract",studium,studia,studiu,studium,studium,studiu,studiem,studia,studií,studiím,studia,studia,studiích,studii
minulost,past,f,false,kost,B1,"time,era",minulost,minulosti,minulosti,minulost,minulosti,minulosti,minulostí,minulosti,minulostí,minulostem,minulosti,minulosti,minulostech,minulostmi
ohled,respect,m,false,hrad,A2,"misc,abstract",ohled,ohledu,ohledu,ohled,ohlede,ohledu,ohledem,ohledy,ohledů,ohledům,ohledy,ohledy,ohledech,ohledy
občan,citizen,m,true,pán,A2,"misc,people",občan,občana,občanovi,občana,občane,občanovi,občanem,občané,občanů,občanům,občany,občané,občanech,občany
chuť,flavour,f,false,píseň,A2,"misc,abstract",chuť,chutě,chuti,chuť,chuti,chuti,chutí,chutě,chutí,chutím,chutě,chutě,chutích,chutěmi
technika,technology,f,false,žena,A2,"misc,abstract",technika,techniky,technice,techniku,techniko,technice,technikou,techniky,technik,technikám,techniky,techniky,technikách,technikami
rozhovor,conversation,m,false,hrad,A2,"misc,abstract",rozhovor,rozhovoru,rozhovoru,rozhovor,rozhovore,rozhovoru,rozhovorem,rozhovory,rozhovorů,rozhovorům,rozhovory,rozhovory,rozhovorech,rozhovory
veřejnost,public,f,false,kost,B1,"misc,abstract",veřejnost,veřejnosti,veřejnosti,veřejnost,veřejnosti,veřejnosti,veřejností,veřejnosti,veřejností,veřejnostem,veřejnosti,veřejnosti,veřejnostech,veřejnostmi
příčina,cause,f,false,žena,B1,"misc,abstract",příčina,příčiny,příčině,příčinu,příčino,příčině,příčinou,příčiny,příčin,příčinám,příčiny,příčiny,příčinách,příčinami
dopis,letter,m,false,hrad,A1,"objects,readable,portable",dopis,dopisu,dopisu,dopis,dopise,dopise,dopisem,dopisy,dopisů,dopisům,dopisy,dopisy,dopisech,dopisy
postava,figure,f,false,žena,A2,"misc,abstract",postava,postavy,postavě,postavu,postavo,postavě,postavou,postavy,postav,postavám,postavy,postavy,postavách,postavami
praxe,practice,f,false,růže,B1,"misc,abstract",praxe,praxe,praxi,praxi,praxe,praxi,praxí,praxe,praxí,praxím,praxe,praxe,praxích,praxemi
zaměstnanec,employee,m,true,muž,A2,"misc,people,profession",zaměstnanec,zaměstnance,zaměstnanci,zaměstnance,zaměstnanče,zaměstnanci,zaměstnancem,zaměstnanci,zaměstnanců,zaměstnancům,zaměstnance,zaměstnanci,zaměstnancích,zaměstnanci
vstup,entrance,m,false,hrad,A2,"misc,abstract",vstup,vstupu,vstupu,vstup,vstupe,vstupu,vstupem,vstupy,vstupů,vstupům,vstupy,vstupy,vstupech,vstupy
kultura,culture,f,false,žena,A2,"misc,abstract",kultura,kultury,kultuře,kulturu,kulturo,kultuře,kulturou,kultury,kultur,kulturám,kultury,kultury,kulturách,kulturami
dojem,impression,m,false,hrad,B1,"misc,abstract,feeling",dojem,dojmu,dojmu,dojem,dojme,dojmu,dojmem,dojmy,dojmů,dojmům,dojmy,dojmy,dojmech,dojmy
aktivita,activity,f,false,žena,A2,"misc,abstract",aktivita,aktivity,aktivitě,aktivitu,aktivito,aktivitě,aktivitou,aktivity,aktivit,aktivitám,aktivity,aktivity,aktivitách,aktivitami
spolupráce,cooperation,f,false,růže,B1,"misc,abstract",spolupráce,spolupráce,spolupráci,spolupráci,spolupráce,spolupráci,spoluprací,spolupráce,spoluprací,spolupracím,spolupráce,spolupráce,spolupracích,spolupracemi
hudba,music,f,false,žena,A1,"misc,abstract",hudba,hudby,hudbě,hudbu,hudbo,hudbě,hudbou,hudby,hudeb,hudbám,hudby,hudby,hudbách,hudbami
banka,bank,f,false,žena,A2,"places,v_place",banka,banky,bance,banku,banko,bance,bankou,banky,bank,bankám,banky,banky,bankách,bankami
provoz,operation,m,false,hrad,B1,"misc,abstract",provoz,provozu,provozu,provoz,provoze,provoze,provozem,provozy,provozů,provozům,provozy,provozy,provozech,provozy
odborník,expert,m,true,pán,B1,"misc,people",odborník,odborníka,odborníkovi,odborníka,odborníku,odborníkovi,odborníkem,odborníci,odborníků,odborníkům,odborníky,odborníci,odbornících,odborníky
tlak,pressure,m,false,hrad,B1,"misc,abstract,feeling",tlak,tlaku,tlaku,tlak,tlaku,tlaku,tlakem,tlaky,tlaků,tlakům,tlaky,tlaky,tlacích,tlaky
stěna,wall,f,false,žena,A1,objects,stěna,stěny,stěně,stěnu,stěno,stěně,stěnou,stěny,stěn,stěnám,stěny,stěny,stěnách,stěnami
pracovník,worker,m,true,pán,A1,"misc,people,profession",pracovník,pracovníka,pracovníkovi,pracovníka,pracovníku,pracovníkovi,pracovníkem,pracovníci,pracovníků,pracovníkům,pracovníky,pracovníci,pracovnících,pracovníky
zeď,wall,f,false,kost,A2,objects,zeď,zdi,zdi,zeď,zdi,zdi,zdí,zdi,zdí,zdím,zdi,zdi,zdech,zdmi
silnice,road,f,false,růže,A2,"places,na_place",silnice,silnice,silnici,silnici,silnice,silnici,silnicí,silnice,silnic,silnicím,silnice,silnice,silnicích,silnicemi
obsah,content,m,false,hrad,B1,"misc,abstract",obsah,obsahu,obsahu,obsah,obsahu,obsahu,obsahem,obsahy,obsahů,obsahům,obsahy,obsahy,obsazích,obsahy
kamarád,friend,m,true,pán,A1,"misc,people",kamarád,kamaráda,kamarádovi,kamaráda,kamaráde,kamarádovi,kamarádem,kamarádové,kamarádů,kamarádům,kamarády,kamarádové,kamarádech,kamarády
naděje,hope,f,false,růže,B1,"misc,abstract,feeling",naděje,naděje,naději,naději,naděje,naději,nadějí,naděje,nadějí,nadějím,naděje,naděje,nadějích,nadějemi
chlap,man,m,true,pán,A1,"misc,people",chlap,chlapa,chlapovi,chlapa,chlape,chlapovi,chlapem,chlapi,chlapů,chlapům,chlapy,chlapi,chlapech,chlapy
zvíře,animal,n,false,kuře,A1,animals,zvíře,zvířete,zvířeti,zvíře,zvíře,zvířeti,zvířetem,zvířata,zvířat,zvířatům,zvířata,zvířata,zvířatech,zvířaty
chování,behaviour,n,false,stavení,A2,"misc,abstract",chování,chování,chování,chování,chování,chování,chováním,chování,chování,chováním,chování,chování,chováních,chováními
struktura,structure,f,false,žena,B1,"misc,abstract",struktura,struktury,struktuře,strukturu,strukturo,struktuře,strukturou,struktury,struktur,strukturám,struktury,struktury,strukturách,strukturami
maminka,mum,f,false,žena,A1,family,maminka,maminky,mamince,maminku,maminko,mamince,maminkou,maminky,maminek,maminkám,maminky,maminky,maminkách,maminkami
vznik,origin,m,false,hrad,B1,"misc,abstract",vznik,vzniku,vzniku,vznik,vzniku,vzniku,vznikem,vzniky,vzniků,vznikům,vzniky,vzniky,vznicích,vzniky
článek,article,m,false,hrad,A2,"misc,abstract,readable",článek,článku,článku,článek,článku,článku,článkem,články,článků,článkům,články,články,článcích,články
pondělí,Monday,n,false,stavení,A1,"time,calendar_unit",pondělí,pondělí,pondělí,pondělí,pondělí,pondělí,pondělím,pondělí,pondělí,pondělím,pondělí,pondělí,pondělích,pondělími
povinnost,duty,f,false,kost,B1,"misc,abstract",povinnost,povinnosti,povinnosti,povinnost,povinnosti,povinnosti,povinností,povinnosti,povinností,povinnostem,povinnosti,povinnosti,povinnostech,povinnostmi
energie,energy,f,false,růže,A2,"misc,abstract",energie,energie,energii,energii,energie,energii,energií,energie,energií,energiím,energie,energie,energiích,energiemi
starost,worry,f,false,kost,A1,"misc,abstract,feeling",starost,starosti,starosti,starost,starosti,starosti,starostí,starosti,starostí,starostem,starosti,starosti,starostech,starostmi
sen,dream,m,false,hrad,A1,"misc,abstract",sen,snu,snu,sen,sne,snu,snem,sny,snů,snům,sny,sny,snech,sny
výše,height,f,false,růže,A1,"misc,abstract",výše,výše,výši,výši,výše,výši,výší,výše,výší,výším,výše,výše,výších,výšemi
úvaha,consideration,f,false,žena,B1,"misc,abstract",úvaha,úvahy,úvaze,úvahu,úvaho,úvaze,úvahou,úvahy,úvah,úvahám,úvahy,úvahy,úvahách,úvahami
území,area,n,false,stavení,B1,"places,na_place",území,území,území,území,území,území,územím,území,území,územím,území,území,územích,územími
výraz,expression,m,false,hrad,B1,"misc,abstract",výraz,výrazu,výrazu,výraz,výraze,výraze,výrazem,výrazy,výrazů,výrazům,výrazy,výrazy,výrazech,výrazy
poměr,ratio,m,false,hrad,B1,"misc,abstract",poměr,poměru,poměru,poměr,poměre,poměru,poměrem,poměry,poměrů,poměrům,poměry,poměry,poměrech,poměry
příběh,story,m,false,hrad,B1,"misc,readable",příběh,příběhu,příběhu,příběh,příběhu,příběhu,příběhem,příběhy,příběhů,příběhům,příběhy,příběhy,příbězích,příběhy
kancelář,office,f,false,píseň,A1,"places,v_place,indoor",kancelář,kanceláře,kanceláři,kancelář,kanceláři,kanceláři,kanceláří,kanceláře,kanceláří,kancelářím,kanceláře,kanceláře,kancelářích,kancelářemi
výhoda,advantage,f,false,žena,B1,"misc,abstract",výhoda,výhody,výhodě,výhodu,výhodo,výhodě,výhodou,výhody,výhod,výhodám,výhody,výhody,výhodách,výhodami
osud,fate,m,false,hrad,B1,"misc,abstract",osud,osudu,osudu,osud,osude,osudu,osudem,osudy,osudů,osudům,osudy,osudy,osudech,osudy
spojení,connection,n,false,stavení,B1,"misc,abstract",spojení,spojení,spojení,spojení,spojení,spojení,spojením,spojení,spojení,spojením,spojení,spojení,spojeních,spojeními
kolega,colleague,m,true,předseda,A1,"misc,people",kolega,kolegy,kolegovi,kolegu,kolego,kolegovi,kolegou,kolegové,kolegů,kolegům,kolegy,kolegové,kolezích,kolegy
prvek,element,m,false,hrad,B1,"misc,abstract",prvek,prvku,prvku,prvek,prvku,prvku,prvkem,prvky,prvků,prvkům,prvky,prvky,prvcích,prvky
princip,principle,m,false,hrad,B1,"misc,abstract",princip,principu,principu,princip,principe,principu,principem,principy,principů,principům,principy,principy,principech,principy
doktor,doctor,m,true,pán,A1,"misc,people,profession",doktor,doktora,doktorovi,doktora,doktore,doktorovi,doktorem,doktoři,doktorů,doktorům,doktory,doktoři,doktorech,doktory
nedostatek,lack,m,false,hrad,A2,"misc,abstract",nedostatek,nedostatku,nedostatku,nedostatek,nedostatku,nedostatku,nedostatkem,nedostatky,nedostatků,nedostatkům,nedostatky,nedostatky,nedostatcích,nedostatky
útok,attack,m,false,hrad,B1,"misc,abstract",útok,útoku,útoku,útok,útoku,útoku,útokem,útoky,útoků,útokům,útoky,útoky,útocích,útoky
výjimka,exception,f,false,žena,A2,"misc,abstract",výjimka,výjimky,výjimce,výjimku,výjimko,výjimce,výjimkou,výjimky,výjimek,výjimkám,výjimky,výjimky,výjimkách,výjimkami
zkouška,test,f,false,žena,A2,"misc,abstract",zkouška,zkoušky,zkoušce,zkoušku,zkouško,zkoušce,zkouškou,zkoušky,zkoušek,zkouškám,zkoušky,zkoušky,zkouškách,zkouškami
host,guest,m,true,pán,A1,"misc,people",host,hosta,hostovi,hosta,hoste,hostovi,hostem,hosté,hostů,hostům,hosty,hosté,hostech,hosty
látka,fabric,f,false,žena,A1,"misc,abstract",látka,látky,látce,látku,látko,látce,látkou,látky,látek,látkám,látky,látky,látkách,látkami
pohoda,contentment,f,false,žena,A2,"misc,abstract,feeling",pohoda,pohody,pohodě,pohodu,pohodo,pohodě,pohodou,pohody,pohod,pohodám,pohody,pohody,pohodách,pohodami
budoucnost,future,f,false,kost,B1,"time,era",budoucnost,budoucnosti,budoucnosti,budoucnost,budoucnosti,budoucnosti,budoucností,budoucnosti,budoucností,budoucnostem,budoucnosti,budoucnosti,budoucnostech,budoucnostmi
velikost,size,f,false,kost,A1,"misc,abstract",velikost,velikosti,velikosti,velikost,velikosti,velikosti,velikostí,velikosti,velikostí,velikostem,velikosti,velikosti,velikostech,velikostmi
leden,January,m,false,hrad,A1,"time,calendar_unit",leden,ledna,lednu,leden,ledne,lednu,lednem,ledny,lednů,lednům,ledny,ledny,lednech,ledny
nástroj,tool,m,false,stroj,A2,objects,nástroj,nástroje,nástroji,nástroj,nástroji,nástroji,nástrojem,nástroje,nástrojů,nástrojům,nástroje,nástroje,nástrojích,nástroji
obor,profession,m,false,hrad,B1,"misc,abstract",obor,oboru,oboru,obor,obore,oboru,oborem,obory,oborů,oborům,obory,obory,oborech,obory
model,model,m,false,hrad,B1,"misc,abstract",model,modelu,modelu,model,modele,modelu,modelem,modely,modelů,modelům,modely,modely,modelech,modely
styl,style,m,false,hrad,A2,"misc,abstract",styl,stylu,stylu,styl,style,stylu,stylem,styly,stylů,stylům,styly,styly,stylech,styly
kámen,stone,m,false,stroj,A1,"nature,sittable",kámen,kamene,kameni,kámen,kameni,kameni,kamenem,kameny,kamenů,kamenům,kameny,kameny,kamenech,kameny
jednotka,unit,f,false,žena,B1,"misc,abstract",jednotka,jednotky,jednotce,jednotku,jednotko,jednotce,jednotkou,jednotky,jednotek,jednotkám,jednotky,jednotky,jednotkách,jednotkami
víkend,weekend,m,false,hrad,A1,"time,calendar_unit",víkend,víkendu,víkendu,víkend,víkende,víkendu,víkendem,víkendy,víkendů,víkendům,víkendy,víkendy,víkendech,víkendy
pozice,position,f,false,růže,A2,"misc,abstract",pozice,pozice,pozici,pozici,pozice,pozici,pozicí,pozice,pozic,pozicím,pozice,pozice,pozicích,pozicemi
rána,wound,f,false,žena,A1,"misc,abstract",rána,rány,ráně,ránu,ráno,ráně,ránou,rány,ran,ránám,rány,rány,ránách,ránami
dispozice,disposal,f,false,růže,B1,"misc,abstract",dispozice,dispozice,dispozici,dispozici,dispozice,dispozici,dispozicí,dispozice,dispozic,dispozicím,dispozice,dispozice,dispozicích,dispozicemi
krk,neck,m,false,hrad,A1,"body,surface_body",krk,krku,krku,krk,krku,krku,krkem,krky,krků,krkům,krky,krky,krcích,krky
prodej,sale,m,false,stroj,A2,"misc,abstract",prodej,prodeje,prodeji,prodej,prodeji,prodeji,prodejem,prodeje,prodejů,prodejům,prodeje,prodeje,prodejích,prodeji
údaj,(a piece of) information,m,false,stroj,A2,"misc,abstract",údaj,údaje,údaji,údaj,údaji,údaji,údajem,údaje,údajů,údajům,údaje,údaje,údajích,údaji
podíl,share,m,false,hrad,B1,"misc,abstract",podíl,podílu,podílu,podíl,podíle,podílu,podílem,podíly,podílů,podílům,podíly,podíly,podílech,podíly
účel,purpose,m,false,hrad,B1,"misc,abstract",účel,účelu,účelu,účel,účele,účelu,účelem,účely,účelů,účelům,účely,účely,účelech,účely
tvar,shape,m,false,hrad,B1,"misc,abstract",tvar,tvaru,tvaru,tvar,tvare,tvaru,tvarem,tvary,tvarů,tvarům,tvary,tvary,tvarech,tvary
příroda,nature,f,false,žena,B1,nature,příroda,přírody,přírodě,přírodu,přírodo,přírodě,přírodou,přírody,přírod,přírodám,přírody,přírody,přírodách,přírodami
postavení,status,n,false,stavení,B1,"misc,abstract",postavení,postavení,postavení,postavení,postavení,postavení,postavením,postavení,postavení,postavením,postavení,postavení,postaveních,postaveními
duše,soul,f,false,růže,B1,"misc,abstract",duše,duše,duši,duši,duše,duši,duší,duše,duší,duším,duše,duše,duších,dušemi
půda,land,f,false,žena,A1,"places,na_place",půda,půdy,půdě,půdu,půdo,půdě,půdou,půdy,půd,půdám,půdy,půdy,půdách,půdami
doprava,transport,f,false,žena,A2,transportation,doprava,dopravy,dopravě,dopravu,dopravo,dopravě,dopravou,dopravy,doprav,dopravám,dopravy,dopravy,dopravách,dopravami
ráno,morning,n,false,město,A1,"time,calendar_unit",ráno,rána,ránu,ráno,ráno,ránu,ránem,rána,rán,ránům,rána,rána,ránech,rány
scéna,scene,f,false,žena,B1,"misc,abstract",scéna,scény,scéně,scénu,scéno,scéně,scénou,scény,scén,scénám,scény,scény,scénách,scénami
projev,expression,m,false,hrad,B1,"misc,abstract",projev,projevu,projevu,projev,projeve,projevu,projevem,projevy,projevů,projevům,projevy,projevy,projevech,projevy
moc,power,f,false,kost,B1,"misc,abstract",moc,moci,moci,moc,moci,moci,mocí,moci,mocí,mocím,moci,moci,mocích,mocemi
kilometr,kilometre,m,false,hrad,A1,"misc,abstract",kilometr,kilometru,kilometru,kilometr,kilometre,kilometru,kilometrem,kilometry,kilometrů,kilometrům,kilometry,kilometry,kilometrech,kilometry
proud,stream,m,false,hrad,B1,"misc,abstract",proud,proudu,proudu,proud,proude,proudu,proudem,proudy,proudů,proudům,proudy,proudy,proudech,proudy
výběr,selection,m,false,hrad,B1,"misc,event",výběr,výběru,výběru,výběr,výběre,výběru,výběrem,výběry,výběrů,výběrům,výběry,výběry,výběrech,výběry
osobnost,personality,f,false,kost,B1,abstract,osobnost,osobnosti,osobnosti,osobnost,osobnosti,osobnosti,osobností,osobnosti,osobností,osobnostem,osobnosti,osobnosti,osobnostech,osobnostmi
správa,management,f,false,žena,B1,"misc,abstract",správa,správy,správě,správu,správo,správě,správou,správy,správ,správám,správy,správy,správách,správami
řád,order,m,false,hrad,A2,"misc,abstract",řád,řádu,řádu,řád,řáde,řádě,řádem,řády,řádů,řádům,řády,řády,řádech,řády
zdraví,health,n,false,stavení,A2,"misc,abstract",zdraví,zdraví,zdraví,zdraví,zdraví,zdraví,zdravím,zdraví,zdraví,zdravím,zdraví,zdraví,zdravích,zdravími
zákazník,client,m,true,pán,A2,"misc,people",zákazník,zákazníka,zákazníkovi,zákazníka,zákazníku,zákazníkovi,zákazníkem,zákazníci,zákazníků,zákazníkům,zákazníky,zákazníci,zákaznících,zákazníky
dolar,dollar,m,false,hrad,A2,"misc,abstract",dolar,dolaru,dolaru,dolar,dolare,dolaru,dolarem,dolary,dolarů,dolarům,dolary,dolary,dolarech,dolary
zahraničí,foreign countries,n,false,stavení,B1,"misc,abstract",zahraničí,zahraničí,zahraničí,zahraničí,zahraničí,zahraničí,zahraničím,zahraničí,zahraničí,zahraničím,zahraničí,zahraničí,zahraničích,zahraničími
úprava,adjustment,f,false,žena,A2,"misc,abstract",úprava,úpravy,úpravě,úpravu,úpravo,úpravě,úpravou,úpravy,úprav,úpravám,úpravy,úpravy,úpravách,úpravami
rychlost,speed,f,false,kost,A2,"misc,abstract",rychlost,rychlosti,rychlosti,rychlost,rychlosti,rychlosti,rychlostí,rychlosti,rychlostí,rychlostem,rychlosti,rychlosti,rychlostech,rychlostmi
zápas,fight,m,false,hrad,A1,"misc,event,gathering",zápas,zápasu,zápasu,zápas,zápase,zápase,zápasem,zápasy,zápasů,zápasům,zápasy,zápasy,zápasech,zápasy
majetek,possession,m,false,hrad,B1,"misc,abstract",majetek,majetku,majetku,majetek,majetku,majetku,majetkem,majetky,majetků,majetkům,majetky,majetky,majetcích,majetky
červen,June,m,false,hrad,A1,"time,calendar_unit",červen,června,červnu,červen,červne,červnu,červnem,červny,červnů,červnům,červny,červny,červnech,červny
reakce,response,f,false,růže,B1,"misc,abstract",reakce,reakce,reakci,reakci,reakce,reakci,reakcí,reakce,reakcí,reakcím,reakce,reakce,reakcích,reakcemi
květen,May,m,false,hrad,A1,"time,calendar_unit",květen,května,květnu,květen,květne,květnu,květnem,květny,květnů,květnům,květny,květny,květnech,květny
zub,tooth,m,false,hrad,A1,body,zub,zubu,zubu,zub,zube,zubu,zubem,zuby,zubů,zubům,zuby,zuby,zubech,zuby
stanice,station,f,false,růže,A1,"places,na_place",stanice,stanice,stanici,stanici,stanice,stanici,stanicí,stanice,stanic,stanicím,stanice,stanice,stanicích,stanicemi
oběd,lunch,m,false,hrad,A1,"food,meal,mealtime",oběd,oběda,obědu,oběd,oběde,obědě,obědem,obědy,obědů,obědům,obědy,obědy,obědech,obědy
loď,ship,f,false,píseň,A2,transportation,loď,lodě,lodi,loď,lodi,lodi,lodí,lodě,lodí,lodím,lodě,lodě,lodích,loděmi
vrstva,layer,f,false,žena,A2,"misc,abstract",vrstva,vrstvy,vrstvě,vrstvu,vrstvo,vrstvě,vrstvou,vrstvy,vrstev,vrstvám,vrstvy,vrstvy,vrstvách,vrstvami
orgán,organ,m,false,hrad,A2,"misc,abstract",orgán,orgánu,orgánu,orgán,orgáne,orgánu,orgánem,orgány,orgánů,orgánům,orgány,orgány,orgánech,orgány
objekt,object,m,false,hrad,A2,"misc,abstract",objekt,objektu,objektu,objekt,objekte,objektu,objektem,objekty,objektů,objektům,objekty,objekty,objektech,objekty
jaro,spring,n,false,město,A1,"time,nature,season",jaro,jara,jaru,jaro,jaro,jaru,jarem,jara,jar,jarům,jara,jara,jarech,jary
plocha,surface,f,false,žena,A1,"misc,abstract",plocha,plochy,ploše,plochu,plocho,ploše,plochou,plochy,ploch,plochám,plochy,plochy,plochách,plochami
potíž,trouble,f,false,píseň,A2,"misc,abstract",potíž,potíže,potíži,potíž,potíži,potíži,potíží,potíže,potíží,potížím,potíže,potíže,potížích,potížemi
stroj,machine,m,false,stroj,A1,objects,stroj,stroje,stroji,stroj,stroji,stroji,strojem,stroje,strojů,strojům,stroje,stroje,strojích,stroji
policista,policeman,m,true,předseda,A2,"misc,people,profession",policista,policisty,policistovi,policistu,policisto,policistovi,policistou,policisté,policistů,policistům,policisty,policisté,policistech,policisty
čin,deed,m,false,hrad,A1,"misc,abstract",čin,činu,činu,čin,čine,činu,činem,činy,činů,činům,činy,činy,činech,činy
kůže,skin,f,false,růže,A1,body,kůže,kůže,kůži,kůži,kůže,kůži,kůží,kůže,kůží,kůžím,kůže,kůže,kůžích,kůžemi
časopis,magazine,m,false,hrad,A2,"misc,readable,portable",časopis,časopisu,časopisu,časopis,časopise,časopise,časopisem,časopisy,časopisů,časopisům,časopisy,časopisy,časopisech,časopisy
vítr,wind,m,false,hrad,A1,"nature,weather",vítr,větru,větru,vítr,větře,větru,větrem,větry,větrů,větrům,větry,větry,větrech,větry
datum,date,n,false,město,A1,"time,calendar_unit",datum,data,datu,datum,datum,datu,datem,data,dat,datům,data,data,datech,daty
divák,viewer,m,true,pán,B1,"misc,people",divák,diváka,divákovi,diváka,diváku,divákovi,divákem,diváci,diváků,divákům,diváky,diváci,divácích,diváky
péče,care,f,false,růže,B1,"misc,abstract",péče,péče,péči,péči,péče,péči,péčí,péče,péčí,péčím,péče,péče,péčích,péčemi
kuchyně,kitchen,f,false,píseň,A1,"places,v_place,indoor",kuchyň,kuchyně,kuchyni,kuchyň,kuchyni,kuchyni,kuchyní,kuchyně,kuchyní,kuchyním,kuchyně,kuchyně,kuchyních,kuchyněmi
nebezpečí,danger,n,false,stavení,A2,"misc,abstract,feeling",nebezpečí,nebezpečí,nebezpečí,nebezpečí,nebezpečí,nebezpečí,nebezpečím,nebezpečí,nebezpečí,nebezpečím,nebezpečí,nebezpečí,nebezpečích,nebezpečími
návrat,return,m,false,hrad,A1,"misc,abstract",návrat,návratu,návratu,návrat,návrate,návratu,návratem,návraty,návratů,návratům,návraty,návraty,návratech,návraty
charakter,character,m,false,hrad,B1,"misc,abstract",charakter,charakteru,charakteru,charakter,charaktere,charakteru,charakterem,charaktery,charakterů,charakterům,charaktery,charaktery,charakterech,charaktery
partner,partner,m,true,pán,A1,"misc,people",partner,partnera,partnerovi,partnera,partnere,partnerovi,partnerem,partneři,partnerů,partnerům,partnery,partneři,partnerech,partnery
voják,soldier,m,true,pán,A2,"misc,people,profession",voják,vojáka,vojákovi,vojáka,vojáku,vojákovi,vojákem,vojáci,vojáků,vojákům,vojáky,vojáci,vojácích,vojáky
kůň,horse,m,true,muž,A1,animals,kůň,koně,koni,koně,koni,koni,koněm,koně,koní,koním,koně,koně,koních,koňmi
okolnost,circumstance,f,false,kost,B1,"misc,abstract",okolnost,okolnosti,okolnosti,okolnost,okolnosti,okolnosti,okolností,okolnosti,okolností,okolnostem,okolnosti,okolnosti,okolnostech,okolnostmi
vlna,wave,f,false,žena,A2,"misc,abstract",vlna,vlny,vlně,vlnu,vlno,vlně,vlnou,vlny,vln,vlnám,vlny,vlny,vlnách,vlnami
růst,growth,m,false,hrad,B1,"misc,abstract",růst,růstu,růstu,růst,růste,růstu,růstem,růsty,růstů,růstům,růsty,růsty,růstech,růsty
zásada,principle,f,false,žena,B1,"misc,abstract",zásada,zásady,zásadě,zásadu,zásado,zásadě,zásadou,zásady,zásad,zásadám,zásady,zásady,zásadách,zásadami
opatření,measure,n,false,stavení,B1,"misc,abstract",opatření,opatření,opatření,opatření,opatření,opatření,opatřením,opatření,opatření,opatřením,opatření,opatření,opatřeních,opatřeními
tvorba,production,f,false,žena,A2,"misc,abstract",tvorba,tvorby,tvorbě,tvorbu,tvorbo,tvorbě,tvorbou,tvorby,tvoreb,tvorbám,tvorby,tvorby,tvorbách,tvorbami
oběť,victim,f,false,kost,A2,"misc,people",oběť,oběti,oběti,oběť,oběti,oběti,obětí,oběti,obětí,obětem,oběti,oběti,obětech,oběťmi
čtvrtek,Thursday,m,false,hrad,A1,"time,calendar_unit",čtvrtek,čtvrtka,čtvrtku,čtvrtek,čtvrtku,čtvrtku,čtvrtkem,čtvrtky,čtvrtků,čtvrtkům,čtvrtky,čtvrtky,čtvrtcích,čtvrtky
účast,involvement,f,false,kost,B1,"misc,abstract",účast,účasti,účasti,účast,účasti,účasti,účastí,účasti,účastí,účastem,účasti,účasti,účastech,účastmi
fotografie,photograph,f,false,růže,A2,"objects,portable",fotografie,fotografie,fotografii,fotografii,fotografie,fotografii,fotografií,fotografie,fotografií,fotografiím,fotografie,fotografie,fotografiích,fotografiemi
středa,Wednesday,f,false,žena,A1,"time,calendar_unit",středa,středy,středě,středu,středo,středě,středou,středy,střed,středám,středy,středy,středách,středami
zbraň,weapon,f,false,píseň,A2,objects,zbraň,zbraně,zbrani,zbraň,zbrani,zbrani,zbraní,zbraně,zbraní,zbraním,zbraně,zbraně,zbraních,zbraněmi
zboží,goods,n,false,stavení,A2,"misc,abstract",zboží,zboží,zboží,zboží,zboží,zboží,zbožím,zboží,zboží,zbožím,zboží,zboží,zbožích,zbožími
komise,committee,f,false,růže,A2,"misc,abstract",komise,komise,komisi,komisi,komise,komisi,komisí,komise,komisí,komisím,komise,komise,komisích,komisemi
úsměv,smile,m,false,hrad,A1,"misc,abstract,feeling",úsměv,úsměvu,úsměvu,úsměv,úsměve,úsměvu,úsměvem,úsměvy,úsměvů,úsměvům,úsměvy,úsměvy,úsměvech,úsměvy
předpoklad,condition,m,false,hrad,B1,"misc,abstract",předpoklad,předpokladu,předpokladu,předpoklad,předpoklade,předpokladu,předpokladem,předpoklady,předpokladů,předpokladům,předpoklady,předpoklady,předpokladech,předpoklady
vlastnost,quality,f,false,kost,B1,"misc,abstract",vlastnost,vlastnosti,vlastnosti,vlastnost,vlastnosti,vlastnosti,vlastností,vlastnosti,vlastností,vlastnostem,vlastnosti,vlastnosti,vlastnostech,vlastnostmi
kontakt,contact,m,false,hrad,A2,"misc,abstract",kontakt,kontaktu,kontaktu,kontakt,kontakte,kontaktu,kontaktem,kontakty,kontaktů,kontaktům,kontakty,kontakty,kontaktech,kontakty
stopa,trace,f,false,žena,B1,"misc,abstract",stopa,stopy,stopě,stopu,stopo,stopě,stopou,stopy,stop,stopám,stopy,stopy,stopách,stopami
domov,home,m,false,hrad,A1,"places,v_place",domov,domova,domovu,domov,domove,domově,domovem,domovy,domovů,domovům,domovy,domovy,domovech,domovy
termín,deadline,m,false,hrad,A2,"misc,abstract",termín,termínu,termínu,termín,termíne,termínu,termínem,termíny,termínů,termínům,termíny,termíny,termínech,termíny
použití,use,n,false,stavení,A2,"misc,abstract",použití,použití,použití,použití,použití,použití,použitím,použití,použití,použitím,použití,použití,použitích,použitími
internet,the Internet,m,false,hrad,A1,"misc,abstract",internet,internetu,internetu,internet,internete,internetu,internetem,internety,internetů,internetům,internety,internety,internetech,internety
univerzita,university,f,false,žena,A1,"misc,places,na_place",univerzita,univerzity,univerzitě,univerzitu,univerzito,univerzitě,univerzitou,univerzity,univerzit,univerzitám,univerzity,univerzity,univerzitách,univerzitami
zvuk,sound,m,false,hrad,A2,"misc,abstract",zvuk,zvuku,zvuku,zvuk,zvuku,zvuku,zvukem,zvuky,zvuků,zvukům,zvuky,zvuky,zvucích,zvuky
obrázek,picture,m,false,hrad,A1,objects,obrázek,obrázku,obrázku,obrázek,obrázku,obrázku,obrázkem,obrázky,obrázků,obrázkům,obrázky,obrázky,obrázcích,obrázky
nápad,idea,m,false,hrad,A1,"misc,abstract",nápad,nápadu,nápadu,nápad,nápade,nápadu,nápadem,nápady,nápadů,nápadům,nápady,nápady,nápadech,nápady
celek,whole,m,false,hrad,A2,"misc,abstract",celek,celku,celku,celek,celku,celku,celkem,celky,celků,celkům,celky,celky,celcích,celky
deska,board,f,false,žena,A2,objects,deska,desky,desce,desku,desko,desce,deskou,desky,desek,deskám,desky,desky,deskách,deskami
existence,existence,f,false,růže,B1,"misc,abstract",existence,existence,existenci,existenci,existence,existenci,existencí,existence,existencí,existencím,existence,existence,existencích,existencemi
výrobek,product,m,false,hrad,B1,"misc,abstract",výrobek,výrobku,výrobku,výrobek,výrobku,výrobku,výrobkem,výrobky,výrobků,výrobkům,výrobky,výrobky,výrobcích,výrobky
unie,union,f,false,růže,A2,"misc,abstract",unie,unie,unii,unii,unie,unii,unií,unie,unií,uniím,unie,unie,uniích,uniemi
obava,concern,f,false,žena,B1,"misc,abstract,feeling",obava,obavy,obavě,obavu,obavo,obavě,obavou,obavy,obav,obavám,obavy,obavy,obavách,obavami
listopad,November,m,false,hrad,A1,"time,calendar_unit",listopad,listopadu,listopadu,listopad,listopade,listopadu,listopadem,listopady,listopadů,listopadům,listopady,listopady,listopadech,listopady
titul,title,m,false,hrad,A1,"misc,abstract",titul,titulu,titulu,titul,titule,titulu,titulem,tituly,titulů,titulům,tituly,tituly,titulech,tituly
říjen,October,m,false,hrad,A1,"time,calendar_unit",říjen,října,říjnu,říjen,říjne,říjnu,říjnem,říjny,říjnů,říjnům,říjny,říjny,říjnech,říjny
tma,darkness,f,false,žena,A2,"misc,abstract",tma,tmy,tmě,tmu,tmo,tmě,tmou,tmy,tem,tmám,tmy,tmy,tmách,tmami
riziko,risk,n,false,město,B1,"misc,abstract",riziko,rizika,riziku,riziko,riziko,riziku,rizikem,rizika,rizik,rizikům,rizika,rizika,rizikách,riziky
pojem,notion,m,false,hrad,B1,"misc,abstract",pojem,pojmu,pojmu,pojem,pojme,pojmu,pojmem,pojmy,pojmů,pojmům,pojmy,pojmy,pojmech,pojmy
střecha,roof,f,false,žena,A1,"places,na_place",střecha,střechy,střeše,střechu,střecho,střeše,střechou,střechy,střech,střechám,střechy,střechy,střechách,střechami
hráč,player,m,true,muž,A1,"misc,people",hráč,hráče,hráči,hráče,hráči,hráči,hráčem,hráči,hráčů,hráčům,hráče,hráči,hráčích,hráči
operace,operation,f,false,růže,B1,"misc,abstract",operace,operace,operaci,operaci,operace,operaci,operací,operace,operací,operacím,operace,operace,operacích,operacemi
vědomí,awareness,n,false,stavení,B1,"misc,abstract",vědomí,vědomí,vědomí,vědomí,vědomí,vědomí,vědomím,vědomí,vědomí,vědomím,vědomí,vědomí,vědomích,vědomími
hospoda,pub,f,false,žena,A1,"places,v_place",hospoda,hospody,hospodě,hospodu,hospodo,hospodě,hospodou,hospody,hospod,hospodám,hospody,hospody,hospodách,hospodami
výška,height,f,false,žena,A1,"misc,abstract",výška,výšky,výšce,výšku,výško,výšce,výškou,výšky,výšek,výškám,výšky,výšky,výškách,výškami
přednost,advantage,f,false,kost,B1,"misc,abstract",přednost,přednosti,přednosti,přednost,přednosti,přednosti,předností,přednosti,předností,přednostem,přednosti,přednosti,přednostech,přednostmi
mysl,mind,f,false,kost,B1,"misc,abstract",mysl,mysli,mysli,mysl,mysli,mysli,myslí,mysli,myslí,myslím,mysli,mysli,myslích,myslemi
agentura,agency,f,false,žena,A2,"misc,abstract",agentura,agentury,agentuře,agenturu,agenturo,agentuře,agenturou,agentury,agentur,agenturám,agentury,agentury,agenturách,agenturami
generace,generation,f,false,růže,B1,"misc,abstract",generace,generace,generaci,generaci,generace,generaci,generací,generace,generací,generacím,generace,generace,generacích,generacemi
roh,corner,m,false,hrad,A1,"misc,abstract",roh,rohu,rohu,roh,rohu,rohu,rohem,rohy,rohů,rohům,rohy,rohy,rozích,rohy
březen,March,m,false,hrad,A1,"time,calendar_unit",březen,března,březnu,březen,březne,březnu,březnem,březny,březnů,březnům,březny,březny,březnech,březny
tradice,tradition,f,false,růže,B1,"misc,abstract",tradice,tradice,tradici,tradici,tradice,tradici,tradicí,tradice,tradic,tradicím,tradice,tradice,tradicích,tradicemi
barák,house,m,false,hrad,A2,"places,v_place",barák,baráku,baráku,barák,baráku,baráku,barákem,baráky,baráků,barákům,baráky,baráky,barácích,baráky
oddělení,section,n,false,stavení,A2,"misc,abstract",oddělení,oddělení,oddělení,oddělení,oddělení,oddělení,oddělením,oddělení,oddělení,oddělením,oddělení,oddělení,odděleních,odděleními
výstava,exhibition,f,false,žena,B1,"misc,abstract",výstava,výstavy,výstavě,výstavu,výstavo,výstavě,výstavou,výstavy,výstav,výstavám,výstavy,výstavy,výstavách,výstavami
technologie,technology,f,false,růže,A2,"misc,abstract",technologie,technologie,technologii,technologii,technologie,technologii,technologií,technologie,technologií,technologiím,technologie,technologie,technologiích,technologiemi
nárok,right,m,false,hrad,A2,"misc,abstract",nárok,nároku,nároku,nárok,nároku,nároku,nárokem,nároky,nároků,nárokům,nároky,nároky,nárocích,nároky
bolest,pain,f,false,kost,A2,"abstract,feeling",bolest,bolesti,bolesti,bolest,bolesti,bolesti,bolestí,bolesti,bolestí,bolestem,bolesti,bolesti,bolestech,bolestmi
komunikace,communication,f,false,růže,B1,"misc,abstract",komunikace,komunikace,komunikaci,komunikaci,komunikace,komunikaci,komunikací,komunikace,komunikací,komunikacím,komunikace,komunikace,komunikacích,komunikacemi
okraj,edge,m,false,stroj,B1,"misc,abstract",okraj,okraje,okraji,okraj,okraji,okraji,okrajem,okraje,okrajů,okrajům,okraje,okraje,okrajích,okraji
dohoda,agreement,f,false,žena,A2,"misc,abstract",dohoda,dohody,dohodě,dohodu,dohodo,dohodě,dohodou,dohody,dohod,dohodám,dohody,dohody,dohodách,dohodami
vůle,will,f,false,růže,A2,"misc,abstract,feeling",vůle,vůle,vůli,vůli,vůle,vůli,vůlí,vůle,vůlí,vůlím,vůle,vůle,vůlích,vůlemi
armáda,army,f,false,žena,A2,"misc,people",armáda,armády,armádě,armádu,armádo,armádě,armádou,armády,armád,armádám,armády,armády,armádách,armádami
příjem,reception,m,false,hrad,B1,"misc,abstract",příjem,příjmu,příjmu,příjem,příjme,příjmu,příjmem,příjmy,příjmů,příjmům,příjmy,příjmy,příjmech,příjmy
závod,race,m,false,hrad,A2,"misc,event,gathering",závod,závodu,závodu,závod,závode,závodě,závodem,závody,závodů,závodům,závody,závody,závodech,závody
paměť,memory,f,false,kost,A2,"misc,abstract",paměť,paměti,paměti,paměť,paměti,paměti,pamětí,paměti,pamětí,pamětem,paměti,paměti,pamětech,paměťmi
výzkum,research,m,false,hrad,B1,"misc,abstract",výzkum,výzkumu,výzkumu,výzkum,výzkume,výzkumu,výzkumem,výzkumy,výzkumů,výzkumům,výzkumy,výzkumy,výzkumech,výzkumy
soubor,set,m,false,hrad,A2,"misc,abstract",soubor,souboru,souboru,soubor,soubore,souboru,souborem,soubory,souborů,souborům,soubory,soubory,souborech,soubory
duben,April,m,false,hrad,A1,"time,calendar_unit",duben,dubna,dubnu,duben,dubne,dubnu,dubnem,dubny,dubnů,dubnům,dubny,dubny,dubnech,dubny
rozsah,extent,m,false,hrad,B1,"misc,abstract",rozsah,rozsahu,rozsahu,rozsah,rozsahu,rozsahu,rozsahem,rozsahy,rozsahů,rozsahům,rozsahy,rozsahy,rozsazích,rozsahy
řidič,driver,m,true,muž,A1,"misc,people,profession",řidič,řidiče,řidiči,řidiče,řidiči,řidiči,řidičem,řidiči,řidičů,řidičům,řidiče,řidiči,řidičích,řidiči
kapsa,pocket,f,false,žena,A2,"misc,abstract",kapsa,kapsy,kapse,kapsu,kapso,kapse,kapsou,kapsy,kapes,kapsám,kapsy,kapsy,kapsách,kapsami
král,king,m,true,muž,A1,"misc,people",král,krále,králi,krále,králi,králi,králem,králové,králů,králům,krále,králové,králích,králi
učitel,teacher,m,true,muž,A1,"misc,people,profession",učitel,učitele,učiteli,učitele,učiteli,učiteli,učitelem,učitelé,učitelů,učitelům,učitele,učitelé,učitelích,učiteli
adresa,address,f,false,žena,A1,"misc,abstract",adresa,adresy,adrese,adresu,adreso,adrese,adresou,adresy,adres,adresám,adresy,adresy,adresách,adresami
setkání,meeting,n,false,stavení,A2,"misc,event,gathering",setkání,setkání,setkání,setkání,setkání,setkání,setkáním,setkání,setkání,setkáním,setkání,setkání,setkáních,setkáními
využití,use,n,false,stavení,B1,"misc,abstract",využití,využití,využití,využití,využití,využití,využitím,využití,využití,využitím,využití,využití,využitích,využitími
večeře,dinner,f,false,růže,A1,"food,meal,mealtime",večeře,večeře,večeři,večeři,večeře,večeři,večeří,večeře,večeří,večeřím,večeře,večeře,večeřích,večeřemi
stín,shadow,m,false,hrad,B1,"misc,abstract",stín,stínu,stínu,stín,stíne,stínu,stínem,stíny,stínů,stínům,stíny,stíny,stínech,stíny
pád,drop,m,false,hrad,A2,"misc,abstract",pád,pádu,pádu,pád,páde,pádě,pádem,pády,pádů,pádům,pády,pády,pádech,pády
nemoc,illness,f,false,kost,A1,abstract,nemoc,nemoci,nemoci,nemoc,nemoci,nemoci,nemocí,nemoci,nemocí,nemocím,nemoci,nemoci,nemocích,nemocemi
srpen,August,m,false,hrad,A1,"time,calendar_unit",srpen,srpna,srpnu,srpen,srpne,srpnu,srpnem,srpny,srpnů,srpnům,srpny,srpny,srpnech,srpny
jistota,confidence,f,false,žena,B1,"misc,abstract",jistota,jistoty,jistotě,jistotu,jistoto,jistotě,jistotou,jistoty,jistot,jistotám,jistoty,jistoty,jistotách,jistotami
kategorie,category,f,false,růže,B1,"misc,abstract",kategorie,kategorie,kategorii,kategorii,kategorie,kategorii,kategorií,kategorie,kategorií,kategoriím,kategorie,kategorie,kategoriích,kategoriemi
podzim,autumn,m,false,hrad,A1,"time,nature,season",podzim,podzimu,podzimu,podzim,podzime,podzimu,podzimem,podzimy,podzimů,podzimům,podzimy,podzimy,podzimech,podzimy
důkaz,proof,m,false,hrad,B1,"misc,abstract",důkaz,důkazu,důkazu,důkaz,důkaze,důkaze,důkazem,důkazy,důkazů,důkazům,důkazy,důkazy,důkazech,důkazy
postoj,posture,m,false,stroj,B1,"misc,abstract",postoj,postoje,postoji,postoj,postoji,postoji,postojem,postoje,postojů,postojům,postoje,postoje,postojích,postoji
díl,part,m,false,hrad,A1,"misc,abstract",díl,dílu,dílu,díl,díle,dílu,dílem,díly,dílů,dílům,díly,díly,dílech,díly
karta,card,f,false,žena,A1,objects,karta,karty,kartě,kartu,karto,kartě,kartou,karty,karet,kartám,karty,karty,kartách,kartami
koleno,knee,n,false,město,A1,"body,surface_body",koleno,kolena,kolenu,koleno,koleno,koleně,kolenem,kolena,kolen,kolenům,kolena,kolena,kolenech,koleny
povrch,surface,m,false,hrad,B1,"misc,abstract",povrch,povrchu,povrchu,povrch,povrchu,povrchu,povrchem,povrchy,povrchů,povrchům,povrchy,povrchy,površích,povrchy
mistr,master,m,true,pán,B1,"misc,abstract",mistr,mistra,mistrovi,mistra,mistře,mistrovi,mistrem,mistři,mistrů,mistrům,mistry,mistři,mistrech,mistry
sezóna,season,f,false,žena,A1,"time,era",sezóna,sezóny,sezóně,sezónu,sezóno,sezóně,sezónou,sezóny,sezón,sezónám,sezóny,sezóny,sezónách,sezónami
knížka,book,f,false,žena,A2,"objects,readable,portable",knížka,knížky,knížce,knížku,knížko,knížce,knížkou,knížky,knížek,knížkám,knížky,knížky,knížkách,knížkami
spor,dispute,m,false,hrad,B1,"misc,abstract",spor,sporu,sporu,spor,spore,sporu,sporem,spory,sporů,sporům,spory,spory,sporech,spory
přítomnost,presence,f,false,kost,B1,"misc,abstract",přítomnost,přítomnosti,přítomnosti,přítomnost,přítomnosti,přítomnosti,přítomností,přítomnosti,přítomností,přítomnostem,přítomnosti,přítomnosti,přítomnostech,přítomnostmi
délka,length,f,false,žena,B1,"misc,abstract",délka,délky,délce,délku,délko,délce,délkou,délky,délek,délkám,délky,délky,délkách,délkami
instituce,institution,f,false,růže,B1,"misc,abstract",instituce,instituce,instituci,instituci,instituce,instituci,institucí,instituce,institucí,institucím,instituce,instituce,institucích,institucemi
představitel,representative,m,true,muž,B2,"misc,people",představitel,představitele,představiteli,představitele,představiteli,představiteli,představitelem,představitelé,představitelů,představitelům,představitele,představitelé,představitelích,představiteli
produkt,product,m,false,hrad,A2,"misc,abstract",produkt,produktu,produktu,produkt,produkte,produktu,produktem,produkty,produktů,produktům,produkty,produkty,produktech,produkty
obrana,defence,f,false,žena,B1,"misc,abstract",obrana,obrany,obraně,obranu,obrano,obraně,obranou,obrany,obran,obranám,obrany,obrany,obranách,obranami
vazba,relationship,f,false,žena,B1,"misc,abstract",vazba,vazby,vazbě,vazbu,vazbo,vazbě,vazbou,vazby,vazeb,vazbám,vazby,vazby,vazbách,vazbami
národ,nation,m,false,hrad,B1,"misc,abstract",národ,národa,národu,národ,národe,národě,národem,národy,národů,národům,národy,národy,národech,národy
značka,sign,f,false,žena,A2,"misc,abstract",značka,značky,značce,značku,značko,značce,značkou,značky,značek,značkám,značky,značky,značkách,značkami
věta,sentence,f,false,žena,A2,"misc,abstract",věta,věty,větě,větu,věto,větě,větou,věty,vět,větám,věty,věty,větách,větami
částka,amount,f,false,žena,A2,"misc,abstract",částka,částky,částce,částku,částko,částce,částkou,částky,částek,částkám,částky,částky,částkách,částkami
fáze,phase,f,false,růže,B1,"misc,abstract",fáze,fáze,fázi,fázi,fáze,fázi,fází,fáze,fází,fázím,fáze,fáze,fázích,fázemi
ústav,institute,m,false,hrad,B1,"misc,places,v_place",ústav,ústavu,ústavu,ústav,ústave,ústavě,ústavem,ústavy,ústavů,ústavům,ústavy,ústavy,ústavech,ústavy
kapitola,chapter,f,false,žena,B1,"misc,abstract",kapitola,kapitoly,kapitole,kapitolu,kapitolo,kapitole,kapitolou,kapitoly,kapitol,kapitolám,kapitoly,kapitoly,kapitolách,kapitolami
únor,February,m,false,hrad,A1,"time,calendar_unit",únor,února,únoru,únor,únore,únoru,únorem,únory,únorů,únorům,únory,únory,únorech,únory
teorie,theory,f,false,růže,B1,"misc,abstract",teorie,teorie,teorii,teorii,teorie,teorii,teorií,teorie,teorií,teoriím,teorie,teorie,teoriích,teoriemi
seznam,list,m,false,hrad,A1,"misc,abstract",seznam,seznamu,seznamu,seznam,sezname,seznamu,seznamem,seznamy,seznamů,seznamům,seznamy,seznamy,seznamech,seznamy
kostel,church,m,false,hrad,A1,"places,v_place",kostel,kostela,kostelu,kostel,kostele,kostele,kostelem,kostely,kostelů,kostelům,kostely,kostely,kostelech,kostely
politik,politician,m,true,pán,B1,"misc,profession",politik,politika,politikovi,politika,politiku,politikovi,politikem,politici,politiků,politikům,politiky,politici,politicích,politiky
průměr,average,m,false,hrad,B1,"misc,abstract",průměr,průměru,průměru,průměr,průměre,průměru,průměrem,průměry,průměrů,průměrům,průměry,průměry,průměrech,průměry
teplo,heat,n,false,město,A1,"misc,abstract",teplo,tepla,teplu,teplo,teplo,teple,teplem,tepla,tepel,teplům,tepla,tepla,teplech,teply
chodba,corridor,f,false,žena,A1,"places,na_place,indoor",chodba,chodby,chodbě,chodbu,chodbo,chodbě,chodbou,chodby,chodeb,chodbám,chodby,chodby,chodbách,chodbami
úterý,Tuesday,n,false,stavení,A1,"time,calendar_unit",úterý,úterý,úterý,úterý,úterý,úterý,úterým,úterý,úterý,úterým,úterý,úterý,úterý,úterý
kruh,circle,m,false,hrad,A2,"misc,abstract",kruh,kruhu,kruhu,kruh,kruhu,kruhu,kruhem,kruhy,kruhů,kruhům,kruhy,kruhy,kruzích,kruhy
následek,consequence,m,false,hrad,B1,"misc,abstract",následek,následku,následku,následek,následku,následku,následkem,následky,následků,následkům,následky,následky,následcích,následky
ročník,year,m,false,hrad,B1,"time,era",ročník,ročníku,ročníku,ročník,ročníku,ročníku,ročníkem,ročníky,ročníků,ročníkům,ročníky,ročníky,ročnících,ročníky
dokument,document,m,false,hrad,A2,"misc,readable",dokument,dokumentu,dokumentu,dokument,dokumente,dokumentě,dokumentem,dokumenty,dokumentů,dokumentům,dokumenty,dokumenty,dokumentech,dokumenty
nebe,sky,n,false,moře,A1,nature,nebe,nebe,nebi,nebe,nebe,nebi,nebem,nebe,nebí,nebím,nebe,nebe,nebích,nebi
vítězství,victory,n,false,stavení,B1,"misc,abstract",vítězství,vítězství,vítězství,vítězství,vítězství,vítězství,vítězstvím,vítězství,vítězství,vítězstvím,vítězství,vítězství,vítězstvích,vítězstvími
prosinec,December,m,false,stroj,A1,"time,calendar_unit",prosinec,prosince,prosinci,prosinec,prosinci,prosinci,prosincem,prosince,prosinců,prosincům,prosince,prosince,prosincích,prosinci
oheň,fire,m,false,stroj,A1,"misc,abstract",oheň,ohně,ohni,oheň,ohni,ohni,ohněm,ohně,ohňů,ohňům,ohně,ohně,ohních,ohni
červenec,July,m,false,stroj,A1,"time,calendar_unit",červenec,července,červenci,červenec,červenci,červenci,červencem,července,červenců,červencům,července,července,červencích,červenci
zisk,profit,m,false,hrad,B1,"misc,abstract",zisk,zisku,zisku,zisk,zisku,zisku,ziskem,zisky,zisků,ziskům,zisky,zisky,ziscích,zisky
letadlo,aircraft,n,false,město,B1,transportation,letadlo,letadla,letadlu,letadlo,letadlo,letadle,letadlem,letadla,letadel,letadlům,letadla,letadla,letadlech,letadly
znalost,knowledge,f,false,kost,B1,"misc,abstract",znalost,znalosti,znalosti,znalost,znalosti,znalosti,znalostí,znalosti,znalostí,znalostem,znalosti,znalosti,znalostech,znalostmi
fond,fund,m,false,hrad,B1,"misc,abstract",fond,fondu,fondu,fond,fonde,fondu,fondem,fondy,fondů,fondům,fondy,fondy,fondech,fondy
mamka,mum,f,false,žena,A1,family,mamka,mamky,mamce,mamku,mamko,mamce,mamkou,mamky,mamek,mamkám,mamky,mamky,mamkách,mamkami
daň,tax,f,false,píseň,B1,"misc,abstract",daň,daně,dani,daň,dani,dani,daní,daně,daní,daním,daně,daně,daních,daněmi
východ,exit,m,false,hrad,A1,"misc,abstract",východ,východu,východu,východ,východe,východě,východem,východy,východů,východům,východy,východy,východech,východy
návštěvník,visitor,m,true,pán,A1,"misc,people",návštěvník,návštěvníka,návštěvníkovi,návštěvníka,návštěvníku,návštěvníkovi,návštěvníkem,návštěvníci,návštěvníků,návštěvníkům,návštěvníky,návštěvníci,návštěvnících,návštěvníky
norma,standard,f,false,žena,B1,"misc,abstract",norma,normy,normě,normu,normo,normě,normou,normy,norem,normám,normy,normy,normách,normami
trest,punishment,m,false,hrad,B1,"misc,abstract",trest,trestu,trestu,trest,treste,trestu,trestem,tresty,trestů,trestům,tresty,tresty,trestech,tresty
hrůza,horror,f,false,žena,B1,"misc,abstract,feeling",hrůza,hrůzy,hrůze,hrůzu,hrůzo,hrůze,hrůzou,hrůzy,hrůz,hrůzám,hrůzy,hrůzy,hrůzách,hrůzami
režim,regime,m,false,hrad,B1,"misc,abstract",režim,režimu,režimu,režim,režime,režimu,režimem,režimy,režimů,režimům,režimy,režimy,režimech,režimy
pozor,attention,m,false,hrad,A2,"misc,abstract",pozor,pozoru,pozoru,pozor,pozore,pozoru,pozorem,pozory,pozorů,pozorům,pozory,pozory,pozorech,pozory
analýza,analysis,f,false,žena,B1,"misc,abstract",analýza,analýzy,analýze,analýzu,analýzo,analýze,analýzou,analýzy,analýz,analýzám,analýzy,analýzy,analýzách,analýzami
dráha,track,f,false,žena,B1,"misc,abstract",dráha,dráhy,dráze,dráhu,dráho,dráze,dráhou,dráhy,drah,dráhám,dráhy,dráhy,dráhách,dráhami
zvýšení,increase,n,false,stavení,A2,"misc,abstract",zvýšení,zvýšení,zvýšení,zvýšení,zvýšení,zvýšení,zvýšením,zvýšení,zvýšení,zvýšením,zvýšení,zvýšení,zvýšeních,zvýšeními
médium,medium,n,false,město,B1,"misc,abstract",médium,média,médiu,médium,médium,médiu,médiem,média,médií,médiím,média,média,médiích,médii
srovnání,comparison,n,false,stavení,B1,"misc,abstract",srovnání,srovnání,srovnání,srovnání,srovnání,srovnání,srovnáním,srovnání,srovnání,srovnáním,srovnání,srovnání,srovnáních,srovnáními
záměr,intention,m,false,hrad,B1,"misc,abstract",záměr,záměru,záměru,záměr,záměre,záměru,záměrem,záměry,záměrů,záměrům,záměry,záměry,záměrech,záměry
účastník,participant,m,true,pán,B1,"misc,people",účastník,účastníka,účastníkovi,účastníka,účastníku,účastníkovi,účastníkem,účastníci,účastníků,účastníkům,účastníky,účastníci,účastnících,účastníky
původ,origin,m,false,hrad,B1,"misc,abstract",původ,původu,původu,původ,původe,původu,původem,původy,původů,původům,původy,původy,původech,původy
rozpočet,budget,m,false,hrad,B1,"misc,abstract",rozpočet,rozpočtu,rozpočtu,rozpočet,rozpočte,rozpočtu,rozpočtem,rozpočty,rozpočtů,rozpočtům,rozpočty,rozpočty,rozpočtech,rozpočty
počasí,weather,n,false,stavení,A1,"nature,weather",počasí,počasí,počasí,počasí,počasí,počasí,počasím,počasí,počasí,počasím,počasí,počasí,počasích,počasími
západ,west,m,false,hrad,A1,"misc,abstract",západ,západu,západu,západ,západe,západě,západem,západy,západů,západům,západy,západy,západech,západy
zámek,lock,m,false,hrad,B1,"misc,abstract",zámek,zámku,zámku,zámek,zámku,zámku,zámkem,zámky,zámků,zámkům,zámky,zámky,zámcích,zámky
podlaha,floor,f,false,žena,A1,"objects,sittable",podlaha,podlahy,podlaze,podlahu,podlaho,podlaze,podlahou,podlahy,podlah,podlahám,podlahy,podlahy,podlahách,podlahami
vzpomínka,remembrance,f,false,žena,B1,"misc,abstract",vzpomínka,vzpomínky,vzpomínce,vzpomínku,vzpomínko,vzpomínce,vzpomínkou,vzpomínky,vzpomínek,vzpomínkám,vzpomínky,vzpomínky,vzpomínkách,vzpomínkami
výrobce,manufacturer,m,true,soudce,B1,"misc,people",výrobce,výrobce,výrobci,výrobce,výrobce,výrobci,výrobcem,výrobci,výrobců,výrobcům,výrobce,výrobci,výrobcích,výrobci
věda,science,f,false,žena,B1,"misc,abstract",věda,vědy,vědě,vědu,vědo,vědě,vědou,vědy,věd,vědám,vědy,vědy,vědách,vědami
schod,step,m,false,hrad,A1,"objects,sittable",schod,schodu,schodu,schod,schode,schodě,schodem,schody,schodů,schodům,schody,schody,schodech,schody
novinář,journalist,m,true,muž,B1,"misc,people,profession",novinář,novináře,novináři,novináře,novináři,novináři,novinářem,novináři,novinářů,novinářům,novináře,novináři,novinářích,novináři
svaz,union,m,false,hrad,B1,"misc,abstract",svaz,svazu,svazu,svaz,svaze,svazu,svazem,svazy,svazů,svazům,svazy,svazy,svazech,svazy
nálada,mood,f,false,žena,A1,"misc,abstract,feeling",nálada,nálady,náladě,náladu,nálado,náladě,náladou,nálady,nálad,náladám,nálady,nálady,náladách,náladami
teplota,temperature,f,false,žena,A1,"misc,abstract",teplota,teploty,teplotě,teplotu,teploto,teplotě,teplotou,teploty,teplot,teplotám,teploty,teploty,teplotách,teplotami
ženská,woman,f,false,žena,A1,"misc,people",ženská,ženské,ženské,ženskou,ženská,ženské,ženskou,ženské,ženských,ženským,ženské,ženské,ženských,ženskými
snímek,photo,m,false,hrad,B1,objects,snímek,snímku,snímku,snímek,snímku,snímku,snímkem,snímky,snímků,snímkům,snímky,snímky,snímcích,snímky
odchod,leaving,m,false,hrad,A2,"misc,abstract",odchod,odchodu,odchodu,odchod,odchode,odchodě,odchodem,odchody,odchodů,odchodům,odchody,odchody,odchodech,odchody
povaha,character,f,false,žena,B1,"misc,abstract",povaha,povahy,povaze,povahu,povaho,povaze,povahou,povahy,povah,povahám,povahy,povahy,povahách,povahami
bok,hip,m,false,hrad,A1,"misc,abstract,body,surface_body",bok,boku,boku,bok,boku,boku,bokem,boky,boků,bokům,boky,boky,bocích,boky
klíč,key,m,false,stroj,A1,"objects,portable",klíč,klíče,klíči,klíč,klíči,klíči,klíčem,klíče,klíčů,klíčům,klíče,klíče,klíčích,klíči
literatura,literature,f,false,žena,B1,"misc,abstract",literatura,literatury,literatuře,literaturu,literaturo,literatuře,literaturou,literatury,literatur,literaturám,literatury,literatury,literaturách,literaturami
nákup,shopping,m,false,hrad,A1,"places,na_place",nákup,nákupu,nákupu,nákup,nákupe,nákupu,nákupem,nákupy,nákupů,nákupům,nákupy,nákupy,nákupech,nákupy
průmysl,industry,m,false,hrad,B1,"misc,abstract",průmysl,průmyslu,průmyslu,průmysl,průmysle,průmyslu,průmyslem,průmysly,průmyslů,průmyslům,průmysly,průmysly,průmyslech,průmysly
ostrov,island,m,false,hrad,B1,"nature,places,na_place",ostrov,ostrova,ostrovu,ostrov,ostrove,ostrově,ostrovem,ostrovy,ostrovů,ostrovům,ostrovy,ostrovy,ostrovech,ostrovy
půlka,half,f,false,žena,A1,"misc,abstract",půlka,půlky,půlce,půlku,půlko,půlce,půlkou,půlky,půlek,půlkám,půlky,půlky,půlkách,půlkami
ticho,silence,n,false,město,A1,"misc,abstract,feeling",ticho,ticha,tichu,ticho,ticho,tichu,tichem,ticha,tich,tichům,ticha,ticha,tichách,tichy
jízda,riding,f,false,žena,B1,"misc,abstract",jízda,jízdy,jízdě,jízdu,jízdo,jízdě,jízdou,jízdy,jízd,jízdám,jízdy,jízdy,jízdách,jízdami
smích,laughter,m,false,hrad,A1,"misc,abstract,feeling",smích,smíchu,smíchu,smích,smíchu,smíchu,smíchem,smíchy,smíchů,smíchům,smíchy,smíchy,smíších,smíchy
fotka,photo,f,false,žena,A1,"objects,portable",fotka,fotky,fotce,fotku,fotko,fotce,fotkou,fotky,fotek,fotkám,fotky,fotky,fotkách,fotkami
koncert,concert,m,false,hrad,A1,"misc,event,gathering,quiet_event",koncert,koncertu,koncertu,koncert,koncerte,koncertě,koncertem,koncerty,koncertů,koncertům,koncerty,koncerty,koncertech,koncerty
poznámka,note,f,false,žena,A2,"misc,readable",poznámka,poznámky,poznámce,poznámku,poznámko,poznámce,poznámkou,poznámky,poznámek,poznámkám,poznámky,poznámky,poznámkách,poznámkami
podnikatel,businessman,m,true,muž,A2,"misc,people,profession",podnikatel,podnikatele,podnikateli,podnikatele,podnikateli,podnikateli,podnikatelem,podnikatelé,podnikatelů,podnikatelům,podnikatele,podnikatelé,podnikatelích,podnikateli
odpor,aversion,m,false,hrad,B1,"misc,abstract,feeling",odpor,odporu,odporu,odpor,odpore,odporu,odporem,odpory,odporů,odporům,odpory,odpory,odporech,odpory
láhev,bottle,f,false,píseň,A1,objects,láhev,láhve,láhvi,láhev,láhvi,láhvi,láhví,láhve,láhví,láhvím,láhve,láhve,láhvích,láhvemi
žádost,request,f,false,kost,B1,"misc,abstract",žádost,žádosti,žádosti,žádost,žádosti,žádosti,žádostí,žádosti,žádostí,žádostem,žádosti,žádosti,žádostech,žádostmi
židle,chair,f,false,růže,A1,"objects,sittable",židle,židle,židli,židli,židle,židli,židlí,židle,židlí,židlím,židle,židle,židlích,židlemi
váha,weight,f,false,žena,A1,"misc,abstract",váha,váhy,váze,váhu,váho,váze,váhou,váhy,vah,váhám,váhy,váhy,váhách,váhami
diskuse,discussion,f,false,růže,A2,"misc,abstract",diskuse,diskuse,diskusi,diskusi,diskuse,diskusi,diskusí,diskuse,diskusí,diskusím,diskuse,diskuse,diskusích,diskusemi
pobyt,stay,m,false,hrad,B1,"misc,abstract",pobyt,pobytu,pobytu,pobyt,pobyte,pobytě,pobytem,pobyty,pobytů,pobytům,pobyty,pobyty,pobytech,pobyty
střed,centre,m,false,hrad,A1,"misc,abstract",střed,středu,středu,střed,střede,středu,středem,středy,středů,středům,středy,středy,středech,středy
bezpečnost,safety,f,false,kost,A2,"misc,abstract",bezpečnost,bezpečnosti,bezpečnosti,bezpečnost,bezpečnosti,bezpečnosti,bezpečností,bezpečnosti,bezpečností,bezpečnostem,bezpečnosti,bezpečnosti,bezpečnostech,bezpečnostmi
krajina,landscape,f,false,žena,B1,"nature,places,v_place",krajina,krajiny,krajině,krajinu,krajino,krajině,krajinou,krajiny,krajin,krajinám,krajiny,krajiny,krajinách,krajinami
břeh,bank,m,false,hrad,A1,"nature,places,na_place",břeh,břehu,břehu,břeh,břehu,břehu,břehem,břehy,břehů,břehům,břehy,břehy,březích,břehy
atmosféra,atmosphere,f,false,žena,B1,"misc,abstract",atmosféra,atmosféry,atmosféře,atmosféru,atmosféro,atmosféře,atmosférou,atmosféry,atmosfér,atmosférám,atmosféry,atmosféry,atmosférách,atmosférami
sníh,snow,m,false,hrad,A1,"nature,weather",sníh,sněhu,sněhu,sníh,sněhu,sněhu,sněhem,sněhy,sněhů,sněhům,sněhy,sněhy,snězích,sněhy
vina,guilt,f,false,žena,B1,"misc,abstract,feeling",vina,viny,vině,vinu,vino,vině,vinou,viny,vin,vinám,viny,viny,vinách,vinami
touha,longing,f,false,žena,B1,"misc,abstract,feeling",touha,touhy,touze,touhu,touho,touze,touhou,touhy,touh,touhám,touhy,touhy,touhách,touhami
kurs,course,m,false,hrad,A1,"misc,abstract",kurs,kursu,kursu,kurs,kurse,kurse,kursem,kursy,kursů,kursům,kursy,kursy,kursech,kursy
verze,version,f,false,růže,A2,"misc,abstract",verze,verze,verzi,verzi,verze,verzi,verzí,verze,verzí,verzím,verze,verze,verzích,verzemi
soused,neighbor,m,true,pán,A1,"misc,people",soused,souseda,sousedovi,souseda,sousede,sousedovi,sousedem,sousedé,sousedů,sousedům,sousedy,sousedé,sousedech,sousedy
sousedka,female neighbor,f,false,žena,A1,"misc,people",sousedka,sousedky,sousedce,sousedku,sousedko,sousedce,sousedkou,sousedky,sousedek,sousedkám,sousedky,sousedky,sousedkách,sousedkami
účet,account,m,false,hrad,B1,"misc,abstract",účet,účtu,účtu,účet,účte,účtu,účtem,účty,účtů,účtům,účty,účty,účtech,účty
působení,impact,n,false,stavení,B1,"misc,abstract",působení,působení,působení,působení,působení,působení,působením,působení,působení,působením,působení,působení,působeních,působeními
účinek,effect,m,false,hrad,B1,"misc,abstract",účinek,účinku,účinku,účinek,účinku,účinku,účinkem,účinky,účinků,účinkům,účinky,účinky,účincích,účinky
faktor,factor,m,false,hrad,B1,"misc,abstract",faktor,faktoru,faktoru,faktor,faktore,faktoru,faktorem,faktory,faktorů,faktorům,faktory,faktory,faktorech,faktory
napětí,tension,n,false,stavení,B1,"misc,abstract,feeling",napětí,napětí,napětí,napětí,napětí,napětí,napětím,napětí,napětí,napětím,napětí,napětí,napětích,napětími
investice,investment,f,false,růže,B1,"misc,abstract",investice,investice,investici,investici,investice,investici,investicí,investice,investicí,investicím,investice,investice,investicích,investicemi
děda,grandpa,m,true,předseda,A1,"family,people",děda,dědy,dědovi,dědu,dědo,dědovi,dědou,dědové,dědů,dědům,dědy,dědové,dědech,dědy
dřevo,wood,n,false,město,A1,nature,dřevo,dřeva,dřevu,dřevo,dřevo,dřevě,dřevem,dřeva,dřev,dřevům,dřeva,dřeva,dřevech,dřevy
kombinace,combination,f,false,růže,B1,"misc,abstract",kombinace,kombinace,kombinaci,kombinaci,kombinace,kombinaci,kombinací,kombinace,kombinací,kombinacím,kombinace,kombinace,kombinacích,kombinacemi
mír,peace,m,false,hrad,B1,"misc,abstract",mír,míru,míru,mír,míre,míru,mírem,míry,mírů,mírům,míry,míry,mírech,míry
vrchol,top,m,false,hrad,B1,"misc,abstract",vrchol,vrcholu,vrcholu,vrchol,vrchole,vrcholu,vrcholem,vrcholy,vrcholů,vrcholům,vrcholy,vrcholy,vrcholech,vrcholy
víra,belief,f,false,žena,B1,"misc,abstract",víra,víry,víře,víru,víro,víře,vírou,víry,věr,vírám,víry,víry,vírách,vírami
přechod,crossing,m,false,hrad,A2,"misc,abstract",přechod,přechodu,přechodu,přechod,přechode,přechodě,přechodem,přechody,přechodů,přechodům,přechody,přechody,přechodech,přechody
úředník,clerk,m,true,pán,B1,"misc,profession",úředník,úředníka,úředníkovi,úředníka,úředníku,úředníkovi,úředníkem,úředníci,úředníků,úředníkům,úředníky,úředníci,úřednících,úředníky
znak,sign,m,false,hrad,B1,"misc,abstract",znak,znaku,znaku,znak,znaku,znaku,znakem,znaky,znaků,znakům,znaky,znaky,znacích,znaky
předpis,regulation,m,false,hrad,A2,"misc,readable",předpis,předpisu,předpisu,předpis,předpise,předpise,předpisem,předpisy,předpisů,předpisům,předpisy,předpisy,předpisech,předpisy
složka,component,f,false,žena,B1,"misc,abstract",složka,složky,složce,složku,složko,složce,složkou,složky,složek,složkám,složky,složky,složkách,složkami
špička,tip,f,false,žena,A1,"misc,abstract",špička,špičky,špičce,špičku,špičko,špičce,špičkou,špičky,špiček,špičkám,špičky,špičky,špičkách,špičkami
varianta,variant,f,false,žena,B1,"misc,abstract",varianta,varianty,variantě,variantu,varianto,variantě,variantou,varianty,variant,variantám,varianty,varianty,variantách,variantami
výbor,committee,m,false,hrad,B1,"misc,abstract",výbor,výboru,výboru,výbor,výbore,výboru,výborem,výbory,výborů,výborům,výbory,výbory,výborech,výbory
ekonomika,economy,f,false,žena,B1,"misc,abstract",ekonomika,ekonomiky,ekonomice,ekonomiku,ekonomiko,ekonomice,ekonomikou,ekonomiky,ekonomik,ekonomikám,ekonomiky,ekonomiky,ekonomikách,ekonomikami
úloha,role,f,false,žena,B1,"misc,abstract",úloha,úlohy,úloze,úlohu,úloho,úloze,úlohou,úlohy,úloh,úlohám,úlohy,úlohy,úlohách,úlohami
kost,bone,f,false,kost,A2,body,kost,kosti,kosti,kost,kosti,kosti,kostí,kosti,kostí,kostem,kosti,kosti,kostech,kostmi
vězení,prison,n,false,stavení,B1,"places,v_place",vězení,vězení,vězení,vězení,vězení,vězení,vězením,vězení,vězení,vězením,vězení,vězení,vězeních,vězeními
sklo,glass,n,false,město,A1,objects,sklo,skla,sklu,sklo,sklo,skle,sklem,skla,skel,sklům,skla,skla,sklech,skly
ret,lip,m,false,hrad,A1,body,ret,rtu,rtu,ret,rte,rtu,rtem,rty,rtů,rtům,rty,rty,rtech,rty
tabulka,chart,f,false,žena,A1,objects,tabulka,tabulky,tabulce,tabulku,tabulko,tabulce,tabulkou,tabulky,tabulek,tabulkám,tabulky,tabulky,tabulkách,tabulkami
poslanec,deputy,m,true,muž,B1,"misc,people,profession",poslanec,poslance,poslanci,poslance,poslanče,poslanci,poslancem,poslanci,poslanců,poslancům,poslance,poslanci,poslancích,poslanci
produkce,production,f,false,růže,B1,"misc,abstract",produkce,produkce,produkci,produkci,produkce,produkci,produkcí,produkce,produkcí,produkcím,produkce,produkce,produkcích,produkcemi
krása,beauty,f,false,žena,A1,"misc,abstract",krása,krásy,kráse,krásu,kráso,kráse,krásou,krásy,krás,krásám,krásy,krásy,krásách,krásami
radnice,town hall,f,false,růže,A2,"places,na_place",radnice,radnice,radnici,radnici,radnice,radnici,radnicí,radnice,radnic,radnicím,radnice,radnice,radnicích,radnicemi
dech,breath,m,false,hrad,A1,"misc,abstract",dech,dechu,dechu,dech,dechu,dechu,dechem,dechy,dechů,dechům,dechy,dechy,deších,dechy
prospěch,benefit,m,false,hrad,B1,"misc,abstract",prospěch,prospěchu,prospěchu,prospěch,prospěchu,prospěchu,prospěchem,prospěchy,prospěchů,prospěchům,prospěchy,prospěchy,prospěších,prospěchy
vydání,edition,n,false,stavení,B1,"misc,abstract",vydání,vydání,vydání,vydání,vydání,vydání,vydáním,vydání,vydání,vydáním,vydání,vydání,vydáních,vydáními
přání,wish,n,false,stavení,B1,"misc,abstract",přání,přání,přání,přání,přání,přání,přáním,přání,přání,přáním,přání,přání,přáních,přáními
profesor,professor,m,true,pán,A2,"misc,people,profession",profesor,profesora,profesorovi,profesora,profesore,profesorovi,profesorem,profesoři,profesorů,profesorům,profesory,profesoři,profesorech,profesory
styk,contact,m,false,hrad,B1,"misc,abstract",styk,styku,styku,styk,styku,styku,stykem,styky,styků,stykům,styky,styky,stycích,styky
mozek,brain,m,false,hrad,B1,body,mozek,mozku,mozku,mozek,mozku,mozku,mozkem,mozky,mozků,mozkům,mozky,mozky,mozcích,mozky
svědek,witness,m,true,pán,B1,"misc,people",svědek,svědka,svědkovi,svědka,svědku,svědkovi,svědkem,svědci,svědků,svědkům,svědky,svědci,svědcích,svědky
herec,actor,m,true,muž,A1,"misc,people,profession",herec,herce,herci,herce,herče,herci,hercem,herci,herců,hercům,herce,herci,hercích,herci
tábor,camp,m,false,hrad,A1,"misc,abstract",tábor,tábora,táboru,tábor,tábore,táboře,táborem,tábory,táborů,táborům,tábory,tábory,táborech,tábory
úsilí,effort,n,false,stavení,B1,"misc,abstract",úsilí,úsilí,úsilí,úsilí,úsilí,úsilí,úsilím,úsilí,úsilí,úsilím,úsilí,úsilí,úsilích,úsilími
výstavba,building,f,false,žena,B2,"misc,abstract",výstavba,výstavby,výstavbě,výstavbu,výstavbo,výstavbě,výstavbou,výstavby,výstaveb,výstavbám,výstavby,výstavby,výstavbách,výstavbami
poloha,position,f,false,žena,B1,"misc,abstract",poloha,polohy,poloze,polohu,poloho,poloze,polohou,polohy,poloh,polohám,polohy,polohy,polohách,polohami
rozměr,dimension,m,false,hrad,B1,"misc,abstract",rozměr,rozměru,rozměru,rozměr,rozměre,rozměru,rozměrem,rozměry,rozměrů,rozměrům,rozměry,rozměry,rozměrech,rozměry
mladík,young man,m,true,pán,A2,"misc,people",mladík,mladíka,mladíkovi,mladíka,mladíku,mladíkovi,mladíkem,mladíci,mladíků,mladíkům,mladíky,mladíci,mladících,mladíky
křeslo,(arm)chair,n,false,město,A1,"objects,sittable",křeslo,křesla,křeslu,křeslo,křeslo,křesle,křeslem,křesla,křesel,křeslům,křesla,křesla,křeslech,křesly
hladina,level,f,false,žena,B1,"misc,abstract",hladina,hladiny,hladině,hladinu,hladino,hladině,hladinou,hladiny,hladin,hladinám,hladiny,hladiny,hladinách,hladinami
kopec,hill,m,false,stroj,B1,"nature,places,na_place",kopec,kopce,kopci,kopec,kopci,kopci,kopcem,kopce,kopců,kopcům,kopce,kopce,kopcích,kopci
žák,pupil,m,true,pán,A1,"misc,people",žák,žáka,žákovi,žáka,žáku,žákovi,žákem,žáci,žáků,žákům,žáky,žáci,žácích,žáky
brána,gate,f,false,žena,A2,"places,v_place",brána,brány,bráně,bránu,bráno,bráně,bránou,brány,bran,bránám,brány,brány,bránách,bránami
čtenář,reader,m,true,muž,B1,"misc,abstract",čtenář,čtenáře,čtenáři,čtenáře,čtenáři,čtenáři,čtenářem,čtenáři,čtenářů,čtenářům,čtenáře,čtenáři,čtenářích,čtenáři
krize,crisis,f,false,růže,B1,"misc,abstract",krize,krize,krizi,krizi,krize,krizi,krizí,krize,krizí,krizím,krize,krize,krizích,krizemi
výměna,exchange,f,false,žena,B1,"misc,abstract",výměna,výměny,výměně,výměnu,výměno,výměně,výměnou,výměny,výměn,výměnám,výměny,výměny,výměnách,výměnami
zvyk,habit,m,false,hrad,A2,"misc,abstract",zvyk,zvyku,zvyku,zvyk,zvyku,zvyku,zvykem,zvyky,zvyků,zvykům,zvyky,zvyky,zvycích,zvyky
starosta,mayor,m,true,předseda,A2,"misc,people,profession",starosta,starosty,starostovi,starostu,starosto,starostovi,starostou,starostové,starostů,starostům,starosty,starostové,starostech,starosty
současnost,today,f,false,kost,B1,"time,era",současnost,současnosti,současnosti,současnost,současnosti,současnosti,současností,současnosti,současností,současnostem,současnosti,současnosti,současnostech,současnostmi
tisk,press,m,false,hrad,B1,"misc,abstract",tisk,tisku,tisku,tisk,tisku,tisku,tiskem,tisky,tisků,tiskům,tisky,tisky,tiscích,tisky
konstrukce,construction,f,false,růže,B1,"misc,abstract",konstrukce,konstrukce,konstrukci,konstrukci,konstrukce,konstrukci,konstrukcí,konstrukce,konstrukcí,konstrukcím,konstrukce,konstrukce,konstrukcích,konstrukcemi
zásah,hit,m,false,hrad,B1,"misc,abstract",zásah,zásahu,zásahu,zásah,zásahu,zásahu,zásahem,zásahy,zásahů,zásahům,zásahy,zásahy,zásazích,zásahy
region,region,m,false,hrad,A2,"places,v_place",region,regionu,regionu,region,regione,regionu,regionem,regiony,regionů,regionům,regiony,regiony,regionech,regiony
lístek,ticket,m,false,hrad,A1,"objects,readable,portable",lístek,lístku,lístku,lístek,lístku,lístku,lístkem,lístky,lístků,lístkům,lístky,lístky,lístcích,lístky
pták,bird,m,true,pán,A1,animals,pták,ptáka,ptákovi,ptáka,ptáku,ptákovi,ptákem,ptáci,ptáků,ptákům,ptáky,ptáci,ptácích,ptáky
kariéra,career,f,false,žena,A2,"misc,abstract",kariéra,kariéry,kariéře,kariéru,kariéro,kariéře,kariérou,kariéry,kariér,kariérám,kariéry,kariéry,kariérách,kariérami
reklama,advertisement,f,false,žena,B1,"misc,readable",reklama,reklamy,reklamě,reklamu,reklamo,reklamě,reklamou,reklamy,reklam,reklamám,reklamy,reklamy,reklamách,reklamami
objem,capacity,m,false,hrad,B1,"misc,abstract",objem,objemu,objemu,objem,objeme,objemu,objemem,objemy,objemů,objemům,objemy,objemy,objemech,objemy
patro,floor,n,false,město,A1,"places,na_place",patro,patra,patru,patro,patro,patru,patrem,patra,pater,patrům,patra,patra,patrech,patry
automobil,automobile,m,false,hrad,A2,transportation,automobil,automobilu,automobilu,automobil,automobile,automobilu,automobilem,automobily,automobilů,automobilům,automobily,automobily,automobilech,automobily
tajemství,secret,n,false,stavení,A2,"misc,abstract",tajemství,tajemství,tajemství,tajemství,tajemství,tajemství,tajemstvím,tajemství,tajemství,tajemstvím,tajemství,tajemství,tajemstvích,tajemstvími
studie,study,f,false,růže,A1,"misc,abstract",studie,studie,studii,studii,studie,studii,studií,studie,studií,studiím,studie,studie,studiích,studiemi
fronta,queue,f,false,žena,B1,"misc,abstract",fronta,fronty,frontě,frontu,fronto,frontě,frontou,fronty,front,frontám,fronty,fronty,frontách,frontami
sál,hall,m,false,hrad,B1,"places,v_place",sál,sálu,sálu,sál,sále,sále,sálem,sály,sálů,sálům,sály,sály,sálech,sály
alkohol,alcohol,m,false,hrad,A1,"misc,abstract",alkohol,alkoholu,alkoholu,alkohol,alkohole,alkoholu,alkoholem,alkoholy,alkoholů,alkoholům,alkoholy,alkoholy,alkoholech,alkoholy
píseň,song,f,false,píseň,B1,"misc,abstract",píseň,písně,písni,píseň,písni,písni,písní,písně,písní,písním,písně,písně,písních,písněmi
dno,bottom,n,false,město,B1,"misc,abstract",dno,dna,dnu,dno,dno,dně,dnem,dna,den,dnům,dna,dna,dnech,dny
déšť,rain,m,false,stroj,A1,"nature,weather",déšť,deště,dešti,déšť,dešti,dešti,deštěm,deště,dešťů,dešťům,deště,deště,deštích,dešti
svátek,holiday,m,false,hrad,A1,"time,event,holiday",svátek,svátku,svátku,svátek,svátku,svátku,svátkem,svátky,svátků,svátkům,svátky,svátky,svátcích,svátky
hodnocení,evaluation,n,false,stavení,A2,"misc,abstract",hodnocení,hodnocení,hodnocení,hodnocení,hodnocení,hodnocení,hodnocením,hodnocení,hodnocení,hodnocením,hodnocení,hodnocení,hodnoceních,hodnoceními
klient,client,m,true,pán,A2,"misc,abstract",klient,klienta,klientovi,klienta,kliente,klientovi,klientem,klienti,klientů,klientům,klienty,klienti,klientech,klienty
okruh,radius,m,false,hrad,B2,"misc,abstract",okruh,okruhu,okruhu,okruh,okruhu,okruhu,okruhem,okruhy,okruhů,okruhům,okruhy,okruhy,okruzích,okruhy
sport,sport,m,false,hrad,A1,"misc,abstract",sport,sportu,sportu,sport,sporte,sportu,sportem,sporty,sportů,sportům,sporty,sporty,sportech,sporty
odpovědnost,responsibility,f,false,kost,B1,"misc,abstract",odpovědnost,odpovědnosti,odpovědnosti,odpovědnost,odpovědnosti,odpovědnosti,odpovědností,odpovědnosti,odpovědností,odpovědnostem,odpovědnosti,odpovědnosti,odpovědnostech,odpovědnostmi
manažer,manager,m,true,pán,B1,"misc,people,profession",manažer,manažera,manažerovi,manažera,manažere,manažerovi,manažerem,manažeři,manažerů,manažerům,manažery,manažeři,manažerech,manažery
sdružení,association,n,false,stavení,B1,"misc,abstract",sdružení,sdružení,sdružení,sdružení,sdružení,sdružení,sdružením,sdružení,sdružení,sdružením,sdružení,sdružení,sdruženích,sdruženími
vzor,example,m,false,hrad,B1,"misc,abstract",vzor,vzoru,vzoru,vzor,vzore,vzoru,vzorem,vzory,vzorů,vzorům,vzory,vzory,vzorech,vzory
chudák,poor person,m,true,pán,A1,"misc,people",chudák,chudáka,chudákovi,chudáka,chudáku,chudákovi,chudákem,chudáci,chudáků,chudákům,chudáky,chudáci,chudácích,chudáky
dvůr,yard,m,false,hrad,A1,"misc,abstract",dvůr,dvora,dvoru,dvůr,dvore,dvoře,dvorem,dvory,dvorů,dvorům,dvory,dvory,dvorech,dvory
motor,motor,m,false,hrad,A1,"misc,objects",motor,motoru,motoru,motor,motore,motoru,motorem,motory,motorů,motorům,motory,motory,motorech,motory
hnutí,movement,n,false,stavení,A2,"misc,abstract",hnutí,hnutí,hnutí,hnutí,hnutí,hnutí,hnutím,hnutí,hnutí,hnutím,hnutí,hnutí,hnutích,hnutími
parlament,parliament,m,false,hrad,B1,"misc,places,v_place",parlament,parlamentu,parlamentu,parlament,parlamente,parlamentě,parlamentem,parlamenty,parlamentů,parlamentům,parlamenty,parlamenty,parlamentech,parlamenty
zážitek,experience,m,false,hrad,B1,"misc,abstract",zážitek,zážitku,zážitku,zážitek,zážitku,zážitku,zážitkem,zážitky,zážitků,zážitkům,zážitky,zážitky,zážitcích,zážitky
trenér,trainer,m,true,pán,A1,"misc,people,profession",trenér,trenéra,trenérovi,trenéra,trenére,trenérovi,trenérem,trenéři,trenérů,trenérům,trenéry,trenéři,trenérech,trenéry
tón,tone,m,false,hrad,B1,"misc,abstract",tón,tónu,tónu,tón,tóne,tóně,tónem,tóny,tónů,tónům,tóny,tóny,tónech,tóny
dávka,portion,f,false,žena,A1,"misc,abstract",dávka,dávky,dávce,dávku,dávko,dávce,dávkou,dávky,dávek,dávkám,dávky,dávky,dávkách,dávkami
plyn,gas,m,false,hrad,A1,"misc,abstract",plyn,plynu,plynu,plyn,plyne,plynu,plynem,plyny,plynů,plynům,plyny,plyny,plynech,plyny
nepřítel,enemy,m,true,muž,B1,"misc,people",nepřítel,nepřítele,nepříteli,nepřítele,nepříteli,nepříteli,nepřítelem,nepřátelé,nepřátel,nepřátelům,nepřátele,nepřátelé,nepřátelích,nepřáteli
umělec,artist,m,true,muž,B1,"misc,people,profession",umělec,umělce,umělci,umělce,umělče,umělci,umělcem,umělci,umělců,umělcům,umělce,umělci,umělcích,umělci
omezení,limitation,n,false,stavení,B1,"misc,abstract",omezení,omezení,omezení,omezení,omezení,omezení,omezením,omezení,omezení,omezením,omezení,omezení,omezeních,omezeními
knihovna,library,f,false,žena,A1,"places,v_place",knihovna,knihovny,knihovně,knihovnu,knihovno,knihovně,knihovnou,knihovny,knihoven,knihovnám,knihovny,knihovny,knihovnách,knihovnami
sídlo,residence,n,false,město,B1,"misc,abstract",sídlo,sídla,sídlu,sídlo,sídlo,sídle,sídlem,sídla,sídel,sídlům,sídla,sídla,sídlech,sídly
sbírka,collection,f,false,žena,B1,"misc,abstract",sbírka,sbírky,sbírce,sbírku,sbírko,sbírce,sbírkou,sbírky,sbírek,sbírkám,sbírky,sbírky,sbírkách,sbírkami
příspěvek,contribution,m,false,hrad,B1,"misc,abstract",příspěvek,příspěvku,příspěvku,příspěvek,příspěvku,příspěvku,příspěvkem,příspěvky,příspěvků,příspěvkům,příspěvky,příspěvky,příspěvcích,příspěvky
jev,phenomenon,m,false,hrad,B2,"misc,abstract",jev,jevu,jevu,jev,jeve,jevu,jevem,jevy,jevů,jevům,jevy,jevy,jevech,jevy
zpracování,processing,n,false,stavení,B1,"misc,abstract",zpracování,zpracování,zpracování,zpracování,zpracování,zpracování,zpracováním,zpracování,zpracování,zpracováním,zpracování,zpracování,zpracováních,zpracováními
vzdálenost,distance,f,false,kost,A2,"misc,abstract",vzdálenost,vzdálenosti,vzdálenosti,vzdálenost,vzdálenosti,vzdálenosti,vzdáleností,vzdálenosti,vzdáleností,vzdálenostem,vzdálenosti,vzdálenosti,vzdálenostech,vzdálenostmi
pacient,patient,m,true,pán,A1,"misc,people",pacient,pacienta,pacientovi,pacienta,paciente,pacientovi,pacientem,pacienti,pacientů,pacientům,pacienty,pacienti,pacientech,pacienty
linka,line,f,false,žena,A1,"misc,abstract",linka,linky,lince,linku,linko,lince,linkou,linky,linek,linkám,linky,linky,linkách,linkami
deník,diary,m,false,hrad,A2,"misc,readable",deník,deníku,deníku,deník,deníku,deníku,deníkem,deníky,deníků,deníkům,deníky,deníky,denících,deníky
dlaň,palm,f,false,píseň,B1,"body,surface_body",dlaň,dlaně,dlani,dlaň,dlani,dlani,dlaní,dlaně,dlaní,dlaním,dlaně,dlaně,dlaních,dlaněmi
křídlo,wing,n,false,město,B1,"misc,abstract",křídlo,křídla,křídlu,křídlo,křídlo,křídle,křídlem,křídla,křídel,křídlům,křídla,křídla,křídlech,křídly
středisko,centre,n,false,město,B1,"places,v_place",středisko,střediska,středisku,středisko,středisko,středisku,střediskem,střediska,středisek,střediskům,střediska,střediska,střediskách,středisky
realita,reality,f,false,žena,B1,"misc,abstract",realita,reality,realitě,realitu,realito,realitě,realitou,reality,realit,realitám,reality,reality,realitách,realitami
překvapení,surprise,n,false,stavení,A2,"misc,abstract,feeling",překvapení,překvapení,překvapení,překvapení,překvapení,překvapení,překvapením,překvapení,překvapení,překvapením,překvapení,překvapení,překvapeních,překvapeními
známka,sign,f,false,žena,B1,"misc,abstract",známka,známky,známce,známku,známko,známce,známkou,známky,známek,známkám,známky,známky,známkách,známkami
přístroj,apparatus,m,false,stroj,B1,objects,přístroj,přístroje,přístroji,přístroj,přístroji,přístroji,přístrojem,přístroje,přístrojů,přístrojům,přístroje,přístroje,přístrojích,přístroji
oprava,repair,f,false,žena,A2,"misc,abstract",oprava,opravy,opravě,opravu,opravo,opravě,opravou,opravy,oprav,opravám,opravy,opravy,opravách,opravami
moment,moment,m,false,hrad,A1,"time,duration",moment,momentu,momentu,moment,momente,momentě,momentem,momenty,momentů,momentům,momenty,momenty,momentech,momenty
díra,hole,f,false,žena,A1,"misc,abstract",díra,díry,díře,díru,díro,díře,dírou,díry,děr,dírám,díry,díry,dírách,dírami
snížení,reduction,n,false,stavení,A2,"misc,abstract",snížení,snížení,snížení,snížení,snížení,snížení,snížením,snížení,snížení,snížením,snížení,snížení,sníženích,sníženími
premiér,premier,m,true,pán,B1,"misc,people",premiér,premiéra,premiérovi,premiéra,premiére,premiérovi,premiérem,premiéři,premiérů,premiérům,premiéry,premiéři,premiérech,premiéry
test,test,m,false,hrad,A1,"misc,abstract",test,testu,testu,test,teste,testu,testem,testy,testů,testům,testy,testy,testech,testy
dáma,lady,f,false,žena,A1,"misc,people",dáma,dámy,dámě,dámu,dámo,dámě,dámou,dámy,dam,dámám,dámy,dámy,dámách,dámami
výlet,trip,m,false,hrad,B1,"misc,abstract",výlet,výletu,výletu,výlet,výlete,výletě,výletem,výlety,výletů,výletům,výlety,výlety,výletech,výlety
rozum,reason,m,false,hrad,B1,"misc,abstract",rozum,rozumu,rozumu,rozum,rozume,rozumu,rozumem,rozumy,rozumů,rozumům,rozumy,rozumy,rozumech,rozumy
vteřina,second,f,false,žena,A1,"time,duration",vteřina,vteřiny,vteřině,vteřinu,vteřino,vteřině,vteřinou,vteřiny,vteřin,vteřinám,vteřiny,vteřiny,vteřinách,vteřinami
přehled,survey,m,false,hrad,B1,"misc,abstract",přehled,přehledu,přehledu,přehled,přehlede,přehledu,přehledem,přehledy,přehledů,přehledům,přehledy,přehledy,přehledech,přehledy
pošta,post office,f,false,žena,A1,"places,na_place",pošta,pošty,poště,poštu,pošto,poště,poštou,pošty,pošt,poštám,pošty,pošty,poštách,poštami
hlad,hunger,m,false,hrad,A1,abstract,hlad,hladu,hladu,hlad,hlade,hladu,hladem,hlady,hladů,hladům,hlady,hlady,hladech,hlady
zájemce,interested person,m,true,soudce,A2,"misc,people",zájemce,zájemce,zájemci,zájemce,zájemce,zájemci,zájemcem,zájemci,zájemců,zájemcům,zájemce,zájemci,zájemcích,zájemci
hmota,matter,f,false,žena,B1,"misc,abstract",hmota,hmoty,hmotě,hmotu,hmoto,hmotě,hmotou,hmoty,hmot,hmotám,hmoty,hmoty,hmotách,hmotami
plat,pay,m,false,hrad,B1,"misc,abstract",plat,platu,platu,plat,plate,platě,platem,platy,platů,platům,platy,platy,platech,platy
trend,trend,m,false,hrad,B1,"misc,abstract",trend,trendu,trendu,trend,trende,trendu,trendem,trendy,trendů,trendům,trendy,trendy,trendech,trendy
soulad,accordance,m,false,hrad,A2,"misc,abstract",soulad,souladu,souladu,soulad,soulade,souladu,souladem,soulady,souladů,souladům,soulady,soulady,souladech,soulady
koncepce,concept,f,false,růže,B1,"misc,abstract",koncepce,koncepce,koncepci,koncepci,koncepce,koncepci,koncepcí,koncepce,koncepcí,koncepcím,koncepce,koncepce,koncepcích,koncepcemi
olej,oil,m,false,stroj,A1,food,olej,oleje,oleji,olej,oleji,oleji,olejem,oleje,olejů,olejům,oleje,oleje,olejích,oleji
cigareta,cigarette,f,false,žena,A1,"misc,abstract",cigareta,cigarety,cigaretě,cigaretu,cigareto,cigaretě,cigaretou,cigarety,cigaret,cigaretám,cigarety,cigarety,cigaretách,cigaretami
omyl,mistake,m,false,hrad,A2,"misc,abstract",omyl,omylu,omylu,omyl,omyle,omylu,omylem,omyly,omylů,omylům,omyly,omyly,omylech,omyly
zaměstnání,job,n,false,stavení,B1,"misc,abstract",zaměstnání,zaměstnání,zaměstnání,zaměstnání,zaměstnání,zaměstnání,zaměstnáním,zaměstnání,zaměstnání,zaměstnáním,zaměstnání,zaměstnání,zaměstnáních,zaměstnáními
pořad,programme,m,false,hrad,B1,"misc,abstract",pořad,pořadu,pořadu,pořad,pořade,pořadu,pořadem,pořady,pořadů,pořadům,pořady,pořady,pořadech,pořady
hala,hall,f,false,žena,A1,"places,v_place",hala,haly,hale,halu,halo,hale,halou,haly,hal,halám,haly,haly,halách,halami
domácnost,household,f,false,kost,B1,"places,v_place",domácnost,domácnosti,domácnosti,domácnost,domácnosti,domácnosti,domácností,domácnosti,domácností,domácnostem,domácnosti,domácnosti,domácnostech,domácnostmi
dálka,distance,f,false,žena,B1,"misc,abstract",dálka,dálky,dálce,dálku,dálko,dálce,dálkou,dálky,dálek,dálkám,dálky,dálky,dálkách,dálkami
vzdělání,education,n,false,stavení,B1,"misc,abstract",vzdělání,vzdělání,vzdělání,vzdělání,vzdělání,vzdělání,vzděláním,vzdělání,vzdělání,vzděláním,vzdělání,vzdělání,vzděláních,vzděláními
série,series,f,false,růže,A1,"misc,abstract",série,série,sérii,sérii,série,sérii,sérií,série,sérií,sériím,série,série,sériích,sériemi
hromada,heap,f,false,žena,B1,"misc,abstract",hromada,hromady,hromadě,hromadu,hromado,hromadě,hromadou,hromady,hromad,hromadám,hromady,hromady,hromadách,hromadami
efekt,effect,m,false,hrad,B1,"misc,abstract",efekt,efektu,efektu,efekt,efekte,efektu,efektem,efekty,efektů,efektům,efekty,efekty,efektech,efekty
představení,performance,n,false,stavení,B1,"misc,event,gathering,quiet_event",představení,představení,představení,představení,představení,představení,představením,představení,představení,představením,představení,představení,představeních,představeními
rádio,radio,n,false,město,A1,objects,rádio,rádia,rádiu,rádio,rádio,rádiu,rádiem,rádia,rádií,rádiím,rádia,rádia,rádiích,rádii
problematika,issues,f,false,žena,B1,"misc,abstract",problematika,problematiky,problematice,problematiku,problematiko,problematice,problematikou,problematiky,problematik,problematikám,problematiky,problematiky,problematikách,problematikami
konflikt,conflict,m,false,hrad,B1,"misc,abstract",konflikt,konfliktu,konfliktu,konflikt,konflikte,konfliktu,konfliktem,konflikty,konfliktů,konfliktům,konflikty,konflikty,konfliktech,konflikty
symbol,symbol,m,false,hrad,B1,"misc,abstract",symbol,symbolu,symbolu,symbol,symbole,symbolu,symbolem,symboly,symbolů,symbolům,symboly,symboly,symbolech,symboly
úsek,section,m,false,hrad,B1,"misc,abstract",úsek,úseku,úseku,úsek,úseku,úseku,úsekem,úseky,úseků,úsekům,úseky,úseky,úsecích,úseky
zásoba,supply,f,false,žena,B1,"misc,abstract",zásoba,zásoby,zásobě,zásobu,zásobo,zásobě,zásobou,zásoby,zásob,zásobám,zásoby,zásoby,zásobách,zásobami
pozemek,plot,m,false,hrad,B1,"misc,abstract",pozemek,pozemku,pozemku,pozemek,pozemku,pozemku,pozemkem,pozemky,pozemků,pozemkům,pozemky,pozemky,pozemcích,pozemky
tatínek,daddy,m,true,pán,A1,family,tatínek,tatínka,tatínkovi,tatínka,tatínku,tatínkovi,tatínkem,tatínci,tatínků,tatínkům,tatínky,tatínci,tatíncích,tatínky
spánek,sleep,m,false,hrad,A1,"misc,abstract",spánek,spánku,spánku,spánek,spánku,spánku,spánkem,spánky,spánků,spánkům,spánky,spánky,spáncích,spánky
nůž,knife,m,false,stroj,A1,"objects,portable",nůž,nože,noži,nůž,noži,noži,nožem,nože,nožů,nožům,nože,nože,nožích,noži
konference,conference,f,false,růže,B1,"misc,abstract",konference,konference,konferenci,konferenci,konference,konferenci,konferencí,konference,konferencí,konferencím,konference,konference,konferencích,konferencemi
oslava,celebration,f,false,žena,B1,"misc,event,gathering",oslava,oslavy,oslavě,oslavu,oslavo,oslavě,oslavou,oslavy,oslav,oslavám,oslavy,oslavy,oslavách,oslavami
liga,league,f,false,žena,A1,"misc,abstract",liga,ligy,lize,ligu,ligo,lize,ligou,ligy,lig,ligám,ligy,ligy,ligách,ligami
vybavení,equipment,n,false,stavení,B1,"misc,abstract",vybavení,vybavení,vybavení,vybavení,vybavení,vybavení,vybavením,vybavení,vybavení,vybavením,vybavení,vybavení,vybaveních,vybaveními
mapa,map,f,false,žena,A1,"objects,readable,portable",mapa,mapy,mapě,mapu,mapo,mapě,mapou,mapy,map,mapám,mapy,mapy,mapách,mapami
závislost,addiction,f,false,kost,B1,"misc,abstract",závislost,závislosti,závislosti,závislost,závislosti,závislosti,závislostí,závislosti,závislostí,závislostem,závislosti,závislosti,závislostech,závislostmi
zranění,injury,n,false,stavení,A2,"misc,abstract",zranění,zranění,zranění,zranění,zranění,zranění,zraněním,zranění,zranění,zraněním,zranění,zranění,zraněních,zraněními
vytvoření,creation,n,false,stavení,A2,"misc,abstract",vytvoření,vytvoření,vytvoření,vytvoření,vytvoření,vytvoření,vytvořením,vytvoření,vytvoření,vytvořením,vytvoření,vytvoření,vytvořeních,vytvořeními
kritika,criticism,f,false,žena,B1,"misc,abstract",kritika,kritiky,kritice,kritiku,kritiko,kritice,kritikou,kritiky,kritik,kritikám,kritiky,kritiky,kritikách,kritikami
rozšíření,expansion,n,false,stavení,B1,"misc,abstract",rozšíření,rozšíření,rozšíření,rozšíření,rozšíření,rozšíření,rozšířením,rozšíření,rozšíření,rozšířením,rozšíření,rozšíření,rozšířeních,rozšířeními
sever,north,m,false,hrad,A1,"misc,abstract",sever,severu,severu,sever,severe,severu,severem,severy,severů,severům,severy,severy,severech,severy
břicho,stomach,n,false,město,B1,body,břicho,břicha,břichu,břicho,břicho,břichu,břichem,břicha,břich,břichům,břicha,břicha,břichách,břichy
cizinec,foreigner,m,true,muž,A2,"misc,people",cizinec,cizince,cizinci,cizince,cizinče,cizinci,cizincem,cizinci,cizinců,cizincům,cizince,cizinci,cizincích,cizinci
slečna,miss,f,false,žena,A1,"family,people",slečna,slečny,slečně,slečnu,slečno,slečně,slečnou,slečny,slečen,slečnám,slečny,slečny,slečnách,slečnami
památka,memory,f,false,žena,B1,"misc,abstract",památka,památky,památce,památku,památko,památce,památkou,památky,památek,památkám,památky,památky,památkách,památkami
lék,drug,m,false,hrad,B1,"misc,abstract",lék,léku,léku,lék,léku,léku,lékem,léky,léků,lékům,léky,léky,lécích,léky
konkurence,competition,f,false,růže,B1,"misc,abstract",konkurence,konkurence,konkurenci,konkurenci,konkurence,konkurenci,konkurencí,konkurence,konkurencí,konkurencím,konkurence,konkurence,konkurencích,konkurencemi
fotbal,football,m,false,hrad,A1,"misc,event,gathering",fotbal,fotbalu,fotbalu,fotbal,fotbale,fotbale,fotbalem,fotbaly,fotbalů,fotbalům,fotbaly,fotbaly,fotbalech,fotbaly
režisér,director,m,true,pán,B1,"misc,people,profession",režisér,režiséra,režisérovi,režiséra,režisére,režisérovi,režisérem,režiséři,režisérů,režisérům,režiséry,režiséři,režisérech,režiséry
zábava,fun,f,false,žena,B1,"misc,abstract",zábava,zábavy,zábavě,zábavu,zábavo,zábavě,zábavou,zábavy,zábav,zábavám,zábavy,zábavy,zábavách,zábavami
doklad,certificate,m,false,hrad,B1,"objects,readable,portable",doklad,dokladu,dokladu,doklad,doklade,dokladě,dokladem,doklady,dokladů,dokladům,doklady,doklady,dokladech,doklady
záchod,toilet (informal),m,false,hrad,A1,"places,na_place,indoor",záchod,záchodu,záchodu,záchod,záchode,záchodě,záchodem,záchody,záchodů,záchodům,záchody,záchody,záchodech,záchody
realizace,implementation,f,false,růže,B1,"misc,abstract",realizace,realizace,realizaci,realizaci,realizace,realizaci,realizací,realizace,realizací,realizacím,realizace,realizace,realizacích,realizacemi
vítěz,winner,m,true,muž,B1,"misc,people",vítěz,vítěze,vítězi,vítěze,vítězi,vítězi,vítězem,vítězové,vítězů,vítězům,vítěze,vítězové,vítězích,vítězi
schůzka,date,f,false,žena,A1,"misc,event,gathering",schůzka,schůzky,schůzce,schůzku,schůzko,schůzce,schůzkou,schůzky,schůzek,schůzkám,schůzky,schůzky,schůzkách,schůzkami
souhlas,consent,m,false,hrad,B1,"misc,abstract",souhlas,souhlasu,souhlasu,souhlas,souhlase,souhlase,souhlasem,souhlasy,souhlasů,souhlasům,souhlasy,souhlasy,souhlasech,souhlasy
budoucno,future,n,false,město,B1,"time,era",budoucno,budoucna,budoucnu,budoucno,budoucno,budoucnu,budoucnem,,,,,,,
aplikace,application,f,false,růže,A2,"misc,abstract",aplikace,aplikace,aplikaci,aplikaci,aplikace,aplikaci,aplikací,aplikace,aplikací,aplikacím,aplikace,aplikace,aplikacích,aplikacemi
prach,dust,m,false,hrad,B1,"misc,abstract",prach,prachu,prachu,prach,prachu,prachu,prachem,prachy,prachů,prachům,prachy,prachy,praších,prachy
kafe,coffee,n,false,moře,A1,"food,drink",kafe,kafe,kafi,kafe,kafe,kafi,kafem,kafe,kafí,kafím,kafe,kafe,kafích,kafi
nutnost,necessity,f,false,kost,B1,"misc,abstract",nutnost,nutnosti,nutnosti,nutnost,nutnosti,nutnosti,nutností,nutnosti,nutností,nutnostem,nutnosti,nutnosti,nutnostech,nutnostmi
dvojice,pair,f,false,růže,A2,"misc,abstract",dvojice,dvojice,dvojici,dvojici,dvojice,dvojici,dvojicí,dvojice,dvojic,dvojicím,dvojice,dvojice,dvojicích,dvojicemi
jih,south,m,false,hrad,A1,"misc,abstract",jih,jihu,jihu,jih,jihu,jihu,jihem,jihy,jihů,jihům,jihy,jihy,jizích,jihy
pas,passport,m,false,hrad,A1,"misc,abstract",pas,pasu,pasu,pas,pase,pase,pasem,pasy,pasů,pasům,pasy,pasy,pasech,pasy
slza,tear,f,false,žena,A1,"body,feeling",slza,slzy,slze,slzu,slzo,slze,slzou,slzy,slz,slzám,slzy,slzy,slzách,slzami
důvěra,trust,f,false,žena,B1,"misc,abstract,feeling",důvěra,důvěry,důvěře,důvěru,důvěro,důvěře,důvěrou,důvěry,důvěr,důvěrám,důvěry,důvěry,důvěrách,důvěrami
hrdina,hero,m,true,předseda,B1,"misc,people",hrdina,hrdiny,hrdinovi,hrdinu,hrdino,hrdinovi,hrdinou,hrdinové,hrdinů,hrdinům,hrdiny,hrdinové,hrdinech,hrdiny
myšlení,thinking,n,false,stavení,B1,abstract,myšlení,myšlení,myšlení,myšlení,myšlení,myšlení,myšlením,myšlení,myšlení,myšlením,myšlení,myšlení,myšleních,myšleními
blízkost,vicinity,f,false,kost,A2,"misc,abstract",blízkost,blízkosti,blízkosti,blízkost,blízkosti,blízkosti,blízkostí,blízkosti,blízkostí,blízkostem,blízkosti,blízkosti,blízkostech,blízkostmi
svatba,wedding,f,false,žena,B1,"misc,event,gathering",svatba,svatby,svatbě,svatbu,svatbo,svatbě,svatbou,svatby,svateb,svatbám,svatby,svatby,svatbách,svatbami
sranda,fun,f,false,žena,A1,"misc,abstract,feeling",sranda,srandy,srandě,srandu,srando,srandě,srandou,srandy,srand,srandám,srandy,srandy,srandách,srandami
cit,emotion,m,false,hrad,B1,"misc,abstract,feeling",cit,citu,citu,cit,cite,citu,citem,city,citů,citům,city,city,citech,city
fakulta,faculty,f,false,žena,A1,"misc,places,na_place",fakulta,fakulty,fakultě,fakultu,fakulto,fakultě,fakultou,fakulty,fakult,fakultám,fakulty,fakulty,fakultách,fakultami
obchodník,trader,m,true,pán,B1,"misc,profession",obchodník,obchodníka,obchodníkovi,obchodníka,obchodníku,obchodníkovi,obchodníkem,obchodníci,obchodníků,obchodníkům,obchodníky,obchodníci,obchodnících,obchodníky
pár,couple,m,false,hrad,A1,"misc,abstract",pár,páru,páru,pár,páre,páru,párem,páry,párů,párům,páry,páry,párech,páry
blok,block,m,false,hrad,A1,"misc,abstract",blok,bloku,bloku,blok,bloku,bloku,blokem,bloky,bloků,blokům,bloky,bloky,blocích,bloky
domek,house,m,false,hrad,A1,"places,v_place",domek,domku,domku,domek,domku,domku,domkem,domky,domků,domkům,domky,domky,domcích,domky
dluh,debt,m,false,hrad,B1,"misc,abstract",dluh,dluhu,dluhu,dluh,dluhu,dluhu,dluhem,dluhy,dluhů,dluhům,dluhy,dluhy,dluzích,dluhy
hřiště,pitch,n,false,moře,A1,"misc,abstract",hřiště,hřiště,hřišti,hřiště,hřiště,hřišti,hřištěm,hřiště,hřišť,hřištím,hřiště,hřiště,hřištích,hřišti
kritérium,criterion,n,false,město,B1,"misc,abstract",kritérium,kritéria,kritériu,kritérium,kritérium,kritériu,kritériem,kritéria,kritérií,kritériím,kritéria,kritéria,kritériích,kritérii
příslušník,member,m,true,pán,B2,"misc,people",příslušník,příslušníka,příslušníkovi,příslušníka,příslušníku,příslušníkovi,příslušníkem,příslušníci,příslušníků,příslušníkům,příslušníky,příslušníci,příslušnících,příslušníky
jádro,kernel,n,false,město,B2,"misc,abstract",jádro,jádra,jádru,jádro,jádro,jádře,jádrem,jádra,jader,jádrům,jádra,jádra,jádrech,jádry
strategie,strategy,f,false,růže,B1,"misc,abstract",strategie,strategie,strategii,strategii,strategie,strategii,strategií,strategie,strategií,strategiím,strategie,strategie,strategiích,strategiemi
signál,signal,m,false,hrad,B1,"misc,abstract",signál,signálu,signálu,signál,signále,signále,signálem,signály,signálů,signálům,signály,signály,signálech,signály
kapacita,capacity,f,false,žena,B1,"misc,abstract",kapacita,kapacity,kapacitě,kapacitu,kapacito,kapacitě,kapacitou,kapacity,kapacit,kapacitám,kapacity,kapacity,kapacitách,kapacitami
záznam,entry,m,false,hrad,A2,"misc,abstract",záznam,záznamu,záznamu,záznam,zázname,záznamu,záznamem,záznamy,záznamů,záznamům,záznamy,záznamy,záznamech,záznamy
znamení,sign,n,false,stavení,A2,"misc,abstract",znamení,znamení,znamení,znamení,znamení,znamení,znamením,znamení,znamení,znamením,znamení,znamení,znameních,znameními
provedení,version,n,false,stavení,A2,"misc,abstract",provedení,provedení,provedení,provedení,provedení,provedení,provedením,provedení,provedení,provedením,provedení,provedení,provedeních,provedeními
rovina,plain,f,false,žena,A2,"misc,abstract",rovina,roviny,rovině,rovinu,rovino,rovině,rovinou,roviny,rovin,rovinám,roviny,roviny,rovinách,rovinami
průzkum,survey,m,false,hrad,A2,"misc,abstract",průzkum,průzkumu,průzkumu,průzkum,průzkume,průzkumu,průzkumem,průzkumy,průzkumů,průzkumům,průzkumy,průzkumy,průzkumech,průzkumy
označení,mark,n,false,stavení,A2,"misc,abstract",označení,označení,označení,označení,označení,označení,označením,označení,označení,označením,označení,označení,označeních,označeními
poznání,knowledge,n,false,stavení,A2,"misc,abstract",poznání,poznání,poznání,poznání,poznání,poznání,poznáním,poznání,poznání,poznáním,poznání,poznání,poznáních,poznáními
důl,mine,m,false,hrad,A1,"misc,abstract",důl,dolu,dolu,důl,dole,dole,dolem,doly,dolů,dolům,doly,doly,dolech,doly
kořen,root,m,false,stroj,B1,"nature,flora",kořen,kořene,kořenu,kořen,kořeni,kořenu,kořenem,kořeny,kořenů,kořenům,kořeny,kořeny,kořenech,kořeny
hledání,searching,n,false,stavení,B1,"misc,abstract",hledání,hledání,hledání,hledání,hledání,hledání,hledáním,hledání,hledání,hledáním,hledání,hledání,hledáních,hledáními
investor,investor,m,true,pán,B1,"misc,people",investor,investora,investorovi,investora,investore,investorovi,investorem,investoři,investorů,investorům,investory,investoři,investorech,investory
úmysl,intention,m,false,hrad,A2,"misc,abstract",úmysl,úmyslu,úmyslu,úmysl,úmysle,úmysle,úmyslem,úmysly,úmyslů,úmyslům,úmysly,úmysly,úmyslech,úmysly
vozidlo,vehicle,n,false,město,A2,transportation,vozidlo,vozidla,vozidlu,vozidlo,vozidlo,vozidle,vozidlem,vozidla,vozidel,vozidlům,vozidla,vozidla,vozidlech,vozidly
motiv,motive,m,false,hrad,B1,"misc,abstract",motiv,motivu,motivu,motiv,motive,motivu,motivem,motivy,motivů,motivům,motivy,motivy,motivech,motivy
dar,gift,m,false,hrad,A1,objects,dar,daru,daru,dar,dare,daru,darem,dary,darů,darům,dary,dary,darech,dary
led,ice,m,false,hrad,A1,"nature,weather",led,ledu,ledu,led,lede,ledě,ledem,ledy,ledů,ledům,ledy,ledy,ledech,ledy
násilí,violence,n,false,stavení,B1,"misc,abstract",násilí,násilí,násilí,násilí,násilí,násilí,násilím,násilí,násilí,násilím,násilí,násilí,násilích,násilími
nehoda,accident,f,false,žena,A2,"misc,abstract",nehoda,nehody,nehodě,nehodu,nehodo,nehodě,nehodou,nehody,nehod,nehodám,nehody,nehody,nehodách,nehodami
vystoupení,performance,n,false,stavení,B1,event,vystoupení,vystoupení,vystoupení,vystoupení,vystoupení,vystoupení,vystoupením,vystoupení,vystoupení,vystoupením,vystoupení,vystoupení,vystoupeních,vystoupeními
příchod,arrival,m,false,hrad,A1,"misc,abstract",příchod,příchodu,příchodu,příchod,příchode,příchodu,příchodem,příchody,příchodů,příchodům,příchody,příchody,příchodech,příchody
palác,palace,m,false,stroj,A2,"places,v_place",palác,paláce,paláci,palác,paláci,paláci,palácem,paláce,paláců,palácům,paláce,paláce,palácích,paláci
rekonstrukce,reconstruction,f,false,růže,B1,"misc,abstract",rekonstrukce,rekonstrukce,rekonstrukci,rekonstrukci,rekonstrukce,rekonstrukci,rekonstrukcí,rekonstrukce,rekonstrukcí,rekonstrukcím,rekonstrukce,rekonstrukce,rekonstrukcích,rekonstrukcemi
pojetí,concept,n,false,stavení,B1,"misc,abstract",pojetí,pojetí,pojetí,pojetí,pojetí,pojetí,pojetím,pojetí,pojetí,pojetím,pojetí,pojetí,pojetích,pojetími
detail,detail,m,false,hrad,A2,"misc,abstract",detail,detailu,detailu,detail,detaile,detailu,detailem,detaily,detailů,detailům,detaily,detaily,detailech,detaily
novinka,news,f,false,žena,B1,"misc,abstract",novinka,novinky,novince,novinku,novinko,novince,novinkou,novinky,novinek,novinkám,novinky,novinky,novinkách,novinkami
dík,(word of) thanks,m,false,hrad,A1,"misc,abstract",dík,díku,díku,dík,díku,díku,díkem,díky,díků,díkům,díky,díky,dících,díky
podezření,suspicion,n,false,stavení,A2,"misc,abstract",podezření,podezření,podezření,podezření,podezření,podezření,podezřením,podezření,podezření,podezřením,podezření,podezření,podezřeních,podezřeními
spisovatel,writer,m,true,muž,B1,"misc,people,profession",spisovatel,spisovatele,spisovateli,spisovatele,spisovateli,spisovateli,spisovatelem,spisovatelé,spisovatelů,spisovatelům,spisovatele,spisovatelé,spisovatelích,spisovateli
odhad,estimate,m,false,hrad,A2,"misc,abstract",odhad,odhadu,odhadu,odhad,odhade,odhadu,odhadem,odhady,odhadů,odhadům,odhady,odhady,odhadech,odhady
zlato,gold,n,false,město,B1,"misc,abstract",zlato,zlata,zlatu,zlato,zlato,zlatu,zlatem,zlata,zlat,zlatům,zlata,zlata,zlatech,zlaty
euro,euro,n,false,město,A2,"misc,abstract",euro,eura,euru,euro,euro,euru,eurem,eura,eur,eurům,eura,eura,eurech,eury
letiště,airport,n,false,moře,B1,"places,na_place",letiště,letiště,letišti,letiště,letiště,letišti,letištěm,letiště,letišť,letištím,letiště,letiště,letištích,letišti
překážka,obstacle,f,false,žena,B1,"misc,abstract",překážka,překážky,překážce,překážku,překážko,překážce,překážkou,překážky,překážek,překážkám,překážky,překážky,překážkách,překážkami
paže,arm,f,false,růže,A1,body,paže,paže,paži,paži,paže,paži,paží,paže,paží,pažím,paže,paže,pažích,pažemi
výchova,education,f,false,žena,B1,"misc,abstract",výchova,výchovy,výchově,výchovu,výchovo,výchově,výchovou,výchovy,výchov,výchovám,výchovy,výchovy,výchovách,výchovami
popis,description,m,false,hrad,B1,"misc,readable",popis,popisu,popisu,popis,popise,popise,popisem,popisy,popisů,popisům,popisy,popisy,popisech,popisy
areál,premise,m,false,hrad,A2,"misc,abstract",areál,areálu,areálu,areál,areále,areále,areálem,areály,areálů,areálům,areály,areály,areálech,areály
vysvětlení,explanation,n,false,stavení,B1,"misc,abstract",vysvětlení,vysvětlení,vysvětlení,vysvětlení,vysvětlení,vysvětlení,vysvětlením,vysvětlení,vysvětlení,vysvětlením,vysvětlení,vysvětlení,vysvětleních,vysvětleními
tendence,tendency,f,false,růže,B1,"misc,abstract",tendence,tendence,tendenci,tendenci,tendence,tendenci,tendencí,tendence,tendencí,tendencím,tendence,tendence,tendencích,tendencemi
kandidát,candidate,m,true,pán,B1,"misc,people",kandidát,kandidáta,kandidátovi,kandidáta,kandidáte,kandidátovi,kandidátem,kandidáti,kandidátů,kandidátům,kandidáty,kandidáti,kandidátech,kandidáty
přednáška,lecture,f,false,žena,B1,"misc,abstract",přednáška,přednášky,přednášce,přednášku,přednáško,přednášce,přednáškou,přednášky,přednášek,přednáškám,přednášky,přednášky,přednáškách,přednáškami
výklad,explication,m,false,hrad,B1,"misc,abstract",výklad,výkladu,výkladu,výklad,výklade,výkladě,výkladem,výklady,výkladů,výkladům,výklady,výklady,výkladech,výklady
mobil,mobile phone,m,false,hrad,A1,"objects,portable",mobil,mobilu,mobilu,mobil,mobile,mobile,mobilem,mobily,mobilů,mobilům,mobily,mobily,mobilech,mobily
sláva,fame,f,false,žena,B1,"misc,abstract,feeling",sláva,slávy,slávě,slávu,slávo,slávě,slávou,slávy,sláv,slávám,slávy,slávy,slávách,slávami
utkání,match,n,false,stavení,B1,"misc,event,gathering",utkání,utkání,utkání,utkání,utkání,utkání,utkáním,utkání,utkání,utkáním,utkání,utkání,utkáních,utkáními
prohlášení,statement,n,false,stavení,A2,"misc,abstract",prohlášení,prohlášení,prohlášení,prohlášení,prohlášení,prohlášení,prohlášením,prohlášení,prohlášení,prohlášením,prohlášení,prohlášení,prohlášeních,prohlášeními
festival,festival,m,false,hrad,A1,"misc,abstract",festival,festivalu,festivalu,festival,festivale,festivale,festivalem,festivaly,festivalů,festivalům,festivaly,festivaly,festivalech,festivaly
pověst,legend,f,false,kost,B1,"misc,abstract",pověst,pověsti,pověsti,pověst,pověsti,pověsti,pověstí,pověsti,pověstí,pověstem,pověsti,pověsti,pověstech,pověstmi
rozpor,contradiction,m,false,hrad,B1,"misc,abstract",rozpor,rozporu,rozporu,rozpor,rozpore,rozporu,rozporem,rozpory,rozporů,rozporům,rozpory,rozpory,rozporech,rozpory
náhoda,chance,f,false,žena,A2,"misc,abstract",náhoda,náhody,náhodě,náhodu,náhodo,náhodě,náhodou,náhody,náhod,náhodám,náhody,náhody,náhodách,náhodami
turista,tourist,m,true,předseda,A1,"misc,people",turista,turisty,turistovi,turistu,turisto,turistovi,turistou,turisté,turistů,turistům,turisty,turisté,turistech,turisty
blázen,fool,m,true,pán,A1,"misc,people",blázen,blázna,bláznovi,blázna,blázne,bláznovi,bláznem,blázni,bláznů,bláznům,blázny,blázni,bláznech,blázny
potravina,food,f,false,žena,A1,food,potravina,potraviny,potravině,potravinu,potravino,potravině,potravinou,potraviny,potravin,potravinám,potraviny,potraviny,potravinách,potravinami
výzva,challenge,f,false,žena,B1,"misc,abstract",výzva,výzvy,výzvě,výzvu,výzvo,výzvě,výzvou,výzvy,výzev,výzvám,výzvy,výzvy,výzvách,výzvami
poplatek,charge,m,false,hrad,B1,"misc,abstract",poplatek,poplatku,poplatku,poplatek,poplatku,poplatku,poplatkem,poplatky,poplatků,poplatkům,poplatky,poplatky,poplatcích,poplatky
spotřeba,consumption,f,false,žena,B1,"misc,abstract",spotřeba,spotřeby,spotřebě,spotřebu,spotřebo,spotřebě,spotřebou,spotřeby,spotřeb,spotřebám,spotřeby,spotřeby,spotřebách,spotřebami
strop,ceiling,m,false,hrad,A1,objects,strop,stropu,stropu,strop,strope,stropě,stropem,stropy,stropů,stropům,stropy,stropy,stropech,stropy
dárek,present,m,false,hrad,A1,"objects,portable",dárek,dárku,dárku,dárek,dárku,dárku,dárkem,dárky,dárků,dárkům,dárky,dárky,dárcích,dárky
jedinec,individual,m,true,muž,B1,"misc,people",jedinec,jedince,jedinci,jedince,jedinče,jedinci,jedincem,jedinci,jedinců,jedincům,jedince,jedinci,jedincích,jedinci
vyjádření,expression,n,false,stavení,A2,"misc,abstract",vyjádření,vyjádření,vyjádření,vyjádření,vyjádření,vyjádření,vyjádřením,vyjádření,vyjádření,vyjádřením,vyjádření,vyjádření,vyjádřeních,vyjádřeními
zajištění,security,n,false,stavení,B1,"misc,abstract",zajištění,zajištění,zajištění,zajištění,zajištění,zajištění,zajištěním,zajištění,zajištění,zajištěním,zajištění,zajištění,zajištěních,zajištěními
angličtina,English,f,false,žena,A1,"misc,abstract",angličtina,angličtiny,angličtině,angličtinu,angličtino,angličtině,angličtinou,angličtiny,angličtin,angličtinám,angličtiny,angličtiny,angličtinách,angličtinami
soupeř,opponent,m,true,muž,B1,"misc,abstract",soupeř,soupeře,soupeři,soupeře,soupeři,soupeři,soupeřem,soupeři,soupeřů,soupeřům,soupeře,soupeři,soupeřích,soupeři
vůně,scent,f,false,růže,A1,"misc,abstract",vůně,vůně,vůni,vůni,vůně,vůni,vůní,vůně,vůní,vůním,vůně,vůně,vůních,vůněmi
galerie,gallery,f,false,růže,A2,"misc,places,v_place",galerie,galerie,galerii,galerii,galerie,galerii,galerií,galerie,galerií,galeriím,galerie,galerie,galeriích,galeriemi
subjekt,subject,m,false,hrad,B1,"misc,abstract",subjekt,subjektu,subjektu,subjekt,subjekte,subjektu,subjektem,subjekty,subjektů,subjektům,subjekty,subjekty,subjektech,subjekty
polévka,soup,f,false,žena,A1,food,polévka,polévky,polévce,polévku,polévko,polévce,polévkou,polévky,polévek,polévkám,polévky,polévky,polévkách,polévkami
kampaň,campaign,f,false,píseň,A2,"misc,abstract",kampaň,kampaně,kampani,kampaň,kampani,kampani,kampaní,kampaně,kampaní,kampaním,kampaně,kampaně,kampaních,kampaněmi
odvaha,courage,f,false,žena,B1,"misc,abstract,feeling",odvaha,odvahy,odvaze,odvahu,odvaho,odvaze,odvahou,odvahy,odvah,odvahám,odvahy,odvahy,odvahách,odvahami
pramen,source,m,false,stroj,B1,"misc,abstract",pramen,pramene,pramenu,pramen,prameni,prameni,pramenem,prameny,pramenů,pramenům,prameny,prameny,pramenech,prameny
platnost,validity,f,false,kost,A2,"misc,abstract",platnost,platnosti,platnosti,platnost,platnosti,platnosti,platností,platnosti,platností,platnostem,platnosti,platnosti,platnostech,platnostmi
svazek,bunch,m,false,hrad,B1,"misc,abstract",svazek,svazku,svazku,svazek,svazku,svazku,svazkem,svazky,svazků,svazkům,svazky,svazky,svazcích,svazky
kilo,kilo,n,false,město,A1,"misc,abstract",kilo,kila,kilu,kilo,kilo,kile,kilem,kila,kil,kilům,kila,kila,kilech,kily
sbor,board,m,false,hrad,B1,"misc,abstract",sbor,sboru,sboru,sbor,sbore,sboru,sborem,sbory,sborů,sborům,sbory,sbory,sborech,sbory
poledne,noon,n,false,moře,A1,"misc,abstract",poledne,poledne,poledni,poledne,poledne,poledni,polednem,poledne,polední,poledním,poledne,poledne,polednech,poledny
pozadí,background,n,false,stavení,B1,"misc,abstract",pozadí,pozadí,pozadí,pozadí,pozadí,pozadí,pozadím,pozadí,pozadí,pozadím,pozadí,pozadí,pozadích,pozadími
dětství,childhood,n,false,stavení,B1,abstract,dětství,dětství,dětství,dětství,dětství,dětství,dětstvím,dětství,dětství,dětstvím,dětství,dětství,dětstvích,dětstvími
pokles,drop,m,false,hrad,B1,"misc,abstract",pokles,poklesu,poklesu,pokles,poklese,poklesu,poklesem,poklesy,poklesů,poklesům,poklesy,poklesy,poklesech,poklesy
tvrzení,statement,n,false,stavení,B2,"misc,abstract",tvrzení,tvrzení,tvrzení,tvrzení,tvrzení,tvrzení,tvrzením,tvrzení,tvrzení,tvrzením,tvrzení,tvrzení,tvrzeních,tvrzeními
jed,poison,m,false,hrad,B1,"misc,abstract",jed,jedu,jedu,jed,jede,jedu,jedem,jedy,jedů,jedům,jedy,jedy,jedech,jedy
kapela,band,f,false,žena,A1,"misc,abstract",kapela,kapely,kapele,kapelu,kapelo,kapele,kapelou,kapely,kapel,kapelám,kapely,kapely,kapelách,kapelami
dopad,impact,m,false,hrad,A2,"misc,abstract",dopad,dopadu,dopadu,dopad,dopade,dopadu,dopadem,dopady,dopadů,dopadům,dopady,dopady,dopadech,dopady
přestávka,break,f,false,žena,B1,"misc,abstract",přestávka,přestávky,přestávce,přestávku,přestávko,přestávce,přestávkou,přestávky,přestávek,přestávkám,přestávky,přestávky,přestávkách,přestávkami
centimetr,centimetre,m,false,hrad,A1,"misc,abstract",centimetr,centimetru,centimetru,centimetr,centimetre,centimetru,centimetrem,centimetry,centimetrů,centimetrům,centimetry,centimetry,centimetrech,centimetry
nerv,nerve,m,false,hrad,B1,"misc,abstract",nerv,nervu,nervu,nerv,nerve,nervu,nervem,nervy,nervů,nervům,nervy,nervy,nervech,nervy
kolej,rail,f,false,píseň,B1,"misc,places,na_place",kolej,koleje,koleji,kolej,koleji,koleji,kolejí,koleje,kolejí,kolejím,koleje,koleje,kolejích,kolejemi
vchod,entrance,m,false,hrad,A1,"misc,abstract",vchod,vchodu,vchodu,vchod,vchode,vchodu,vchodem,vchody,vchodů,vchodům,vchody,vchody,vchodech,vchody
větev,branch,f,false,píseň,B1,"nature,flora",větev,větve,větvi,větev,větvi,větvi,větví,větve,větví,větvím,větve,větve,větvích,větvemi
expert,expert,m,true,pán,A2,"misc,people",expert,experta,expertovi,experta,experte,expertovi,expertem,expertové,expertů,expertům,experty,expertové,expertech,experty
argument,argument,m,false,hrad,B1,"misc,abstract",argument,argumentu,argumentu,argument,argumente,argumentu,argumentem,argumenty,argumentů,argumentům,argumenty,argumenty,argumentech,argumenty
písnička,song,f,false,žena,B1,"misc,abstract,readable",písnička,písničky,písničce,písničku,písničko,písničce,písničkou,písničky,písniček,písničkám,písničky,písničky,písničkách,písničkami
revoluce,revolution,f,false,růže,B1,"misc,event",revoluce,revoluce,revoluci,revoluci,revoluce,revoluci,revolucí,revoluce,revolucí,revolucím,revoluce,revoluce,revolucích,revolucemi
církev,church,f,false,píseň,B1,"misc,places,v_place",církev,církve,církvi,církev,církvi,církvi,církví,církve,církví,církvím,církve,církve,církvích,církvemi
demokracie,democracy,f,false,růže,B1,"misc,abstract",demokracie,demokracie,demokracii,demokracii,demokracie,demokracii,demokracií,demokracie,demokracií,demokraciím,demokracie,demokracie,demokraciích,demokraciemi
mechanismus,mechanism,m,false,hrad,B1,"misc,abstract",mechanismus,mechanismu,mechanismu,mechanismus,mechanisme,mechanismu,mechanismem,mechanismy,mechanismů,mechanismům,mechanismy,mechanismy,mechanismech,mechanismy
očekávání,expectation,n,false,stavení,A2,"misc,abstract",očekávání,očekávání,očekávání,očekávání,očekávání,očekávání,očekáváním,očekávání,očekávání,očekáváním,očekávání,očekávání,očekáváních,očekáváními
přijetí,acceptance,n,false,stavení,A2,"misc,abstract",přijetí,přijetí,přijetí,přijetí,přijetí,přijetí,přijetím,přijetí,přijetí,přijetím,přijetí,přijetí,přijetích,přijetími
svědomí,conscience,n,false,stavení,B1,"misc,abstract",svědomí,svědomí,svědomí,svědomí,svědomí,svědomí,svědomím,svědomí,svědomí,svědomím,svědomí,svědomí,svědomích,svědomími
brambor,potato,m,false,hrad,A1,food,brambor,bramboru,bramboru,brambor,brambore,bramboru,bramborem,brambory,bramborů,bramborům,brambory,brambory,bramborech,brambory
komunista,communist,m,true,předseda,B1,"misc,people",komunista,komunisty,komunistovi,komunistu,komunisto,komunistovi,komunistou,komunisté,komunistů,komunistům,komunisty,komunisté,komunistech,komunisty
písek,sand,m,false,hrad,A1,"misc,abstract",písek,písku,písku,písek,písku,písku,pískem,písky,písků,pískům,písky,písky,píscích,písky
skříň,wardrobe,f,false,píseň,A1,objects,skříň,skříně,skříni,skříň,skříni,skříni,skříní,skříně,skříní,skříním,skříně,skříně,skříních,skříněmi
ložnice,bedroom,f,false,růže,A1,"places,v_place,indoor",ložnice,ložnice,ložnici,ložnici,ložnice,ložnici,ložnicí,ložnice,ložnic,ložnicím,ložnice,ložnice,ložnicích,ložnicemi
zloděj,thief,m,true,muž,A1,"misc,people",zloděj,zloděje,zloději,zloděje,zloději,zloději,zlodějem,zlodějové,zlodějů,zlodějům,zloděje,zlodějové,zlodějích,zloději
rostlina,plant,f,false,žena,A2,"nature,flora",rostlina,rostliny,rostlině,rostlinu,rostlino,rostlině,rostlinou,rostliny,rostlin,rostlinám,rostliny,rostliny,rostlinách,rostlinami
houba,mushroom,f,false,žena,A2,"food,nature,flora",houba,houby,houbě,houbu,houbo,houbě,houbou,houby,hub,houbám,houby,houby,houbách,houbami
procházka,walk,f,false,žena,A1,"misc,abstract",procházka,procházky,procházce,procházku,procházko,procházce,procházkou,procházky,procházek,procházkám,procházky,procházky,procházkách,procházkami
dostatek,sufficiency,m,false,hrad,A2,"misc,abstract",dostatek,dostatku,dostatku,dostatek,dostatku,dostatku,dostatkem,dostatky,dostatků,dostatkům,dostatky,dostatky,dostatcích,dostatky
kamera,(video) camera,f,false,žena,A2,"objects,portable",kamera,kamery,kameře,kameru,kamero,kameře,kamerou,kamery,kamer,kamerám,kamery,kamery,kamerách,kamerami
reforma,reform,f,false,žena,B1,"misc,abstract",reforma,reformy,reformě,reformu,reformo,reformě,reformou,reformy,reforem,reformám,reformy,reformy,reformách,reformami
zákaz,prohibition,m,false,hrad,A2,"misc,abstract",zákaz,zákazu,zákazu,zákaz,zákaze,zákaze,zákazem,zákazy,zákazů,zákazům,zákazy,zákazy,zákazech,zákazy
vlastník,owner,m,true,pán,A2,"misc,people",vlastník,vlastníka,vlastníkovi,vlastníka,vlastníku,vlastníkovi,vlastníkem,vlastníci,vlastníků,vlastníkům,vlastníky,vlastníci,vlastnících,vlastníky
poznatek,(piece of) knowledge,m,false,hrad,A2,"misc,abstract",poznatek,poznatku,poznatku,poznatek,poznatku,poznatku,poznatkem,poznatky,poznatků,poznatkům,poznatky,poznatky,poznatcích,poznatky
vědec,scholar,m,true,muž,B1,"misc,profession",vědec,vědce,vědci,vědce,vědče,vědci,vědcem,vědci,vědců,vědcům,vědce,vědci,vědcích,vědci
litr,litre,m,false,hrad,A2,"misc,abstract",litr,litru,litru,litr,litre,litru,litrem,litry,litrů,litrům,litry,litry,litrech,litry
nápis,inscription,m,false,hrad,A2,"misc,readable",nápis,nápisu,nápisu,nápis,nápise,nápise,nápisem,nápisy,nápisů,nápisům,nápisy,nápisy,nápisech,nápisy
hrob,grave,m,false,hrad,A2,"misc,abstract",hrob,hrobu,hrobu,hrob,hrobe,hrobě,hrobem,hroby,hrobů,hrobům,hroby,hroby,hrobech,hroby
důchod,pension,m,false,hrad,A2,"misc,abstract",důchod,důchodu,důchodu,důchod,důchode,důchodě,důchodem,důchody,důchodů,důchodům,důchody,důchody,důchodech,důchody
sněmovna,chamber,f,false,žena,A2,"misc,places,v_place",sněmovna,sněmovny,sněmovně,sněmovnu,sněmovno,sněmovně,sněmovnou,sněmovny,sněmoven,sněmovnám,sněmovny,sněmovny,sněmovnách,sněmovnami
kráva,cow,f,false,žena,A1,animals,kráva,krávy,krávě,krávu,krávo,krávě,krávou,krávy,krav,krávám,krávy,krávy,krávách,krávami
bitva,battle,f,false,žena,A2,"misc,event",bitva,bitvy,bitvě,bitvu,bitvo,bitvě,bitvou,bitvy,bitev,bitvám,bitvy,bitvy,bitvách,bitvami
mládež,youth,f,false,píseň,A2,"misc,abstract",mládež,mládeže,mládeži,mládež,mládeži,mládeži,mládeží,mládeže,mládeží,mládežím,mládeže,mládeže,mládežích,mládežemi
div,wonder,m,false,hrad,A2,"misc,abstract",div,divu,divu,div,dive,divu,divem,divy,divů,divům,divy,divy,divech,divy
chata,cottage,f,false,žena,B1,"places,v_place",chata,chaty,chatě,chatu,chato,chatě,chatou,chaty,chat,chatám,chaty,chaty,chatách,chatami
zrcadlo,mirror,n,false,město,A2,objects,zrcadlo,zrcadla,zrcadlu,zrcadlo,zrcadlo,zrcadle,zrcadlem,zrcadla,zrcadel,zrcadlům,zrcadla,zrcadla,zrcadlech,zrcadly
droga,drug,f,false,žena,A2,"misc,abstract",droga,drogy,droze,drogu,drogo,droze,drogou,drogy,drog,drogám,drogy,drogy,drogách,drogami
uspořádání,organization,n,false,stavení,B1,"misc,abstract",uspořádání,uspořádání,uspořádání,uspořádání,uspořádání,uspořádání,uspořádáním,uspořádání,uspořádání,uspořádáním,uspořádání,uspořádání,uspořádáních,uspořádáními
komora,utility room,f,false,žena,A2,"places,v_place",komora,komory,komoře,komoru,komoro,komoře,komorou,komory,komor,komorám,komory,komory,komorách,komorami
dav,crowd,m,false,hrad,A2,"misc,abstract",dav,davu,davu,dav,dave,davu,davem,davy,davů,davům,davy,davy,davech,davy
soudce,judge,m,true,soudce,B1,"misc,people,profession",soudce,soudce,soudci,soudce,soudce,soudci,soudcem,soudci,soudců,soudcům,soudce,soudci,soudcích,soudci
zahájení,opening,n,false,stavení,A2,"misc,event,gathering",zahájení,zahájení,zahájení,zahájení,zahájení,zahájení,zahájením,zahájení,zahájení,zahájením,zahájení,zahájení,zahájeních,zahájeními
oblečení,clothes,n,false,stavení,B1,objects,oblečení,oblečení,oblečení,oblečení,oblečení,oblečení,oblečením,oblečení,oblečení,oblečením,oblečení,oblečení,oblečeních,oblečeními
kout,corner,m,false,hrad,A2,"places,v_place",kout,kouta,koutu,kout,koute,koutě,koutem,kouty,koutů,koutům,kouty,kouty,koutech,kouty
premiéra,premiere,f,false,žena,A2,"misc,abstract",premiéra,premiéry,premiéře,premiéru,premiéro,premiéře,premiérou,premiéry,premiér,premiérám,premiéry,premiéry,premiérách,premiérami
zázrak,miracle,m,false,hrad,A2,"misc,abstract,feeling",zázrak,zázraku,zázraku,zázrak,zázraku,zázraku,zázrakem,zázraky,zázraků,zázrakům,zázraky,zázraky,zázracích,zázraky
linie,line,f,false,růže,A2,"misc,abstract",linie,linie,linii,linii,linie,linii,linií,linie,linií,liniím,linie,linie,liniích,liniemi
básník,poet,m,true,pán,B1,"misc,profession",básník,básníka,básníkovi,básníka,básníku,básníkovi,básníkem,básníci,básníků,básníkům,básníky,básníci,básnících,básníky
zločin,crime,m,false,hrad,B1,"misc,abstract",zločin,zločinu,zločinu,zločin,zločine,zločinu,zločinem,zločiny,zločinů,zločinům,zločiny,zločiny,zločinech,zločiny
manželství,marriage,n,false,stavení,A2,abstract,manželství,manželství,manželství,manželství,manželství,manželství,manželstvím,manželství,manželství,manželstvím,manželství,manželství,manželstvích,manželstvími
pokuta,penalty,f,false,žena,B1,"misc,abstract",pokuta,pokuty,pokutě,pokutu,pokuto,pokutě,pokutou,pokuty,pokut,pokutám,pokuty,pokuty,pokutách,pokutami
shoda,agreement,f,false,žena,B1,"misc,abstract",shoda,shody,shodě,shodu,shodo,shodě,shodou,shody,shod,shodám,shody,shody,shodách,shodami
heslo,password,n,false,město,A2,"misc,abstract",heslo,hesla,heslu,heslo,heslo,hesle,heslem,hesla,hesel,heslům,hesla,hesla,heslech,hesly
dodávka,delivery,f,false,žena,A2,"misc,abstract",dodávka,dodávky,dodávce,dodávku,dodávko,dodávce,dodávkou,dodávky,dodávek,dodávkám,dodávky,dodávky,dodávkách,dodávkami
trať,railway,f,false,píseň,A2,"misc,abstract",trať,tratě,trati,trať,trati,trati,tratí,tratě,tratí,tratím,tratě,tratě,tratích,tratěmi
cyklus,cycle,m,false,hrad,A2,"misc,abstract",cyklus,cyklu,cyklu,cyklus,cykle,cyklu,cyklem,cykly,cyklů,cyklům,cykly,cykly,cyklech,cykly
plot,fence,m,false,hrad,A2,"misc,abstract,objects",plot,plotu,plotu,plot,plote,plotě,plotem,ploty,plotů,plotům,ploty,ploty,plotech,ploty
román,novel,m,false,hrad,B1,"misc,readable",román,románu,románu,román,románe,románě,románem,romány,románů,románům,romány,romány,románech,romány
rozhodování,decision-making,n,false,stavení,B1,abstract,rozhodování,rozhodování,rozhodování,rozhodování,rozhodování,rozhodování,rozhodováním,rozhodování,rozhodování,rozhodováním,rozhodování,rozhodování,rozhodováních,rozhodováními
povolení,permission,n,false,stavení,B1,"misc,abstract",povolení,povolení,povolení,povolení,povolení,povolení,povolením,povolení,povolení,povolením,povolení,povolení,povoleních,povoleními
porucha,breakdown,f,false,žena,B1,"misc,abstract",porucha,poruchy,poruše,poruchu,porucho,poruše,poruchou,poruchy,poruch,poruchám,poruchy,poruchy,poruchách,poruchami
orientace,orientation,f,false,růže,B1,"misc,abstract",orientace,orientace,orientaci,orientaci,orientace,orientaci,orientací,orientace,orientací,orientacím,orientace,orientace,orientacích,orientacemi
zóna,zone,f,false,žena,A2,"misc,abstract",zóna,zóny,zóně,zónu,zóno,zóně,zónou,zóny,zón,zónám,zóny,zóny,zónách,zónami
podnět,impulse,m,false,hrad,A2,"misc,abstract",podnět,podnětu,podnětu,podnět,podněte,podnětu,podnětem,podněty,podnětů,podnětům,podněty,podněty,podnětech,podněty
desetiletí,decade,n,false,stavení,A2,"misc,abstract",desetiletí,desetiletí,desetiletí,desetiletí,desetiletí,desetiletí,desetiletím,desetiletí,desetiletí,desetiletím,desetiletí,desetiletí,desetiletích,desetiletími
obrat,turn,m,false,hrad,B1,"misc,abstract",obrat,obratu,obratu,obrat,obrate,obratu,obratem,obraty,obratů,obratům,obraty,obraty,obratech,obraty
učení,doctrine,n,false,stavení,A2,"misc,abstract",učení,učení,učení,učení,učení,učení,učením,učení,učení,učením,učení,učení,učeních,učeními
důraz,stress,m,false,hrad,A2,"misc,abstract",důraz,důrazu,důrazu,důraz,důraze,důraze,důrazem,důrazy,důrazů,důrazům,důrazy,důrazy,důrazech,důrazy
odměna,reward,f,false,žena,A2,"misc,abstract",odměna,odměny,odměně,odměnu,odměno,odměně,odměnou,odměny,odměn,odměnám,odměny,odměny,odměnách,odměnami
přenos,broadcast,m,false,hrad,B1,"misc,abstract",přenos,přenosu,přenosu,přenos,přenose,přenose,přenosem,přenosy,přenosů,přenosům,přenosy,přenosy,přenosech,přenosy
společenství,community,n,false,stavení,B1,"misc,abstract",společenství,společenství,společenství,společenství,společenství,společenství,společenstvím,společenství,společenství,společenstvím,společenství,společenství,společenstvích,společenstvími
kanál,channel,m,false,hrad,A2,"misc,abstract",kanál,kanálu,kanálu,kanál,kanále,kanále,kanálem,kanály,kanálů,kanálům,kanály,kanály,kanálech,kanály
taťka,daddy,m,true,předseda,A2,family,taťka,taťky,taťkovi,taťku,taťko,taťkovi,taťkou,taťkové,taťků,taťkům,taťky,taťkové,taťcích,taťky
zavedení,launching,n,false,stavení,B1,"misc,abstract",zavedení,zavedení,zavedení,zavedení,zavedení,zavedení,zavedením,zavedení,zavedení,zavedením,zavedení,zavedení,zavedeních,zavedeními
zelenina,vegetable,f,false,žena,A2,"food,weighable",zelenina,zeleniny,zelenině,zeleninu,zelenino,zelenině,zeleninou,zeleniny,zelenin,zeleninám,zeleniny,zeleniny,zeleninách,zeleninami
základna,base,f,false,žena,A2,"misc,abstract",základna,základny,základně,základnu,základno,základně,základnou,základny,základen,základnám,základny,základny,základnách,základnami
trasa,route,f,false,žena,A2,"misc,abstract",trasa,trasy,trase,trasu,traso,trase,trasou,trasy,tras,trasám,trasy,trasy,trasách,trasami
kamarádka,friend,f,false,žena,A2,"misc,people",kamarádka,kamarádky,kamarádce,kamarádku,kamarádko,kamarádce,kamarádkou,kamarádky,kamarádek,kamarádkám,kamarádky,kamarádky,kamarádkách,kamarádkami
podklad,basis,m,false,hrad,A2,"misc,abstract",podklad,podkladu,podkladu,podklad,podklade,podkladě,podkladem,podklady,podkladů,podkladům,podklady,podklady,podkladech,podklady
mládí,youth,n,false,stavení,A2,"misc,abstract",mládí,mládí,mládí,mládí,mládí,mládí,mládím,mládí,mládí,mládím,mládí,mládí,mládích,mládími
útočník,attacker,m,true,pán,A2,"misc,abstract",útočník,útočníka,útočníkovi,útočníka,útočníku,útočníkovi,útočníkem,útočníci,útočníků,útočníkům,útočníky,útočníci,útočnících,útočníky
přesvědčení,conviction,n,false,stavení,B1,"misc,abstract",přesvědčení,přesvědčení,přesvědčení,přesvědčení,přesvědčení,přesvědčení,přesvědčením,přesvědčení,přesvědčení,přesvědčením,přesvědčení,přesvědčení,přesvědčeních,přesvědčeními
nástup,entrance,m,false,hrad,A2,"misc,abstract",nástup,nástupu,nástupu,nástup,nástupe,nástupu,nástupem,nástupy,nástupů,nástupům,nástupy,nástupy,nástupech,nástupy
příkaz,order,m,false,hrad,A2,"misc,abstract",příkaz,příkazu,příkazu,příkaz,příkaze,příkaze,příkazem,příkazy,příkazů,příkazům,příkazy,příkazy,příkazech,příkazy
snídaně,breakfast,f,false,růže,A1,"food,meal,mealtime",snídaně,snídaně,snídani,snídani,snídaně,snídani,snídaní,snídaně,snídaní,snídaním,snídaně,snídaně,snídaních,snídaněmi
filozofie,philosophy,f,false,růže,B1,"misc,abstract",filozofie,filozofie,filozofii,filozofii,filozofie,filozofii,filozofií,filozofie,filozofií,filozofiím,filozofie,filozofie,filozofiích,filozofiemi
malíř,painter,m,true,muž,B1,"misc,people,profession",malíř,malíře,malíři,malíře,malíři,malíři,malířem,malíři,malířů,malířům,malíře,malíři,malířích,malíři
cukr,sugar,m,false,hrad,A2,"food,weighable",cukr,cukru,cukru,cukr,cukre,cukru,cukrem,cukry,cukrů,cukrům,cukry,cukry,cukrech,cukry
půlnoc,midnight,f,false,kost,A2,"time,calendar_unit",půlnoc,půlnoci,půlnoci,půlnoc,půlnoci,půlnoci,půlnocí,půlnoci,půlnocí,půlnocím,půlnoci,půlnoci,půlnocích,půlnocemi
hospodářství,economy,n,false,stavení,A2,"misc,abstract",hospodářství,hospodářství,hospodářství,hospodářství,hospodářství,hospodářství,hospodářstvím,hospodářství,hospodářství,hospodářstvím,hospodářství,hospodářství,hospodářstvích,hospodářstvími
vyšetřování,investigation,n,false,stavení,B1,"misc,abstract",vyšetřování,vyšetřování,vyšetřování,vyšetřování,vyšetřování,vyšetřování,vyšetřováním,vyšetřování,vyšetřování,vyšetřováním,vyšetřování,vyšetřování,vyšetřováních,vyšetřováními
dosažení,achievement,n,false,stavení,B1,"misc,abstract",dosažení,dosažení,dosažení,dosažení,dosažení,dosažení,dosažením,dosažení,dosažení,dosažením,dosažení,dosažení,dosaženích,dosaženími
brácha,bro (informal),m,true,předseda,A2,"family,people",brácha,bráchy,bráchovi,bráchu,brácho,bráchovi,bráchou,bráchové,bráchů,bráchům,bráchy,bráchové,bráších,bráchy
bytost,being,f,false,kost,A2,"misc,abstract",bytost,bytosti,bytosti,bytost,bytosti,bytosti,bytostí,bytosti,bytostí,bytostem,bytosti,bytosti,bytostech,bytostmi
skladba,composition,f,false,žena,B1,"misc,abstract",skladba,skladby,skladbě,skladbu,skladbo,skladbě,skladbou,skladby,skladeb,skladbám,skladby,skladby,skladbách,skladbami
pohádka,fairy tale,f,false,žena,B1,"misc,readable",pohádka,pohádky,pohádce,pohádku,pohádko,pohádce,pohádkou,pohádky,pohádek,pohádkám,pohádky,pohádky,pohádkách,pohádkami
socha,statue,f,false,žena,B1,"misc,abstract,objects",socha,sochy,soše,sochu,socho,soše,sochou,sochy,soch,sochám,sochy,sochy,sochách,sochami
výpověď,testimony,f,false,kost,B1,"misc,abstract",výpověď,výpovědi,výpovědi,výpověď,výpovědi,výpovědi,výpovědí,výpovědi,výpovědí,výpovědím,výpovědi,výpovědi,výpovědích,výpověďmi
pořadí,order,n,false,stavení,A2,"misc,abstract",pořadí,pořadí,pořadí,pořadí,pořadí,pořadí,pořadím,pořadí,pořadí,pořadím,pořadí,pořadí,pořadích,pořadími
mistrovství,championship,n,false,stavení,A2,"misc,event,gathering",mistrovství,mistrovství,mistrovství,mistrovství,mistrovství,mistrovství,mistrovstvím,mistrovství,mistrovství,mistrovstvím,mistrovství,mistrovství,mistrovstvích,mistrovstvími
tvůrce,creator,m,true,soudce,A2,"misc,abstract",tvůrce,tvůrce,tvůrci,tvůrce,tvůrce,tvůrci,tvůrcem,tvůrci,tvůrců,tvůrcům,tvůrce,tvůrci,tvůrcích,tvůrci
skála,rock,f,false,žena,A2,"nature,geological",skála,skály,skále,skálu,skálo,skále,skálou,skály,skal,skálám,skály,skály,skálách,skálami
aspekt,aspect,m,false,hrad,B1,"misc,abstract",aspekt,aspektu,aspektu,aspekt,aspekte,aspektu,aspektem,aspekty,aspektů,aspektům,aspekty,aspekty,aspektech,aspekty
kříž,cross,m,false,stroj,A2,"misc,abstract",kříž,kříže,kříži,kříž,kříži,kříži,křížem,kříže,křížů,křížům,kříže,kříže,křížích,kříži
kapitán,captain,m,true,pán,A2,"misc,profession",kapitán,kapitána,kapitánovi,kapitána,kapitáne,kapitánovi,kapitánem,kapitáni,kapitánů,kapitánům,kapitány,kapitáni,kapitánech,kapitány
dotaz,query,m,false,hrad,A2,"misc,abstract",dotaz,dotazu,dotazu,dotaz,dotaze,dotaze,dotazem,dotazy,dotazů,dotazům,dotazy,dotazy,dotazech,dotazy
podnikání,enterprise,n,false,stavení,B1,"misc,abstract",podnikání,podnikání,podnikání,podnikání,podnikání,podnikání,podnikáním,podnikání,podnikání,podnikáním,podnikání,podnikání,podnikáních,podnikáními
sůl,salt,f,false,kost,A2,"food,weighable",sůl,soli,soli,sůl,soli,soli,solí,soli,solí,solím,soli,soli,solích,solemi
pytel,bag,m,false,stroj,A2,objects,pytel,pytle,pytli,pytel,pytli,pytli,pytlem,pytle,pytlů,pytlům,pytle,pytle,pytlích,pytli
soustava,system,f,false,žena,A2,"misc,abstract",soustava,soustavy,soustavě,soustavu,soustavo,soustavě,soustavou,soustavy,soustav,soustavám,soustavy,soustavy,soustavách,soustavami
koupelna,bathroom,f,false,žena,A2,"places,v_place,indoor",koupelna,koupelny,koupelně,koupelnu,koupelno,koupelně,koupelnou,koupelny,koupelen,koupelnám,koupelny,koupelny,koupelnách,koupelnami
stanovisko,standpoint,n,false,město,B1,"misc,abstract",stanovisko,stanoviska,stanovisku,stanovisko,stanovisko,stanovisku,stanoviskem,stanoviska,stanovisek,stanoviskům,stanoviska,stanoviska,stanoviskách,stanovisky
nábytek,furniture,m,false,hrad,A2,objects,nábytek,nábytku,nábytku,nábytek,nábytku,nábytku,nábytkem,nábytky,nábytků,nábytkům,nábytky,nábytky,nábytcích,nábytky
spravedlnost,justice,f,false,kost,B1,"misc,abstract",spravedlnost,spravedlnosti,spravedlnosti,spravedlnost,spravedlnosti,spravedlnosti,spravedlností,spravedlnosti,spravedlností,spravedlnostem,spravedlnosti,spravedlnosti,spravedlnostech,spravedlnostmi
seriál,series,m,false,hrad,A2,"misc,abstract",seriál,seriálu,seriálu,seriál,seriále,seriále,seriálem,seriály,seriálů,seriálům,seriály,seriály,seriálech,seriály
nesmysl,nonsense,m,false,hrad,A2,"misc,abstract",nesmysl,nesmyslu,nesmyslu,nesmysl,nesmysle,nesmyslu,nesmyslem,nesmysly,nesmyslů,nesmyslům,nesmysly,nesmysly,nesmyslech,nesmysly
úvod,introduction,m,false,hrad,B1,"misc,abstract",úvod,úvodu,úvodu,úvod,úvode,úvodě,úvodem,úvody,úvodů,úvodům,úvody,úvody,úvodech,úvody
údolí,valley,n,false,stavení,A2,"nature,places,v_place",údolí,údolí,údolí,údolí,údolí,údolí,údolím,údolí,údolí,údolím,údolí,údolí,údolích,údolími
ovoce,fruit,n,false,moře,A2,"food,weighable",ovoce,ovoce,ovoci,ovoce,ovoce,ovoci,ovocem,ovoce,,,ovoce,ovoce,,ovoci
vůdce,leader,m,true,soudce,B1,"misc,people",vůdce,vůdce,vůdci,vůdce,vůdce,vůdci,vůdcem,vůdci,vůdců,vůdcům,vůdce,vůdci,vůdcích,vůdci
uživatel,user,m,true,muž,A2,"misc,abstract",uživatel,uživatele,uživateli,uživatele,uživateli,uživateli,uživatelem,uživatelé,uživatelů,uživatelům,uživatele,uživatelé,uživatelích,uživateli
výdaj,expense,m,false,stroj,A2,"misc,abstract",výdaj,výdaje,výdaji,výdaj,výdaji,výdaji,výdajem,výdaje,výdajů,výdajům,výdaje,výdaje,výdajích,výdaji
bar,bar,m,false,hrad,A2,"misc,places,v_place",bar,baru,baru,bar,bare,baru,barem,bary,barů,barům,bary,bary,barech,bary
tempo,pace,n,false,město,A2,"misc,abstract",tempo,tempa,tempu,tempo,tempo,tempu,tempem,tempa,temp,tempům,tempa,tempa,tempech,tempy
legrace,fun,f,false,růže,A2,"misc,abstract",legrace,legrace,legraci,legraci,legrace,legraci,legrací,legrace,legrací,legracím,legrace,legrace,legracích,legracemi
krabice,box,f,false,růže,A2,objects,krabice,krabice,krabici,krabici,krabice,krabici,krabicí,krabice,krabic,krabicím,krabice,krabice,krabicích,krabicemi
podpis,signature,m,false,hrad,B1,"misc,abstract",podpis,podpisu,podpisu,podpis,podpise,podpise,podpisem,podpisy,podpisů,podpisům,podpisy,podpisy,podpisech,podpisy
žaludek,stomach,m,false,hrad,A2,body,žaludek,žaludku,žaludku,žaludek,žaludku,žaludku,žaludkem,žaludky,žaludků,žaludkům,žaludky,žaludky,žaludcích,žaludky
směs,mixture,f,false,kost,A2,"misc,abstract",směs,směsi,směsi,směs,směsi,směsi,směsí,směsi,směsí,směsem,směsi,směsi,směsech,směsmi
jednotlivec,individual,m,true,muž,B1,"misc,abstract",jednotlivec,jednotlivce,jednotlivci,jednotlivce,jednotlivče,jednotlivci,jednotlivcem,jednotlivci,jednotlivců,jednotlivcům,jednotlivce,jednotlivci,jednotlivcích,jednotlivci
krám,shop,m,false,hrad,B1,"places,v_place",krám,krámu,krámu,krám,kráme,krámě,krámem,krámy,krámů,krámům,krámy,krámy,krámech,krámy
hovor,talk,m,false,hrad,A2,"misc,abstract",hovor,hovoru,hovoru,hovor,hovore,hovoru,hovorem,hovory,hovorů,hovorům,hovory,hovory,hovorech,hovory
dělník,worker,m,true,pán,B1,"misc,people",dělník,dělníka,dělníkovi,dělníka,dělníku,dělníkovi,dělníkem,dělníci,dělníků,dělníkům,dělníky,dělníci,dělnících,dělníky
náměstek,deputy,m,true,pán,A2,"misc,abstract",náměstek,náměstka,náměstkovi,náměstka,náměstku,náměstkovi,náměstkem,náměstci,náměstků,náměstkům,náměstky,náměstci,náměstcích,náměstky
plus,pro,m,false,hrad,A2,"misc,abstract",plus,plusu,plusu,plus,pluse,plusu,plusem,plusy,plusů,plusům,plusy,plusy,plusech,plusy
rod,genus,m,false,hrad,A2,"misc,abstract",rod,rodu,rodu,rod,rode,rodě,rodem,rody,rodů,rodům,rody,rody,rodech,rody
chalupa,cottage,f,false,žena,B1,"places,v_place",chalupa,chalupy,chalupě,chalupu,chalupo,chalupě,chalupou,chalupy,chalup,chalupám,chalupy,chalupy,chalupách,chalupami
fotbalista,footballer,m,true,předseda,A2,"misc,people",fotbalista,fotbalisty,fotbalistovi,fotbalistu,fotbalisto,fotbalistovi,fotbalistou,fotbalisté,fotbalistů,fotbalistům,fotbalisty,fotbalisté,fotbalistech,fotbalisty
dálnice,motorway,f,false,růže,A2,transportation,dálnice,dálnice,dálnici,dálnici,dálnice,dálnici,dálnicí,dálnice,dálnic,dálnicím,dálnice,dálnice,dálnicích,dálnicemi
výrok,statement,m,false,hrad,B1,"misc,abstract",výrok,výroku,výroku,výrok,výroku,výroku,výrokem,výroky,výroků,výrokům,výroky,výroky,výrocích,výroky
jednička,(number) one,f,false,žena,A2,"misc,abstract",jednička,jedničky,jedničce,jedničku,jedničko,jedničce,jedničkou,jedničky,jedniček,jedničkám,jedničky,jedničky,jedničkách,jedničkami
koberec,carpet,m,false,stroj,A2,"objects,sittable",koberec,koberce,koberci,koberec,koberci,koberci,kobercem,koberce,koberců,kobercům,koberce,koberce,kobercích,koberci
hloubka,depth,f,false,žena,A2,"misc,abstract",hloubka,hloubky,hloubce,hloubku,hloubko,hloubce,hloubkou,hloubky,hloubek,hloubkám,hloubky,hloubky,hloubkách,hloubkami
nadšení,enthusiasm,n,false,stavení,A2,"misc,abstract,feeling",nadšení,nadšení,nadšení,nadšení,nadšení,nadšení,nadšením,nadšení,nadšení,nadšením,nadšení,nadšení,nadšeních,nadšeními
pravděpodobnost,probability,f,false,kost,B1,"misc,abstract",pravděpodobnost,pravděpodobnosti,pravděpodobnosti,pravděpodobnost,pravděpodobnosti,pravděpodobnosti,pravděpodobností,pravděpodobnosti,pravděpodobností,pravděpodobnostem,pravděpodobnosti,pravděpodobnosti,pravděpodobnostech,pravděpodobnostmi
dotace,grant,f,false,růže,A2,"misc,abstract",dotace,dotace,dotaci,dotaci,dotace,dotaci,dotací,dotace,dotací,dotacím,dotace,dotace,dotacích,dotacemi
sklep,cellar,m,false,hrad,A2,"places,v_place,indoor",sklep,sklepa,sklepu,sklep,sklepe,sklepě,sklepem,sklepy,sklepů,sklepům,sklepy,sklepy,sklepech,sklepy
odpoledne,afternoon,n,false,moře,A2,"time,calendar_unit",odpoledne,odpoledne,odpoledni,odpoledne,odpoledne,odpoledni,odpolednem,odpoledne,odpolední,odpoledním,odpoledne,odpoledne,odpolednech,odpoledny
dohled,sight,m,false,hrad,A2,"misc,abstract",dohled,dohledu,dohledu,dohled,dohlede,dohledu,dohledem,dohledy,dohledů,dohledům,dohledy,dohledy,dohledech,dohledy
zlepšení,improvement,n,false,stavení,B1,"misc,abstract",zlepšení,zlepšení,zlepšení,zlepšení,zlepšení,zlepšení,zlepšením,zlepšení,zlepšení,zlepšením,zlepšení,zlepšení,zlepšeních,zlepšeními
dílna,workshop,f,false,žena,B1,"places,v_place",dílna,dílny,dílně,dílnu,dílno,dílně,dílnou,dílny,dílen,dílnám,dílny,dílny,dílnách,dílnami
sféra,sphere,f,false,žena,A2,"misc,abstract",sféra,sféry,sféře,sféru,sféro,sféře,sférou,sféry,sfér,sférám,sféry,sféry,sférách,sférami
pojišťovna,insurance company,f,false,žena,A2,"misc,places,v_place",pojišťovna,pojišťovny,pojišťovně,pojišťovnu,pojišťovno,pojišťovně,pojišťovnou,pojišťovny,pojišťoven,pojišťovnám,pojišťovny,pojišťovny,pojišťovnách,pojišťovnami
pás,strip,m,false,hrad,A2,"misc,abstract",pás,pásu,pásu,pás,páse,páse,pásem,pásy,pásů,pásům,pásy,pásy,pásech,pásy
hrozba,threat,f,false,žena,A2,"misc,abstract",hrozba,hrozby,hrozbě,hrozbu,hrozbo,hrozbě,hrozbou,hrozby,hrozeb,hrozbám,hrozby,hrozby,hrozbách,hrozbami
tanec,dance,m,false,stroj,A2,"misc,abstract",tanec,tance,tanci,tanec,tanci,tanci,tancem,tance,tanců,tancům,tance,tance,tancích,tanci
talíř,plate,m,false,stroj,A2,objects,talíř,talíře,talíři,talíř,talíři,talíři,talířem,talíře,talířů,talířům,talíře,talíře,talířích,talíři
tragedie,tragedy,f,false,růže,A2,"misc,event",tragedie,tragedie,tragedii,tragedii,tragedie,tragedii,tragedií,tragedie,tragedií,tragediím,tragedie,tragedie,tragediích,tragediemi
právník,lawyer,m,true,pán,B1,"misc,people,profession",právník,právníka,právníkovi,právníka,právníku,právníkovi,právníkem,právníci,právníků,právníkům,právníky,právníci,právnících,právníky
choroba,disease,f,false,žena,A2,abstract,choroba,choroby,chorobě,chorobu,chorobo,chorobě,chorobou,choroby,chorob,chorobám,choroby,choroby,chorobách,chorobami
vtip,joke,m,false,hrad,B1,"misc,abstract",vtip,vtipu,vtipu,vtip,vtipe,vtipu,vtipem,vtipy,vtipů,vtipům,vtipy,vtipy,vtipech,vtipy
prádlo,underwear,n,false,město,A2,"objects,portable",prádlo,prádla,prádlu,prádlo,prádlo,prádle,prádlem,prádla,prádel,prádlům,prádla,prádla,prádlech,prádly
pusa,mouth,f,false,žena,A2,body,pusa,pusy,puse,pusu,puso,puse,pusou,pusy,pus,pusám,pusy,pusy,pusách,pusami
čeština,Czech,f,false,žena,A2,"misc,abstract",čeština,češtiny,češtině,češtinu,češtino,češtině,češtinou,češtiny,češtin,češtinám,češtiny,češtiny,češtinách,češtinami
podrobnost,detail,f,false,kost,A2,"misc,abstract",podrobnost,podrobnosti,podrobnosti,podrobnost,podrobnosti,podrobnosti,podrobností,podrobnosti,podrobností,podrobnostem,podrobnosti,podrobnosti,podrobnostech,podrobnostmi
debata,discussion,f,false,žena,A2,"misc,abstract",debata,debaty,debatě,debatu,debato,debatě,debatou,debaty,debat,debatám,debaty,debaty,debatách,debatami
zjištění,discovery,n,false,stavení,B1,"misc,abstract",zjištění,zjištění,zjištění,zjištění,zjištění,zjištění,zjištěním,zjištění,zjištění,zjištěním,zjištění,zjištění,zjištěních,zjištěními
publikum,audience,n,false,město,A2,"misc,abstract",publikum,publika,publiku,publikum,publikum,publiku,publikem,publika,publik,publikům,publika,publika,publikech,publiky
továrna,factory,f,false,žena,B1,"places,v_place",továrna,továrny,továrně,továrnu,továrno,továrně,továrnou,továrny,továren,továrnám,továrny,továrny,továrnách,továrnami
velitel,commander,m,true,muž,A2,"misc,people,profession",velitel,velitele,veliteli,velitele,veliteli,veliteli,velitelem,velitelé,velitelů,velitelům,velitele,velitelé,velitelích,veliteli
obyvatelstvo,population,n,false,město,B1,"misc,abstract",obyvatelstvo,obyvatelstva,obyvatelstvu,obyvatelstvo,obyvatelstvo,obyvatelstvu,obyvatelstvem,obyvatelstva,obyvatelstev,obyvatelstvům,obyvatelstva,obyvatelstva,obyvatelstvech,obyvatelstvy
závazek,commitment,m,false,hrad,A2,"misc,abstract",závazek,závazku,závazku,závazek,závazku,závazku,závazkem,závazky,závazků,závazkům,závazky,závazky,závazcích,závazky
chodník,pavement,m,false,hrad,A2,"places,na_place",chodník,chodníku,chodníku,chodník,chodníku,chodníku,chodníkem,chodníky,chodníků,chodníkům,chodníky,chodníky,chodnících,chodníky
tok,stream,m,false,hrad,A2,"misc,abstract",tok,toku,toku,tok,toku,toku,tokem,toky,toků,tokům,toky,toky,tocích,toky
buňka,cell,f,false,žena,A2,"misc,abstract",buňka,buňky,buňce,buňku,buňko,buňce,buňkou,buňky,buněk,buňkám,buňky,buňky,buňkách,buňkami
říše,empire,f,false,růže,B2,"misc,abstract",říše,říše,říši,říši,říše,říši,říší,říše,říší,říším,říše,říše,říších,říšemi
důstojník,officer,m,true,pán,A2,"misc,people,profession",důstojník,důstojníka,důstojníkovi,důstojníka,důstojníku,důstojníkovi,důstojníkem,důstojníci,důstojníků,důstojníkům,důstojníky,důstojníci,důstojnících,důstojníky
prášek,powder,m,false,hrad,A2,"misc,abstract",prášek,prášku,prášku,prášek,prášku,prášku,práškem,prášky,prášků,práškům,prášky,prášky,prášcích,prášky
kmen,trunk,m,false,stroj,A2,"misc,abstract",kmen,kmene,kmenu,kmen,kmeni,kmenu,kmenem,kmeny,kmenů,kmenům,kmeny,kmeny,kmenech,kmeny
složení,composition,n,false,stavení,A2,"misc,abstract",složení,složení,složení,složení,složení,složení,složením,složení,složení,složením,složení,složení,složeních,složeními
měřítko,scale,n,false,město,A2,"misc,abstract",měřítko,měřítka,měřítku,měřítko,měřítko,měřítku,měřítkem,měřítka,měřítek,měřítkům,měřítka,měřítka,měřítkách,měřítky
odpad,waste,m,false,hrad,B1,"misc,abstract",odpad,odpadu,odpadu,odpad,odpade,odpadu,odpadem,odpady,odpadů,odpadům,odpady,odpady,odpadech,odpady
pití,drinking,n,false,stavení,A2,"food,drink",pití,pití,pití,pití,pití,pití,pitím,pití,pití,pitím,pití,pití,pitích,pitími
mzda,wage,f,false,žena,A2,"misc,abstract",mzda,mzdy,mzdě,mzdu,mzdo,mzdě,mzdou,mzdy,mezd,mzdám,mzdy,mzdy,mzdách,mzdami
klobouk,hat,m,false,hrad,B1,"objects,clothing,portable",klobouk,klobouku,klobouku,klobouk,klobouku,klobouku,kloboukem,klobouky,klobouků,kloboukům,klobouky,klobouky,kloboucích,klobouky
městečko,small town,n,false,město,A2,"places,v_place",městečko,městečka,městečku,městečko,městečko,městečku,městečkem,městečka,městeček,městečkům,městečka,městečka,městečkách,městečky
podání,submission,n,false,stavení,A2,"misc,abstract",podání,podání,podání,podání,podání,podání,podáním,podání,podání,podáním,podání,podání,podáních,podáními
zakázka,order,f,false,žena,A2,"misc,abstract",zakázka,zakázky,zakázce,zakázku,zakázko,zakázce,zakázkou,zakázky,zakázek,zakázkám,zakázky,zakázky,zakázkách,zakázkami
prohlídka,examination,f,false,žena,B1,"misc,abstract",prohlídka,prohlídky,prohlídce,prohlídku,prohlídko,prohlídce,prohlídkou,prohlídky,prohlídek,prohlídkám,prohlídky,prohlídky,prohlídkách,prohlídkami
obvinění,accusation,n,false,stavení,B1,"misc,abstract",obvinění,obvinění,obvinění,obvinění,obvinění,obvinění,obviněním,obvinění,obvinění,obviněním,obvinění,obvinění,obviněních,obviněními
hoch,boy,m,true,pán,A2,"misc,people",hoch,hocha,hochovi,hocha,hochu,hochovi,hochem,hoši,hochů,hochům,hochy,hoši,hoších,hochy
pracoviště,workplace,n,false,moře,B1,"places,na_place",pracoviště,pracoviště,pracovišti,pracoviště,pracoviště,pracovišti,pracovištěm,pracoviště,pracovišť,pracovištím,pracoviště,pracoviště,pracovištích,pracovišti
vidění,seeing,n,false,stavení,A2,"misc,abstract",vidění,vidění,vidění,vidění,vidění,vidění,viděním,vidění,vidění,viděním,vidění,vidění,viděních,viděními
branka,gate,f,false,žena,B1,"misc,abstract,objects",branka,branky,brance,branku,branko,brance,brankou,branky,branek,brankám,branky,branky,brankách,brankami
organismus,organism,m,false,hrad,B1,"misc,abstract",organismus,organismu,organismu,organismus,organisme,organismu,organismem,organismy,organismů,organismům,organismy,organismy,organismech,organismy
záruka,guarantee,f,false,žena,B1,"misc,abstract",záruka,záruky,záruce,záruku,záruko,záruce,zárukou,záruky,záruk,zárukám,záruky,záruky,zárukách,zárukami
požár,fire,m,false,hrad,A2,"misc,abstract",požár,požáru,požáru,požár,požáre,požáru,požárem,požáry,požárů,požárům,požáry,požáry,požárech,požáry
pobřeží,coast,n,false,stavení,A2,"misc,abstract",pobřeží,pobřeží,pobřeží,pobřeží,pobřeží,pobřeží,pobřežím,pobřeží,pobřeží,pobřežím,pobřeží,pobřeží,pobřežích,pobřežími
gesto,gesture,n,false,město,A2,"misc,abstract,feeling",gesto,gesta,gestu,gesto,gesto,gestu,gestem,gesta,gest,gestům,gesta,gesta,gestech,gesty
katastrofa,disaster,f,false,žena,B1,"misc,abstract",katastrofa,katastrofy,katastrofě,katastrofu,katastrofo,katastrofě,katastrofou,katastrofy,katastrof,katastrofám,katastrofy,katastrofy,katastrofách,katastrofami
získání,acquisition,n,false,stavení,A2,"misc,abstract",získání,získání,získání,získání,získání,získání,získáním,získání,získání,získáním,získání,získání,získáních,získáními
povolání,profession,n,false,stavení,B1,"misc,abstract",povolání,povolání,povolání,povolání,povolání,povolání,povoláním,povolání,povolání,povoláním,povolání,povolání,povoláních,povoláními
účinnost,efficiency,f,false,kost,B1,"misc,abstract",účinnost,účinnosti,účinnosti,účinnost,účinnosti,účinnosti,účinností,účinnosti,účinností,účinnostem,účinnosti,účinnosti,účinnostech,účinnostmi
náhrada,compensation,f,false,žena,A2,"misc,abstract",náhrada,náhrady,náhradě,náhradu,náhrado,náhradě,náhradou,náhrady,náhrad,náhradám,náhrady,náhrady,náhradách,náhradami
útvar,formation,m,false,hrad,A2,"misc,abstract",útvar,útvaru,útvaru,útvar,útvare,útvaru,útvarem,útvary,útvarů,útvarům,útvary,útvary,útvarech,útvary
charakteristika,characteristic,f,false,žena,A2,"misc,abstract",charakteristika,charakteristiky,charakteristice,charakteristiku,charakteristiko,charakteristice,charakteristikou,charakteristiky,charakteristik,charakteristikám,charakteristiky,charakteristiky,charakteristikách,charakteristikami
sklon,disposition,m,false,hrad,A2,"misc,abstract",sklon,sklonu,sklonu,sklon,sklone,sklonu,sklonem,sklony,sklonů,sklonům,sklony,sklony,sklonech,sklony
ulička,lane,f,false,žena,A2,"misc,abstract",ulička,uličky,uličce,uličku,uličko,uličce,uličkou,uličky,uliček,uličkám,uličky,uličky,uličkách,uličkami
kabát,coat,m,false,hrad,B1,"objects,clothing,portable",kabát,kabátu,kabátu,kabát,kabáte,kabátě,kabátem,kabáty,kabátů,kabátům,kabáty,kabáty,kabátech,kabáty
květina,flower,f,false,žena,A1,"nature,flora",květina,květiny,květině,květinu,květino,květině,květinou,květiny,květin,květinám,květiny,květiny,květinách,květinami
úcta,respect,f,false,žena,A2,"misc,abstract",úcta,úcty,úctě,úctu,úcto,úctě,úctou,úcty,úct,úctám,úcty,úcty,úctách,úctami
holčička,(little) girl,f,false,žena,A2,"misc,people",holčička,holčičky,holčičce,holčičku,holčičko,holčičce,holčičkou,holčičky,holčiček,holčičkám,holčičky,holčičky,holčičkách,holčičkami
vrah,murderer,m,true,pán,A2,"misc,people",vrah,vraha,vrahovi,vraha,vrahu,vrahovi,vrahem,vrazi,vrahů,vrahům,vrahy,vrazi,vrazích,vrahy
sklad,stock,m,false,hrad,A2,"misc,abstract",sklad,skladu,skladu,sklad,sklade,skladě,skladem,sklady,skladů,skladům,sklady,sklady,skladech,sklady
mínění,opinion,n,false,stavení,B1,"misc,abstract",mínění,mínění,mínění,mínění,mínění,mínění,míněním,mínění,mínění,míněním,mínění,mínění,míněních,míněními
zpěvák,singer,m,true,pán,A2,"misc,people,profession",zpěvák,zpěváka,zpěvákovi,zpěváka,zpěváku,zpěvákovi,zpěvákem,zpěváci,zpěváků,zpěvákům,zpěváky,zpěváci,zpěvácích,zpěváky
gól,goal,m,false,hrad,A2,"misc,abstract",gól,gólu,gólu,gól,góle,góle,gólem,góly,gólů,gólům,góly,góly,gólech,góly
start,take-off,m,false,hrad,A2,"misc,abstract",start,startu,startu,start,starte,startu,startem,starty,startů,startům,starty,starty,startech,starty
narození,birth,n,false,stavení,B1,"misc,abstract",narození,narození,narození,narození,narození,narození,narozením,narození,narození,narozením,narození,narození,narozeních,narozeními
pokyn,instruction,m,false,hrad,A2,"misc,abstract",pokyn,pokynu,pokynu,pokyn,pokyne,pokynu,pokynem,pokyny,pokynů,pokynům,pokyny,pokyny,pokynech,pokyny
souboj,fight,m,false,stroj,A2,"misc,event",souboj,souboje,souboji,souboj,souboji,souboji,soubojem,souboje,soubojů,soubojům,souboje,souboje,soubojích,souboji
síň,hall,f,false,píseň,B1,"places,v_place",síň,síně,síni,síň,síni,síni,síní,síně,síní,síním,síně,síně,síních,síněmi
dodavatel,supplier,m,true,muž,A2,"misc,people",dodavatel,dodavatele,dodavateli,dodavatele,dodavateli,dodavateli,dodavatelem,dodavatelé,dodavatelů,dodavatelům,dodavatele,dodavatelé,dodavatelích,dodavateli
nárůst,growth,m,false,hrad,B1,"misc,abstract",nárůst,nárůstu,nárůstu,nárůst,nárůste,nárůstu,nárůstem,nárůsty,nárůstů,nárůstům,nárůsty,nárůsty,nárůstech,nárůsty
vzhled,looks,m,false,hrad,B1,"misc,abstract",vzhled,vzhledu,vzhledu,vzhled,vzhlede,vzhledu,vzhledem,vzhledy,vzhledů,vzhledům,vzhledy,vzhledy,vzhledech,vzhledy
čára,line,f,false,žena,A2,"misc,abstract",čára,čáry,čáře,čáru,čáro,čáře,čárou,čáry,čar,čárám,čáry,čáry,čárách,čárami
akademie,academy,f,false,růže,A2,"misc,places,v_place",akademie,akademie,akademii,akademii,akademie,akademii,akademií,akademie,akademií,akademiím,akademie,akademie,akademiích,akademiemi
zpěv,singing,m,false,hrad,A2,"misc,abstract",zpěv,zpěvu,zpěvu,zpěv,zpěve,zpěvu,zpěvem,zpěvy,zpěvů,zpěvům,zpěvy,zpěvy,zpěvech,zpěvy
úvěr,loan,m,false,hrad,B1,"misc,abstract",úvěr,úvěru,úvěru,úvěr,úvěre,úvěru,úvěrem,úvěry,úvěrů,úvěrům,úvěry,úvěry,úvěrech,úvěry
prase,pig,n,false,kuře,A2,animals,prase,prasete,praseti,prase,prase,praseti,prasetem,prasata,prasat,prasatům,prasata,prasata,prasatech,prasaty
okres,district,m,false,hrad,A2,"misc,abstract",okres,okresu,okresu,okres,okrese,okrese,okresem,okresy,okresů,okresům,okresy,okresy,okresech,okresy
akcie,share,f,false,růže,A2,"misc,abstract",akcie,akcie,akcii,akcii,akcie,akcii,akcií,akcie,akcií,akciím,akcie,akcie,akciích,akciemi
odbor,department,m,false,hrad,A2,"misc,abstract",odbor,odboru,odboru,odbor,odbore,odboru,odborem,odbory,odborů,odborům,odbory,odbory,odborech,odbory
používání,use,n,false,stavení,A2,"misc,abstract",používání,používání,používání,používání,používání,používání,používáním,používání,používání,používáním,používání,používání,používáních,používáními
učitelka,female teacher,f,false,žena,A1,"misc,people,profession",učitelka,učitelky,učitelce,učitelku,učitelko,učitelce,učitelkou,učitelky,učitelek,učitelkám,učitelky,učitelky,učitelkách,učitelkami
smůla,bad luck,f,false,žena,A2,"misc,abstract",smůla,smůly,smůle,smůlu,smůlo,smůle,smůlou,smůly,smůl,smůlám,smůly,smůly,smůlách,smůlami
komplex,complex,m,false,hrad,B1,"misc,abstract",komplex,komplexu,komplexu,komplex,komplexe,komplexu,komplexem,komplexy,komplexů,komplexům,komplexy,komplexy,komplexech,komplexy
královna,queen,f,false,žena,A2,"misc,people",královna,královny,královně,královnu,královno,královně,královnou,královny,královen,královnám,královny,královny,královnách,královnami
scénář,scenario,m,false,stroj,B1,"misc,readable",scénář,scénáře,scénáři,scénář,scénáři,scénáři,scénářem,scénáře,scénářů,scénářům,scénáře,scénáře,scénářích,scénáři
pochybnost,doubt,f,false,kost,A2,"misc,abstract,feeling",pochybnost,pochybnosti,pochybnosti,pochybnost,pochybnosti,pochybnosti,pochybností,pochybnosti,pochybností,pochybnostem,pochybnosti,pochybnosti,pochybnostech,pochybnostmi
obvod,circumference,m,false,hrad,B1,"misc,abstract",obvod,obvodu,obvodu,obvod,obvode,obvodě,obvodem,obvody,obvodů,obvodům,obvody,obvody,obvodech,obvody
finále,finals,n,false,moře,A2,"misc,abstract",finále,finále,finále,finále,finále,finále,finálem,finále,finále,finále,finále,finále,finále,finále
mužstvo,team,n,false,město,A2,"misc,abstract",mužstvo,mužstva,mužstvu,mužstvo,mužstvo,mužstvu,mužstvem,mužstva,mužstev,mužstvům,mužstva,mužstva,mužstvech,mužstvy
expozice,exhibition,f,false,růže,B1,"misc,abstract",expozice,expozice,expozici,expozici,expozice,expozici,expozicí,expozice,expozic,expozicím,expozice,expozice,expozicích,expozicemi
plášť,coat,m,false,stroj,A2,"objects,clothing,portable",plášť,pláště,plášti,plášť,plášti,plášti,pláštěm,pláště,plášťů,plášťům,pláště,pláště,pláštích,plášti
cvičení,exercise,n,false,stavení,A2,"misc,abstract",cvičení,cvičení,cvičení,cvičení,cvičení,cvičení,cvičením,cvičení,cvičení,cvičením,cvičení,cvičení,cvičeních,cvičeními
obrazovka,screen,f,false,žena,B1,"misc,abstract",obrazovka,obrazovky,obrazovce,obrazovku,obrazovko,obrazovce,obrazovkou,obrazovky,obrazovek,obrazovkám,obrazovky,obrazovky,obrazovkách,obrazovkami
rozdělení,division,n,false,stavení,B1,"misc,abstract",rozdělení,rozdělení,rozdělení,rozdělení,rozdělení,rozdělení,rozdělením,rozdělení,rozdělení,rozdělením,rozdělení,rozdělení,rozděleních,rozděleními
slib,promise,m,false,hrad,A2,"misc,abstract",slib,slibu,slibu,slib,slibe,slibu,slibem,sliby,slibů,slibům,sliby,sliby,slibech,sliby
uplatnění,use,n,false,stavení,B1,"misc,abstract",uplatnění,uplatnění,uplatnění,uplatnění,uplatnění,uplatnění,uplatněním,uplatnění,uplatnění,uplatněním,uplatnění,uplatnění,uplatněních,uplatněními
rovnováha,balance,f,false,žena,B1,"misc,abstract",rovnováha,rovnováhy,rovnováze,rovnováhu,rovnováho,rovnováze,rovnováhou,rovnováhy,rovnováh,rovnováhám,rovnováhy,rovnováhy,rovnováhách,rovnováhami
čtení,reading,n,false,stavení,A2,"misc,abstract",čtení,čtení,čtení,čtení,čtení,čtení,čtením,čtení,čtení,čtením,čtení,čtení,čteních,čteními
volno,leisure,n,false,město,A2,"misc,abstract",volno,volna,volnu,volno,volno,volně,volnem,volna,volen,volnům,volna,volna,volnech,volny
obal,cover,m,false,hrad,A2,"misc,abstract",obal,obalu,obalu,obal,obale,obale,obalem,obaly,obalů,obalům,obaly,obaly,obalech,obaly
správce,manager,m,true,soudce,A2,"misc,people,profession",správce,správce,správci,správce,správce,správci,správcem,správci,správců,správcům,správce,správci,správcích,správci
pachatel,offender,m,true,muž,B1,"misc,people",pachatel,pachatele,pachateli,pachatele,pachateli,pachateli,pachatelem,pachatelé,pachatelů,pachatelům,pachatele,pachatelé,pachatelích,pachateli
hasič,firefighter,m,true,muž,B1,"misc,people,profession",hasič,hasiče,hasiči,hasiče,hasiči,hasiči,hasičem,hasiči,hasičů,hasičům,hasiče,hasiči,hasičích,hasiči
pokrok,progress,m,false,hrad,B1,"misc,abstract",pokrok,pokroku,pokroku,pokrok,pokroku,pokroku,pokrokem,pokroky,pokroků,pokrokům,pokroky,pokroky,pokrocích,pokroky
generál,general,m,true,pán,A2,"misc,profession",generál,generála,generálovi,generála,generále,generálovi,generálem,generálové,generálů,generálům,generály,generálové,generálech,generály
čest,honour,f,false,kost,A2,"misc,abstract",čest,cti,cti,čest,cti,cti,ctí,cti,ctí,ctem,cti,cti,ctech,ctmi
sval,muscle,m,false,hrad,A2,body,sval,svalu,svalu,sval,svale,svalu,svalem,svaly,svalů,svalům,svaly,svaly,svalech,svaly
báseň,poem,f,false,píseň,B1,"misc,readable",báseň,básně,básni,báseň,básni,básni,básní,básně,básní,básním,básně,básně,básních,básněmi
vnitro,interior,n,false,město,A2,"misc,abstract",vnitro,vnitra,vnitru,vnitro,vnitro,vnitru,vnitrem,vnitra,vniter,vnitrům,vnitra,vnitra,vnitrech,vnitry
iniciativa,initiative,f,false,žena,B1,"misc,abstract",iniciativa,iniciativy,iniciativě,iniciativu,iniciativo,iniciativě,iniciativou,iniciativy,iniciativ,iniciativám,iniciativy,iniciativy,iniciativách,iniciativami
kapka,drop,f,false,žena,B1,"misc,abstract",kapka,kapky,kapce,kapku,kapko,kapce,kapkou,kapky,kapek,kapkám,kapky,kapky,kapkách,kapkami
zásluha,credit,f,false,žena,A2,"misc,abstract",zásluha,zásluhy,zásluze,zásluhu,zásluho,zásluze,zásluhou,zásluhy,zásluh,zásluhám,zásluhy,zásluhy,zásluhách,zásluhami
zasedání,session,n,false,stavení,B1,"misc,abstract",zasedání,zasedání,zasedání,zasedání,zasedání,zasedání,zasedáním,zasedání,zasedání,zasedáním,zasedání,zasedání,zasedáních,zasedáními
vajíčko,egg,n,false,město,A2,food,vajíčko,vajíčka,vajíčku,vajíčko,vajíčko,vajíčku,vajíčkem,vajíčka,vajíček,vajíčkům,vajíčka,vajíčka,vajíčkách,vajíčky
výstup,climb,m,false,hrad,A2,"misc,abstract",výstup,výstupu,výstupu,výstup,výstupe,výstupu,výstupem,výstupy,výstupů,výstupům,výstupy,výstupy,výstupech,výstupy
pokračování,continuation,n,false,stavení,B1,"misc,abstract",pokračování,pokračování,pokračování,pokračování,pokračování,pokračování,pokračováním,pokračování,pokračování,pokračováním,pokračování,pokračování,pokračováních,pokračováními
bomba,bomb,f,false,žena,A2,objects,bomba,bomby,bombě,bombu,bombo,bombě,bombou,bomby,bomb,bombám,bomby,bomby,bombách,bombami
neštěstí,misfortune,n,false,stavení,B1,"misc,abstract,feeling",neštěstí,neštěstí,neštěstí,neštěstí,neštěstí,neštěstí,neštěstím,neštěstí,neštěstí,neštěstím,neštěstí,neštěstí,neštěstích,neštěstími
šok,shock,m,false,hrad,B1,"misc,abstract,feeling",šok,šoku,šoku,šok,šoku,šoku,šokem,šoky,šoků,šokům,šoky,šoky,šocích,šoky
sloup,pole,m,false,hrad,A2,"misc,abstract,objects",sloup,sloupu,sloupu,sloup,sloupe,sloupě,sloupem,sloupy,sloupů,sloupům,sloupy,sloupy,sloupech,sloupy
etapa,period,f,false,žena,A2,"misc,abstract",etapa,etapy,etapě,etapu,etapo,etapě,etapou,etapy,etap,etapám,etapy,etapy,etapách,etapami
běh,run,m,false,hrad,A2,"misc,abstract",běh,běhu,běhu,běh,běhu,běhu,během,běhy,běhů,běhům,běhy,běhy,bězích,běhy
poradce,adviser,m,true,soudce,A2,"misc,profession",poradce,poradce,poradci,poradce,poradce,poradci,poradcem,poradci,poradců,poradcům,poradce,poradci,poradcích,poradci
přínos,contribution,m,false,hrad,B1,"misc,abstract",přínos,přínosu,přínosu,přínos,přínose,přínose,přínosem,přínosy,přínosů,přínosům,přínosy,přínosy,přínosech,přínosy
pochopení,understanding,n,false,stavení,A2,"misc,abstract",pochopení,pochopení,pochopení,pochopení,pochopení,pochopení,pochopením,pochopení,pochopení,pochopením,pochopení,pochopení,pochopeních,pochopeními
publikace,publication,f,false,růže,B1,"misc,abstract",publikace,publikace,publikaci,publikaci,publikace,publikaci,publikací,publikace,publikací,publikacím,publikace,publikace,publikacích,publikacemi
úhel,angle,m,false,hrad,A2,"misc,abstract",úhel,úhlu,úhlu,úhel,úhle,úhlu,úhlem,úhly,úhlů,úhlům,úhly,úhly,úhlech,úhly
humor,humour,m,false,hrad,A2,"misc,abstract",humor,humoru,humoru,humor,humore,humoru,humorem,humory,humorů,humorům,humory,humory,humorech,humory
drát,wire,m,false,hrad,A2,"misc,abstract,objects,portable",drát,drátu,drátu,drát,dráte,drátě,drátem,dráty,drátů,drátům,dráty,dráty,drátech,dráty
senát,Senate,m,false,hrad,B1,"misc,places,v_place",senát,senátu,senátu,senát,senáte,senátě,senátem,senáty,senátů,senátům,senáty,senáty,senátech,senáty
pata,heel,f,false,žena,A2,"body,surface_body",pata,paty,patě,patu,pato,patě,patou,paty,pat,patám,paty,paty,patách,patami
dnešek,today,m,false,hrad,A2,"time,calendar_unit",dnešek,dnešku,dnešku,dnešek,dnešku,dnešku,dneškem,dnešky,dnešků,dneškům,dnešky,dnešky,dnešcích,dnešky
hřbitov,cemetery,m,false,hrad,B1,"misc,abstract,places",hřbitov,hřbitova,hřbitovu,hřbitov,hřbitove,hřbitově,hřbitovem,hřbitovy,hřbitovů,hřbitovům,hřbitovy,hřbitovy,hřbitovech,hřbitovy
psaní,writing,n,false,stavení,A2,"misc,abstract",psaní,psaní,psaní,psaní,psaní,psaní,psaním,psaní,psaní,psaním,psaní,psaní,psaních,psaními
písmeno,letter,n,false,město,A2,"objects,readable",písmeno,písmene,písmenu,písmeno,písmeno,písmenu,písmenem,písmena,písmen,písmenům,písmena,písmena,písmenech,písmeny
porážka,defeat,f,false,žena,B1,"misc,abstract",porážka,porážky,porážce,porážku,porážko,porážce,porážkou,porážky,porážek,porážkám,porážky,porážky,porážkách,porážkami
řádek,line,m,false,hrad,A2,"misc,abstract",řádek,řádku,řádku,řádek,řádku,řádku,řádkem,řádky,řádků,řádkům,řádky,řádky,řádcích,řádky
léčba,treatment,f,false,žena,A2,"misc,abstract",léčba,léčby,léčbě,léčbu,léčbo,léčbě,léčbou,léčby,léčeb,léčbám,léčby,léčby,léčbách,léčbami
pěst,fist,f,false,kost,A2,body,pěst,pěsti,pěsti,pěst,pěsti,pěsti,pěstí,pěsti,pěstí,pěstem,pěsti,pěsti,pěstech,pěstmi
zrak,sight,m,false,hrad,A2,"misc,abstract",zrak,zraku,zraku,zrak,zraku,zraku,zrakem,zraky,zraků,zrakům,zraky,zraky,zracích,zraky
vzorek,sample,m,false,hrad,A2,"misc,abstract",vzorek,vzorku,vzorku,vzorek,vzorku,vzorku,vzorkem,vzorky,vzorků,vzorkům,vzorky,vzorky,vzorcích,vzorky
koš,basket,m,false,stroj,A2,"misc,abstract,objects",koš,koše,koši,koš,koši,koši,košem,koše,košů,košům,koše,koše,koších,koši
rytmus,rhythm,m,false,hrad,A2,"misc,abstract",rytmus,rytmu,rytmu,rytmus,rytme,rytmu,rytmem,rytmy,rytmů,rytmům,rytmy,rytmy,rytmech,rytmy
anděl,angel,m,true,pán,A2,"misc,abstract",anděl,anděla,andělovi,anděla,anděli,andělovi,andělem,andělé,andělů,andělům,anděly,andělé,andělech,anděly
organizátor,organizer,m,true,pán,A2,"misc,abstract",organizátor,organizátora,organizátorovi,organizátora,organizátore,organizátorovi,organizátorem,organizátoři,organizátorů,organizátorům,organizátory,organizátoři,organizátorech,organizátory
vytváření,creation,n,false,stavení,A2,"misc,abstract",vytváření,vytváření,vytváření,vytváření,vytváření,vytváření,vytvářením,vytváření,vytváření,vytvářením,vytváření,vytváření,vytvářeních,vytvářeními
protest,protest,m,false,hrad,B1,"misc,abstract",protest,protestu,protestu,protest,proteste,protestu,protestem,protesty,protestů,protestům,protesty,protesty,protestech,protesty
suma,sum,f,false,žena,A2,"misc,abstract",suma,sumy,sumě,sumu,sumo,sumě,sumou,sumy,sum,sumám,sumy,sumy,sumách,sumami
výhled,view,m,false,hrad,A2,"misc,abstract",výhled,výhledu,výhledu,výhled,výhlede,výhledu,výhledem,výhledy,výhledů,výhledům,výhledy,výhledy,výhledech,výhledy
stolek,table,m,false,hrad,A2,"objects,sittable",stolek,stolku,stolku,stolek,stolku,stolku,stolkem,stolky,stolků,stolkům,stolky,stolky,stolcích,stolky
chrám,temple,m,false,hrad,A2,"places,v_place",chrám,chrámu,chrámu,chrám,chráme,chrámu,chrámem,chrámy,chrámů,chrámům,chrámy,chrámy,chrámech,chrámy
plamen,flame,m,false,stroj,A2,"misc,abstract",plamen,plamene,plamenu,plamen,plameni,plamenu,plamenem,plameny,plamenů,plamenům,plameny,plameny,plamenech,plameny
ukončení,termination,n,false,stavení,A2,"misc,abstract",ukončení,ukončení,ukončení,ukončení,ukončení,ukončení,ukončením,ukončení,ukončení,ukončením,ukončení,ukončení,ukončeních,ukončeními
zmatek,confusion,m,false,hrad,A2,"misc,abstract,feeling",zmatek,zmatku,zmatku,zmatek,zmatku,zmatku,zmatkem,zmatky,zmatků,zmatkům,zmatky,zmatky,zmatcích,zmatky
obnova,restoration,f,false,žena,A2,"misc,abstract",obnova,obnovy,obnově,obnovu,obnovo,obnově,obnovou,obnovy,obnov,obnovám,obnovy,obnovy,obnovách,obnovami
terén,terrain,m,false,hrad,A2,"nature,geological",terén,terénu,terénu,terén,teréne,teréně,terénem,terény,terénů,terénům,terény,terény,terénech,terény
kov,metal,m,false,hrad,A2,"misc,abstract",kov,kovu,kovu,kov,kove,kovu,kovem,kovy,kovů,kovům,kovy,kovy,kovech,kovy
pobočka,branch,f,false,žena,A2,"places,na_place",pobočka,pobočky,pobočce,pobočku,pobočko,pobočce,pobočkou,pobočky,poboček,pobočkám,pobočky,pobočky,pobočkách,pobočkami
architektura,architecture,f,false,žena,A2,"misc,abstract",architektura,architektury,architektuře,architekturu,architekturo,architektuře,architekturou,architektury,architektur,architekturám,architektury,architektury,architekturách,architekturami
mrak,cloud,m,false,hrad,A2,"nature,weather",mrak,mraku,mraku,mrak,mraku,mraku,mrakem,mraky,mraků,mrakům,mraky,mraky,mracích,mraky
mez,bounds,f,false,píseň,A2,"misc,abstract",mez,meze,mezi,mez,mezi,mezi,mezí,meze,mezí,mezím,meze,meze,mezích,mezemi
bydlení,living,n,false,stavení,B1,"misc,abstract",bydlení,bydlení,bydlení,bydlení,bydlení,bydlení,bydlením,bydlení,bydlení,bydlením,bydlení,bydlení,bydleních,bydleními
sklenice,glass,f,false,růže,A2,objects,sklenice,sklenice,sklenici,sklenici,sklenice,sklenici,sklenicí,sklenice,sklenic,sklenicím,sklenice,sklenice,sklenicích,sklenicemi
skok,jump,m,false,hrad,A2,"misc,abstract",skok,skoku,skoku,skok,skoku,skoku,skokem,skoky,skoků,skokům,skoky,skoky,skocích,skoky
ukázka,demonstration,f,false,žena,A2,"misc,abstract",ukázka,ukázky,ukázce,ukázku,ukázko,ukázce,ukázkou,ukázky,ukázek,ukázkám,ukázky,ukázky,ukázkách,ukázkami
post,post,m,false,hrad,A2,"misc,abstract",post,postu,postu,post,poste,postě,postem,posty,postů,postům,posty,posty,postech,posty
prodejna,shop,f,false,žena,A2,"places,v_place",prodejna,prodejny,prodejně,prodejnu,prodejno,prodejně,prodejnou,prodejny,prodejen,prodejnám,prodejny,prodejny,prodejnách,prodejnami
management,management,m,false,hrad,B1,abstract,management,managementu,managementu,management,managemente,managementu,managementem,managementy,managementů,managementům,managementy,managementy,managementech,managementy
potomek,descendant,m,true,pán,A2,abstract,potomek,potomka,potomkovi,potomka,potomku,potomkovi,potomkem,potomci,potomků,potomkům,potomky,potomci,potomcích,potomky
louka,meadow,f,false,žena,A2,"nature,places,na_place",louka,louky,louce,louku,louko,louce,loukou,louky,luk,loukám,louky,louky,loukách,loukami
stadión,stadium,m,false,hrad,A2,"places,na_place",stadión,stadiónu,stadiónu,stadión,stadióne,stadióně,stadiónem,stadióny,stadiónů,stadiónům,stadióny,stadióny,stadiónech,stadióny
herečka,actress,f,false,žena,B1,"misc,people,profession",herečka,herečky,herečce,herečku,herečko,herečce,herečkou,herečky,hereček,herečkám,herečky,herečky,herečkách,herečkami
sklenička,glass,f,false,žena,A2,objects,sklenička,skleničky,skleničce,skleničku,skleničko,skleničce,skleničkou,skleničky,skleniček,skleničkám,skleničky,skleničky,skleničkách,skleničkami
školství,education,n,false,stavení,B1,"misc,abstract",školství,školství,školství,školství,školství,školství,školstvím,školství,školství,školstvím,školství,školství,školstvích,školstvími
lavice,desk,f,false,růže,A2,"misc,sittable",lavice,lavice,lavici,lavici,lavice,lavici,lavicí,lavice,lavic,lavicím,lavice,lavice,lavicích,lavicemi
ohrožení,danger,n,false,stavení,A2,"misc,abstract,feeling",ohrožení,ohrožení,ohrožení,ohrožení,ohrožení,ohrožení,ohrožením,ohrožení,ohrožení,ohrožením,ohrožení,ohrožení,ohroženích,ohroženími
recept,recipe,m,false,hrad,B1,"misc,readable",recept,receptu,receptu,recept,recepte,receptu,receptem,recepty,receptů,receptům,recepty,recepty,receptech,recepty
turnaj,tournament,m,false,stroj,A2,"misc,abstract",turnaj,turnaje,turnaji,turnaj,turnaji,turnaji,turnajem,turnaje,turnajů,turnajům,turnaje,turnaje,turnajích,turnaji
sluníčko,sun,n,false,město,A2,"nature,celestial",sluníčko,sluníčka,sluníčku,sluníčko,sluníčko,sluníčku,sluníčkem,sluníčka,sluníček,sluníčkům,sluníčka,sluníčka,sluníčkách,sluníčky
porovnání,comparison,n,false,stavení,B1,"misc,abstract",porovnání,porovnání,porovnání,porovnání,porovnání,porovnání,porovnáním,porovnání,porovnání,porovnáním,porovnání,porovnání,porovnáních,porovnáními
překlad,translation,m,false,hrad,B1,"misc,abstract",překlad,překladu,překladu,překlad,překlade,překladě,překladem,překlady,překladů,překladům,překlady,překlady,překladech,překlady
hmotnost,weight,f,false,kost,A2,"misc,abstract",hmotnost,hmotnosti,hmotnosti,hmotnost,hmotnosti,hmotnosti,hmotností,hmotnosti,hmotností,hmotnostem,hmotnosti,hmotnosti,hmotnostech,hmotnostmi
družstvo,cooperative,n,false,město,A2,"misc,abstract",družstvo,družstva,družstvu,družstvo,družstvo,družstvu,družstvem,družstva,družstev,družstvům,družstva,družstva,družstvech,družstvy
kněz,priest,m,true,muž,A2,"misc,profession",kněz,kněze,knězi,kněze,knězi,knězi,knězem,kněží,kněží,kněžím,kněze,kněží,kněžích,kněžími
elektřina,electricity,f,false,žena,A2,"misc,abstract",elektřina,elektřiny,elektřině,elektřinu,elektřino,elektřině,elektřinou,elektřiny,elektřin,elektřinám,elektřiny,elektřiny,elektřinách,elektřinami
tah,pull,m,false,hrad,A2,"misc,abstract",tah,tahu,tahu,tah,tahu,tahu,tahem,tahy,tahů,tahům,tahy,tahy,tazích,tahy
standard,standard,m,false,hrad,B1,"misc,abstract",standard,standardu,standardu,standard,standarde,standardu,standardem,standardy,standardů,standardům,standardy,standardy,standardech,standardy
asociace,association,f,false,růže,A2,"misc,abstract",asociace,asociace,asociaci,asociaci,asociace,asociaci,asociací,asociace,asociací,asociacím,asociace,asociace,asociacích,asociacemi
pojištění,insurance,n,false,stavení,B1,"misc,abstract",pojištění,pojištění,pojištění,pojištění,pojištění,pojištění,pojištěním,pojištění,pojištění,pojištěním,pojištění,pojištění,pojištěních,pojištěními
garáž,garage,f,false,píseň,B1,"places,v_place,indoor",garáž,garáže,garáži,garáž,garáži,garáži,garáží,garáže,garáží,garážím,garáže,garáže,garážích,garážemi
zaměstnavatel,employer,m,true,muž,B1,"misc,abstract",zaměstnavatel,zaměstnavatele,zaměstnavateli,zaměstnavatele,zaměstnavateli,zaměstnavateli,zaměstnavatelem,zaměstnavatelé,zaměstnavatelů,zaměstnavatelům,zaměstnavatele,zaměstnavatelé,zaměstnavatelích,zaměstnavateli
založení,founding,n,false,stavení,B1,"misc,abstract",založení,založení,založení,založení,založení,založení,založením,založení,založení,založením,založení,založení,založeních,založeními
umístění,position,n,false,stavení,A2,"misc,abstract",umístění,umístění,umístění,umístění,umístění,umístění,umístěním,umístění,umístění,umístěním,umístění,umístění,umístěních,umístěními
paprsek,beam,m,false,hrad,A2,"misc,abstract",paprsek,paprsku,paprsku,paprsek,paprsku,paprsku,paprskem,paprsky,paprsků,paprskům,paprsky,paprsky,paprscích,paprsky
výročí,anniversary,n,false,stavení,B1,"misc,abstract",výročí,výročí,výročí,výročí,výročí,výročí,výročím,výročí,výročí,výročím,výročí,výročí,výročích,výročími
výbuch,explosion,m,false,hrad,A2,"misc,abstract",výbuch,výbuchu,výbuchu,výbuch,výbuchu,výbuchu,výbuchem,výbuchy,výbuchů,výbuchům,výbuchy,výbuchy,výbuších,výbuchy
úder,hit,m,false,hrad,A2,"misc,abstract",úder,úderu,úderu,úder,údere,úderu,úderem,údery,úderů,úderům,údery,údery,úderech,údery
fantazie,imagination,f,false,růže,A2,"misc,abstract",fantazie,fantazie,fantazii,fantazii,fantazie,fantazii,fantazií,fantazie,fantazií,fantaziím,fantazie,fantazie,fantaziích,fantaziemi
statistika,statistics,f,false,žena,B1,"misc,abstract",statistika,statistiky,statistice,statistiku,statistiko,statistice,statistikou,statistiky,statistik,statistikám,statistiky,statistiky,statistikách,statistikami
pokladna,cash desk,f,false,žena,A2,"misc,abstract",pokladna,pokladny,pokladně,pokladnu,pokladno,pokladně,pokladnou,pokladny,pokladen,pokladnám,pokladny,pokladny,pokladnách,pokladnami
pohár,cup,m,false,hrad,A2,objects,pohár,poháru,poháru,pohár,poháre,poháru,pohárem,poháry,pohárů,pohárům,poháry,poháry,pohárech,poháry
oznámení,announcement,n,false,stavení,B1,"misc,abstract",oznámení,oznámení,oznámení,oznámení,oznámení,oznámení,oznámením,oznámení,oznámení,oznámením,oznámení,oznámení,oznámeních,oznámeními
poptávka,demand,f,false,žena,B1,"misc,abstract",poptávka,poptávky,poptávce,poptávku,poptávko,poptávce,poptávkou,poptávky,poptávek,poptávkám,poptávky,poptávky,poptávkách,poptávkami
onemocnění,disease,n,false,stavení,A2,abstract,onemocnění,onemocnění,onemocnění,onemocnění,onemocnění,onemocnění,onemocněním,onemocnění,onemocnění,onemocněním,onemocnění,onemocnění,onemocněních,onemocněními
sektor,sector,m,false,hrad,B1,"misc,abstract",sektor,sektoru,sektoru,sektor,sektore,sektoru,sektorem,sektory,sektorů,sektorům,sektory,sektory,sektorech,sektory
volič,voter,m,true,muž,A2,"misc,abstract",volič,voliče,voliči,voliče,voliči,voliči,voličem,voliči,voličů,voličům,voliče,voliči,voličích,voliči
vlastnictví,ownership,n,false,stavení,B1,"misc,abstract",vlastnictví,vlastnictví,vlastnictví,vlastnictví,vlastnictví,vlastnictví,vlastnictvím,vlastnictví,vlastnictví,vlastnictvím,vlastnictví,vlastnictví,vlastnictvích,vlastnictvími
legenda,legend,f,false,žena,B1,"misc,abstract",legenda,legendy,legendě,legendu,legendo,legendě,legendou,legendy,legend,legendám,legendy,legendy,legendách,legendami
doporučení,recommendation,n,false,stavení,A2,"misc,abstract",doporučení,doporučení,doporučení,doporučení,doporučení,doporučení,doporučením,doporučení,doporučení,doporučením,doporučení,doporučení,doporučeních,doporučeními
obtíž,trouble,f,false,píseň,A2,"misc,abstract",obtíž,obtíže,obtíži,obtíž,obtíži,obtíži,obtíží,obtíže,obtíží,obtížím,obtíže,obtíže,obtížích,obtížemi
zrušení,cancellation,n,false,stavení,B1,"misc,abstract",zrušení,zrušení,zrušení,zrušení,zrušení,zrušení,zrušením,zrušení,zrušení,zrušením,zrušení,zrušení,zrušeních,zrušeními
plátno,cloth,n,false,město,B1,"misc,abstract",plátno,plátna,plátnu,plátno,plátno,plátně,plátnem,plátna,pláten,plátnům,plátna,plátna,plátnech,plátny
oddíl,section,m,false,hrad,A2,"misc,abstract",oddíl,oddílu,oddílu,oddíl,oddíle,oddíle,oddílem,oddíly,oddílů,oddílům,oddíly,oddíly,oddílech,oddíly
kufr,suitcase,m,false,hrad,A2,"objects,portable",kufr,kufru,kufru,kufr,kufre,kufru,kufrem,kufry,kufrů,kufrům,kufry,kufry,kufrech,kufry
financování,financing,n,false,stavení,B1,"misc,abstract",financování,financování,financování,financování,financování,financování,financováním,financování,financování,financováním,financování,financování,financováních,financováními
záběr,stroke,m,false,hrad,A2,"misc,abstract",záběr,záběru,záběru,záběr,záběre,záběru,záběrem,záběry,záběrů,záběrům,záběry,záběry,záběrech,záběry
lůžko,bed,n,false,město,A2,"objects,sittable",lůžko,lůžka,lůžku,lůžko,lůžko,lůžku,lůžkem,lůžka,lůžek,lůžkům,lůžka,lůžka,lůžkách,lůžky
populace,population,f,false,růže,B1,"misc,abstract",populace,populace,populaci,populaci,populace,populaci,populací,populace,populací,populacím,populace,populace,populacích,populacemi
samota,solitude,f,false,žena,B1,"misc,abstract,feeling",samota,samoty,samotě,samotu,samoto,samotě,samotou,samoty,samot,samotám,samoty,samoty,samotách,samotami
komedie,comedy,f,false,růže,A2,"misc,abstract",komedie,komedie,komedii,komedii,komedie,komedii,komedií,komedie,komedií,komediím,komedie,komedie,komediích,komediemi
talent,talent,m,false,hrad,A2,"misc,abstract",talent,talentu,talentu,talent,talente,talentě,talentem,talenty,talentů,talentům,talenty,talenty,talentech,talenty
likvidace,liquidation,f,false,růže,B1,"misc,abstract",likvidace,likvidace,likvidaci,likvidaci,likvidace,likvidaci,likvidací,likvidace,likvidací,likvidacím,likvidace,likvidace,likvidacích,likvidacemi
otvor,hole,m,false,hrad,A2,"misc,abstract",otvor,otvoru,otvoru,otvor,otvore,otvoru,otvorem,otvory,otvorů,otvorům,otvory,otvory,otvorech,otvory
demokrat,democrat,m,true,pán,B1,"misc,people",demokrat,demokrata,demokratovi,demokrata,demokrate,demokratovi,demokratem,demokraté,demokratů,demokratům,demokraty,demokraté,demokratech,demokraty
zemědělství,agriculture,n,false,stavení,B1,"misc,abstract",zemědělství,zemědělství,zemědělství,zemědělství,zemědělství,zemědělství,zemědělstvím,zemědělství,zemědělství,zemědělstvím,zemědělství,zemědělství,zemědělstvích,zemědělstvími
bohatství,wealth,n,false,stavení,A2,"misc,abstract",bohatství,bohatství,bohatství,bohatství,bohatství,bohatství,bohatstvím,bohatství,bohatství,bohatstvím,bohatství,bohatství,bohatstvích,bohatstvími
stan,tent,m,false,hrad,B1,"misc,abstract",stan,stanu,stanu,stan,stane,stanu,stanem,stany,stanů,stanům,stany,stany,stanech,stany
architekt,architect,m,true,pán,A2,"misc,profession",architekt,architekta,architektovi,architekta,architekte,architektovi,architektem,architekti,architektů,architektům,architekty,architekti,architektech,architekty
planeta,planet,f,false,žena,B1,"nature,places,na_place,celestial",planeta,planety,planetě,planetu,planeto,planetě,planetou,planety,planet,planetám,planety,planety,planetách,planetami
otevření,opening,n,false,stavení,A2,"misc,event,gathering",otevření,otevření,otevření,otevření,otevření,otevření,otevřením,otevření,otevření,otevřením,otevření,otevření,otevřeních,otevřeními
tuna,ton,f,false,žena,A2,"misc,abstract",tuna,tuny,tuně,tunu,tuno,tuně,tunou,tuny,tun,tunám,tuny,tuny,tunách,tunami
plod,fruit,m,false,hrad,A2,"food,nature,flora",plod,plodu,plodu,plod,plode,plodu,plodem,plody,plodů,plodům,plody,plody,plodech,plody
kytka,flower,f,false,žena,A2,"nature,flora",kytka,kytky,kytce,kytku,kytko,kytce,kytkou,kytky,kytek,kytkám,kytky,kytky,kytkách,kytkami
kritik,critic,m,true,pán,A2,"misc,abstract",kritik,kritika,kritikovi,kritika,kritiku,kritikovi,kritikem,kritici,kritiků,kritikům,kritiky,kritici,kriticích,kritiky
drama,drama,n,false,město,B1,"misc,abstract",drama,dramatu,dramatu,drama,drama,dramatu,dramatem,dramata,dramat,dramatům,dramata,dramata,dramatech,dramaty
lidstvo,mankind,n,false,město,A2,abstract,lidstvo,lidstva,lidstvu,lidstvo,lidstvo,lidstvu,lidstvem,lidstva,lidstev,lidstvům,lidstva,lidstva,lidstvech,lidstvy
přehlídka,show,f,false,žena,A2,"misc,abstract",přehlídka,přehlídky,přehlídce,přehlídku,přehlídko,přehlídce,přehlídkou,přehlídky,přehlídek,přehlídkám,přehlídky,přehlídky,přehlídkách,přehlídkami
vášeň,passion,f,false,píseň,A2,"misc,abstract,feeling",vášeň,vášně,vášni,vášeň,vášni,vášni,vášní,vášně,vášní,vášním,vášně,vášně,vášních,vášněmi
kouzlo,magic,n,false,město,A2,"misc,abstract",kouzlo,kouzla,kouzlu,kouzlo,kouzlo,kouzle,kouzlem,kouzla,kouzel,kouzlům,kouzla,kouzla,kouzlech,kouzly
měření,measurement,n,false,stavení,A2,"misc,abstract",měření,měření,měření,měření,měření,měření,měřením,měření,měření,měřením,měření,měření,měřeních,měřeními
útěk,escape,m,false,hrad,A2,"misc,abstract",útěk,útěku,útěku,útěk,útěku,útěku,útěkem,útěky,útěků,útěkům,útěky,útěky,útěcích,útěky
hluk,noise,m,false,hrad,A2,"misc,abstract,feeling",hluk,hluku,hluku,hluk,hluku,hluku,hlukem,hluky,hluků,hlukům,hluky,hluky,hlucích,hluky
pravomoc,authority,f,false,kost,B1,abstract,pravomoc,pravomoci,pravomoci,pravomoc,pravomoci,pravomoci,pravomocí,pravomoci,pravomocí,pravomocím,pravomoci,pravomoci,pravomocích,pravomocemi
metropole,capital,f,false,růže,A2,"misc,abstract,places",metropole,metropole,metropoli,metropoli,metropole,metropoli,metropolí,metropole,metropolí,metropolím,metropole,metropole,metropolích,metropolemi
elektrárna,power plant,f,false,žena,A2,"places,v_place",elektrárna,elektrárny,elektrárně,elektrárnu,elektrárno,elektrárně,elektrárnou,elektrárny,elektráren,elektrárnám,elektrárny,elektrárny,elektrárnách,elektrárnami
agent,agent,m,true,pán,A2,"misc,people",agent,agenta,agentovi,agenta,agente,agentovi,agentem,agenti,agentů,agentům,agenty,agenti,agentech,agenty
posluchač,listener,m,true,muž,A2,"misc,abstract",posluchač,posluchače,posluchači,posluchače,posluchači,posluchači,posluchačem,posluchači,posluchačů,posluchačům,posluchače,posluchači,posluchačích,posluchači
palec,thumb,m,false,stroj,A2,body,palec,palce,palci,palec,palci,palci,palcem,palce,palců,palcům,palce,palce,palcích,palci
sedadlo,seat,n,false,město,B1,"objects,sittable",sedadlo,sedadla,sedadlu,sedadlo,sedadlo,sedadle,sedadlem,sedadla,sedadel,sedadlům,sedadla,sedadla,sedadlech,sedadly
náboženství,religion,n,false,stavení,B1,"misc,abstract",náboženství,náboženství,náboženství,náboženství,náboženství,náboženství,náboženstvím,náboženství,náboženství,náboženstvím,náboženství,náboženství,náboženstvích,náboženstvími
spolupracovník,colleague,m,true,pán,B1,"misc,abstract",spolupracovník,spolupracovníka,spolupracovníkovi,spolupracovníka,spolupracovníku,spolupracovníkovi,spolupracovníkem,spolupracovníci,spolupracovníků,spolupracovníkům,spolupracovníky,spolupracovníci,spolupracovnících,spolupracovníky
úspora,saving,f,false,žena,A2,"misc,abstract",úspora,úspory,úspoře,úsporu,úsporo,úspoře,úsporou,úspory,úspor,úsporám,úspory,úspory,úsporách,úsporami
obálka,envelope,f,false,žena,A2,"misc,abstract",obálka,obálky,obálce,obálku,obálko,obálce,obálkou,obálky,obálek,obálkám,obálky,obálky,obálkách,obálkami
výprava,excursion,f,false,žena,A2,"misc,abstract",výprava,výpravy,výpravě,výpravu,výpravo,výpravě,výpravou,výpravy,výprav,výpravám,výpravy,výpravy,výpravách,výpravami
dění,events,n,false,stavení,A2,"misc,abstract",dění,dění,dění,dění,dění,dění,děním,dění,dění,děním,dění,dění,děních,děními
lampa,lamp,f,false,žena,A2,objects,lampa,lampy,lampě,lampu,lampo,lampě,lampou,lampy,lamp,lampám,lampy,lampy,lampách,lampami
sazba,rate,f,false,žena,A2,"misc,abstract",sazba,sazby,sazbě,sazbu,sazbo,sazbě,sazbou,sazby,sazeb,sazbám,sazby,sazby,sazbách,sazbami
ráj,paradise,m,false,stroj,A2,"misc,abstract",ráj,ráje,ráji,ráj,ráji,ráji,rájem,ráje,rájů,rájům,ráje,ráje,rájích,ráji
redakce,editorial office,f,false,růže,A2,"places,v_place",redakce,redakce,redakci,redakci,redakce,redakci,redakcí,redakce,redakcí,redakcím,redakce,redakce,redakcích,redakcemi
místopředseda,vice chairman,m,true,předseda,B2,"misc,people",místopředseda,místopředsedy,místopředsedovi,místopředsedu,místopředsedo,místopředsedovi,místopředsedou,místopředsedové,místopředsedů,místopředsedům,místopředsedy,místopředsedové,místopředsedech,místopředsedy
dvojka,(number) two,f,false,žena,A2,"misc,abstract",dvojka,dvojky,dvojce,dvojku,dvojko,dvojce,dvojkou,dvojky,dvojek,dvojkám,dvojky,dvojky,dvojkách,dvojkami
trouba,fool,m,true,předseda,A2,"misc,abstract",trouba,trouby,troubovi,troubu,troubo,troubovi,troubou,troubové,troubů,troubům,trouby,troubové,troubech,trouby
objev,discovery,m,false,hrad,A2,"misc,abstract",objev,objevu,objevu,objev,objeve,objevu,objevem,objevy,objevů,objevům,objevy,objevy,objevech,objevy
vyšetření,examination,n,false,stavení,A2,"misc,abstract",vyšetření,vyšetření,vyšetření,vyšetření,vyšetření,vyšetření,vyšetřením,vyšetření,vyšetření,vyšetřením,vyšetření,vyšetření,vyšetřeních,vyšetřeními
důchodce,pensioner,m,true,soudce,A2,"misc,people",důchodce,důchodce,důchodci,důchodce,důchodce,důchodci,důchodcem,důchodci,důchodců,důchodcům,důchodce,důchodci,důchodcích,důchodci
koule,ball,f,false,růže,B1,objects,koule,koule,kouli,kouli,koule,kouli,koulí,koule,koulí,koulím,koule,koule,koulích,koulemi
huba,mouth,f,false,žena,A2,body,huba,huby,hubě,hubu,hubo,hubě,hubou,huby,hub,hubám,huby,huby,hubách,hubami
tyč,post,f,false,píseň,A2,"misc,abstract",tyč,tyče,tyči,tyč,tyči,tyči,tyčí,tyče,tyčí,tyčím,tyče,tyče,tyčích,tyčemi
hokej,(ice-)hockey,m,false,stroj,A2,"misc,abstract",hokej,hokeje,hokeji,hokej,hokeji,hokeji,hokejem,hokeje,hokejů,hokejům,hokeje,hokeje,hokejích,hokeji
tričko,T-shirt,n,false,město,B1,"objects,clothing,portable",tričko,trička,tričku,tričko,tričko,tričku,tričkem,trička,triček,tričkům,trička,trička,tričkách,tričky
chod,course,m,false,hrad,A2,"misc,abstract",chod,chodu,chodu,chod,chode,chodu,chodem,chody,chodů,chodům,chody,chody,chodech,chody
album,album,n,false,město,A2,"misc,abstract",album,alba,albu,album,album,albu,albem,alba,alb,albům,alba,alba,albech,alby
krabička,box,f,false,žena,A2,"objects,portable",krabička,krabičky,krabičce,krabičku,krabičko,krabičce,krabičkou,krabičky,krabiček,krabičkám,krabičky,krabičky,krabičkách,krabičkami
sebevražda,suicide,f,false,žena,B1,"misc,abstract",sebevražda,sebevraždy,sebevraždě,sebevraždu,sebevraždo,sebevraždě,sebevraždou,sebevraždy,sebevražd,sebevraždám,sebevraždy,sebevraždy,sebevraždách,sebevraždami
minimum,minimum,n,false,město,B1,"misc,abstract",minimum,minima,minimu,minimum,minimum,minimu,minimem,minima,minim,minimům,minima,minima,minimech,minimy
zastávka,stop,f,false,žena,A2,"misc,abstract",zastávka,zastávky,zastávce,zastávku,zastávko,zastávce,zastávkou,zastávky,zastávek,zastávkám,zastávky,zastávky,zastávkách,zastávkami
parametr,parameter,m,false,hrad,B2,"misc,abstract",parametr,parametru,parametru,parametr,parametre,parametru,parametrem,parametry,parametrů,parametrům,parametry,parametry,parametrech,parametry
bouře,storm,f,false,růže,A2,"nature,weather",bouře,bouře,bouři,bouři,bouře,bouři,bouří,bouře,bouří,bouřím,bouře,bouře,bouřích,bouřemi
kauza,case,f,false,žena,A2,"misc,abstract",kauza,kauzy,kauze,kauzu,kauzo,kauze,kauzou,kauzy,kauz,kauzám,kauzy,kauzy,kauzách,kauzami
záchrana,rescue,f,false,žena,A2,"misc,abstract",záchrana,záchrany,záchraně,záchranu,záchrano,záchraně,záchranou,záchrany,záchran,záchranám,záchrany,záchrany,záchranách,záchranami
trocha,a bit,f,false,žena,A2,"misc,abstract",trocha,trochy,troše,trochu,trocho,troše,trochou,trochy,troch,trochám,trochy,trochy,trochách,trochami
trénink,training,m,false,hrad,A2,"misc,abstract",trénink,tréninku,tréninku,trénink,tréninku,tréninku,tréninkem,tréninky,tréninků,tréninkům,tréninky,tréninky,trénincích,tréninky
křižovatka,intersection,f,false,žena,A2,"misc,abstract",křižovatka,křižovatky,křižovatce,křižovatku,křižovatko,křižovatce,křižovatkou,křižovatky,křižovatek,křižovatkám,křižovatky,křižovatky,křižovatkách,křižovatkami
pruh,stripe,m,false,hrad,A2,"misc,abstract",pruh,pruhu,pruhu,pruh,pruhu,pruhu,pruhem,pruhy,pruhů,pruhům,pruhy,pruhy,pruzích,pruhy
venkov,country,m,false,hrad,A2,"places,na_place",venkov,venkova,venkovu,venkov,venkove,venkově,venkovem,venkovy,venkovů,venkovům,venkovy,venkovy,venkovech,venkovy
výhra,victory,f,false,žena,A2,"misc,abstract",výhra,výhry,výhře,výhru,výhro,výhře,výhrou,výhry,výher,výhrám,výhry,výhry,výhrách,výhrami
odstranění,removal,n,false,stavení,A2,"misc,abstract",odstranění,odstranění,odstranění,odstranění,odstranění,odstranění,odstraněním,odstranění,odstranění,odstraněním,odstranění,odstranění,odstraněních,odstraněními
autorita,authority,f,false,žena,B1,abstract,autorita,autority,autoritě,autoritu,autorito,autoritě,autoritou,autority,autorit,autoritám,autority,autority,autoritách,autoritami
statek,estate,m,false,hrad,A2,"places,na_place",statek,statku,statku,statek,statku,statku,statkem,statky,statků,statkům,statky,statky,statcích,statky
stabilita,stability,f,false,žena,B1,"misc,abstract",stabilita,stability,stabilitě,stabilitu,stabilito,stabilitě,stabilitou,stability,stabilit,stabilitám,stability,stability,stabilitách,stabilitami
proměna,transformation,f,false,žena,B1,"misc,abstract",proměna,proměny,proměně,proměnu,proměno,proměně,proměnou,proměny,proměn,proměnám,proměny,proměny,proměnách,proměnami
pásmo,zone,n,false,město,A2,"misc,abstract",pásmo,pásma,pásmu,pásmo,pásmo,pásmu,pásmem,pásma,pásem,pásmům,pásma,pásma,pásmech,pásmy
příloha,supplement,f,false,žena,A2,"misc,abstract",příloha,přílohy,příloze,přílohu,příloho,příloze,přílohou,přílohy,příloh,přílohám,přílohy,přílohy,přílohách,přílohami
zdravotnictví,health care,n,false,stavení,B1,"misc,abstract",zdravotnictví,zdravotnictví,zdravotnictví,zdravotnictví,zdravotnictví,zdravotnictví,zdravotnictvím,zdravotnictví,zdravotnictví,zdravotnictvím,zdravotnictví,zdravotnictví,zdravotnictvích,zdravotnictvími
sestava,composition,f,false,žena,A2,"misc,abstract",sestava,sestavy,sestavě,sestavu,sestavo,sestavě,sestavou,sestavy,sestav,sestavám,sestavy,sestavy,sestavách,sestavami
cizina,foreign country,f,false,žena,A2,"places,v_place",cizina,ciziny,cizině,cizinu,cizino,cizině,cizinou,ciziny,cizin,cizinám,ciziny,ciziny,cizinách,cizinami
ředitelka,(woman) director,f,false,žena,A2,"misc,people,profession",ředitelka,ředitelky,ředitelce,ředitelku,ředitelko,ředitelce,ředitelkou,ředitelky,ředitelek,ředitelkám,ředitelky,ředitelky,ředitelkách,ředitelkami
profese,profession,f,false,růže,B1,"misc,abstract",profese,profese,profesi,profesi,profese,profesi,profesí,profese,profesí,profesím,profese,profese,profesích,profesemi
zaměření,specialization,n,false,stavení,B1,"misc,abstract",zaměření,zaměření,zaměření,zaměření,zaměření,zaměření,zaměřením,zaměření,zaměření,zaměřením,zaměření,zaměření,zaměřeních,zaměřeními
děj,plot,m,false,stroj,A2,"misc,abstract",děj,děje,ději,děj,ději,ději,dějem,děje,dějů,dějům,děje,děje,dějích,ději
bazén,swimming pool,m,false,hrad,A2,"places,v_place",bazén,bazénu,bazénu,bazén,bazéne,bazéně,bazénem,bazény,bazénů,bazénům,bazény,bazény,bazénech,bazény
vztek,rage,m,false,hrad,A2,"misc,abstract,feeling",vztek,vzteku,vzteku,vztek,vzteku,vzteku,vztekem,vzteky,vzteků,vztekům,vzteky,vzteky,vztecích,vzteky
klín,lap,m,false,hrad,A2,"misc,abstract",klín,klína,klínu,klín,klíne,klíně,klínem,klíny,klínů,klínům,klíny,klíny,klínech,klíny
poškození,damage,n,false,stavení,A2,"misc,abstract",poškození,poškození,poškození,poškození,poškození,poškození,poškozením,poškození,poškození,poškozením,poškození,poškození,poškozeních,poškozeními
kolečko,wheel,n,false,město,A2,"misc,abstract,objects,portable",kolečko,kolečka,kolečku,kolečko,kolečko,kolečku,kolečkem,kolečka,koleček,kolečkům,kolečka,kolečka,kolečkách,kolečky
vojsko,army,n,false,město,A2,"misc,abstract",vojsko,vojska,vojsku,vojsko,vojsko,vojsku,vojskem,vojska,vojsk,vojskům,vojska,vojska,vojskách,vojsky
balík,parcel,m,false,hrad,A2,objects,balík,balíku,balíku,balík,balíku,balíku,balíkem,balíky,balíků,balíkům,balíky,balíky,balících,balíky
užívání,use,n,false,stavení,A2,"misc,abstract",užívání,užívání,užívání,užívání,užívání,užívání,užíváním,užívání,užívání,užíváním,užívání,užívání,užíváních,užíváními
konto,account,n,false,město,A2,"misc,abstract",konto,konta,kontu,konto,konto,kontě,kontem,konta,kont,kontům,konta,konta,kontech,konty
nápoj,drink,m,false,stroj,A2,"food,drink",nápoj,nápoje,nápoji,nápoj,nápoji,nápoji,nápojem,nápoje,nápojů,nápojům,nápoje,nápoje,nápojích,nápoji
mlha,mist,f,false,žena,A2,"nature,weather",mlha,mlhy,mlze,mlhu,mlho,mlze,mlhou,mlhy,mlh,mlhám,mlhy,mlhy,mlhách,mlhami
shromáždění,assembly,n,false,stavení,A2,"misc,abstract",shromáždění,shromáždění,shromáždění,shromáždění,shromáždění,shromáždění,shromážděním,shromáždění,shromáždění,shromážděním,shromáždění,shromáždění,shromážděních,shromážděními
koncentrace,concentration,f,false,růže,B1,"misc,abstract",koncentrace,koncentrace,koncentraci,koncentraci,koncentrace,koncentraci,koncentrací,koncentrace,koncentrací,koncentracím,koncentrace,koncentrace,koncentracích,koncentracemi
čert,devil,m,true,pán,A2,"misc,abstract",čert,čerta,čertovi,čerta,čerte,čertovi,čertem,čertové,čertů,čertům,čerty,čertové,čertech,čerty
obliba,popularity,f,false,žena,A2,"misc,abstract",obliba,obliby,oblibě,oblibu,oblibo,oblibě,oblibou,obliby,oblib,oblibám,obliby,obliby,oblibách,oblibami
příznivec,fan,m,true,muž,A2,"misc,abstract",příznivec,příznivce,příznivci,příznivce,příznivče,příznivci,příznivcem,příznivci,příznivců,příznivcům,příznivce,příznivci,příznivcích,příznivci
utrpení,suffering,n,false,stavení,A2,"misc,abstract,feeling",utrpení,utrpení,utrpení,utrpení,utrpení,utrpení,utrpením,utrpení,utrpení,utrpením,utrpení,utrpení,utrpeních,utrpeními
úleva,relief,f,false,žena,A2,"misc,abstract,feeling",úleva,úlevy,úlevě,úlevu,úlevo,úlevě,úlevou,úlevy,úlev,úlevám,úlevy,úlevy,úlevách,úlevami
vila,villa,f,false,žena,B1,"places,v_place",vila,vily,vile,vilu,vilo,vile,vilou,vily,vil,vilám,vily,vily,vilách,vilami
vyprávění,tale,n,false,stavení,A2,"misc,abstract",vyprávění,vyprávění,vyprávění,vyprávění,vyprávění,vyprávění,vyprávěním,vyprávění,vyprávění,vyprávěním,vyprávění,vyprávění,vyprávěních,vyprávěními
kresba,drawing,f,false,žena,A2,"misc,abstract",kresba,kresby,kresbě,kresbu,kresbo,kresbě,kresbou,kresby,kreseb,kresbám,kresby,kresby,kresbách,kresbami
kontext,context,m,false,hrad,B1,"misc,abstract",kontext,kontextu,kontextu,kontext,kontexte,kontextu,kontextem,kontexty,kontextů,kontextům,kontexty,kontexty,kontextech,kontexty
zlo,evil,n,false,město,A2,"misc,abstract",zlo,zla,zlu,zlo,zlo,zlu,zlem,zla,zel,zlům,zla,zla,zlech,zly
odkaz,reference,m,false,hrad,A2,"misc,abstract",odkaz,odkazu,odkazu,odkaz,odkaze,odkaze,odkazem,odkazy,odkazů,odkazům,odkazy,odkazy,odkazech,odkazy
brada,chin,f,false,žena,A2,body,brada,brady,bradě,bradu,brado,bradě,bradou,brady,brad,bradám,brady,brady,bradách,bradami
móda,fashion,f,false,žena,B1,"misc,abstract",móda,módy,módě,módu,módo,módě,módou,módy,mód,módám,módy,módy,módách,módami
fórum,forum,n,false,město,A2,"misc,abstract",fórum,fóra,fóru,fórum,fórum,fóru,fórem,fóra,fór,fórům,fóra,fóra,fórech,fóry
doprovod,company,m,false,hrad,A2,"misc,abstract",doprovod,doprovodu,doprovodu,doprovod,doprovode,doprovodu,doprovodem,doprovody,doprovodů,doprovodům,doprovody,doprovody,doprovodech,doprovody
balíček,packet,m,false,hrad,A2,"objects,portable",balíček,balíčku,balíčku,balíček,balíčku,balíčku,balíčkem,balíčky,balíčků,balíčkům,balíčky,balíčky,balíčcích,balíčky
podvod,fraud,m,false,hrad,B1,"misc,abstract",podvod,podvodu,podvodu,podvod,podvode,podvodu,podvodem,podvody,podvodů,podvodům,podvody,podvody,podvodech,podvody
seminář,seminar,m,false,stroj,A2,"misc,abstract",seminář,semináře,semináři,seminář,semináři,semináři,seminářem,semináře,seminářů,seminářům,semináře,semináře,seminářích,semináři
práh,threshold,m,false,hrad,A2,"misc,abstract",práh,prahu,prahu,práh,prahu,prahu,prahem,prahy,prahů,prahům,prahy,prahy,prazích,prahy
maska,mask,f,false,žena,A2,objects,maska,masky,masce,masku,masko,masce,maskou,masky,masek,maskám,masky,masky,maskách,maskami
opera,opera,f,false,žena,A2,"misc,abstract",opera,opery,opeře,operu,opero,opeře,operou,opery,oper,operám,opery,opery,operách,operami
kapitál,capital,m,false,hrad,B1,"misc,abstract",kapitál,kapitálu,kapitálu,kapitál,kapitále,kapitálu,kapitálem,kapitály,kapitálů,kapitálům,kapitály,kapitály,kapitálech,kapitály
plnění,performance,n,false,stavení,A2,"misc,abstract",plnění,plnění,plnění,plnění,plnění,plnění,plněním,plnění,plnění,plněním,plnění,plnění,plněních,plněními
blesk,lightning,m,false,hrad,A2,"misc,abstract,weather,nature",blesk,blesku,blesku,blesk,blesku,blesku,bleskem,blesky,blesků,bleskům,blesky,blesky,blescích,blesky
odvolání,withdrawal,n,false,stavení,A2,"misc,abstract",odvolání,odvolání,odvolání,odvolání,odvolání,odvolání,odvoláním,odvolání,odvolání,odvoláním,odvolání,odvolání,odvoláních,odvoláními
sukně,skirt,f,false,růže,B1,"objects,clothing,portable",sukně,sukně,sukni,sukni,sukně,sukni,sukní,sukně,sukní,sukním,sukně,sukně,sukních,sukněmi
lokalita,locality,f,false,žena,B1,"misc,abstract",lokalita,lokality,lokalitě,lokalitu,lokalito,lokalitě,lokalitou,lokality,lokalit,lokalitám,lokality,lokality,lokalitách,lokalitami
akt,act,m,false,hrad,A2,"misc,abstract",akt,aktu,aktu,akt,akte,aktu,aktem,akty,aktů,aktům,akty,akty,aktech,akty
disciplína,discipline,f,false,žena,B1,"misc,abstract",disciplína,disciplíny,disciplíně,disciplínu,disciplíno,disciplíně,disciplínou,disciplíny,disciplín,disciplínám,disciplíny,disciplíny,disciplínách,disciplínami
komentář,comment,m,false,stroj,B1,"misc,abstract",komentář,komentáře,komentáři,komentář,komentáři,komentáři,komentářem,komentáře,komentářů,komentářům,komentáře,komentáře,komentářích,komentáři
vize,vision,f,false,růže,A2,"misc,abstract",vize,vize,vizi,vizi,vize,vizi,vizí,vize,vizí,vizím,vize,vize,vizích,vizemi
stanovení,determination,n,false,stavení,A2,"misc,abstract",stanovení,stanovení,stanovení,stanovení,stanovení,stanovení,stanovením,stanovení,stanovení,stanovením,stanovení,stanovení,stanoveních,stanoveními
rozvod,divorce,m,false,hrad,A2,"misc,abstract",rozvod,rozvodu,rozvodu,rozvod,rozvode,rozvodě,rozvodem,rozvody,rozvodů,rozvodům,rozvody,rozvody,rozvodech,rozvody
ustanovení,regulation,n,false,stavení,A2,"misc,abstract",ustanovení,ustanovení,ustanovení,ustanovení,ustanovení,ustanovení,ustanovením,ustanovení,ustanovení,ustanovením,ustanovení,ustanovení,ustanoveních,ustanoveními
přístav,harbour,m,false,hrad,A2,"misc,abstract",přístav,přístavu,přístavu,přístav,přístave,přístavě,přístavem,přístavy,přístavů,přístavům,přístavy,přístavy,přístavech,přístavy
historka,story,f,false,žena,A2,"misc,abstract",historka,historky,historce,historku,historko,historce,historkou,historky,historek,historkám,historky,historky,historkách,historkami
určení,purpose,n,false,stavení,A2,"misc,abstract",určení,určení,určení,určení,určení,určení,určením,určení,určení,určením,určení,určení,určeních,určeními
průvodce,guide,m,true,soudce,B1,"misc,profession",průvodce,průvodce,průvodci,průvodce,průvodce,průvodci,průvodcem,průvodci,průvodců,průvodcům,průvodce,průvodci,průvodcích,průvodci
zachování,conservation,n,false,stavení,B1,"misc,abstract",zachování,zachování,zachování,zachování,zachování,zachování,zachováním,zachování,zachování,zachováním,zachování,zachování,zachováních,zachováními
civilizace,civilization,f,false,růže,A2,"misc,abstract",civilizace,civilizace,civilizaci,civilizaci,civilizace,civilizaci,civilizací,civilizace,civilizací,civilizacím,civilizace,civilizace,civilizacích,civilizacemi
vlast,homeland,f,false,kost,B1,"places,v_place",vlast,vlasti,vlasti,vlast,vlasti,vlasti,vlastí,vlasti,vlastí,vlastem,vlasti,vlasti,vlastech,vlastmi
námět,suggestion,m,false,hrad,A2,"misc,abstract",námět,námětu,námětu,námět,náměte,námětu,námětem,náměty,námětů,námětům,náměty,náměty,námětech,náměty
zabezpečení,security,n,false,stavení,B1,"misc,abstract",zabezpečení,zabezpečení,zabezpečení,zabezpečení,zabezpečení,zabezpečení,zabezpečením,zabezpečení,zabezpečení,zabezpečením,zabezpečení,zabezpečení,zabezpečeních,zabezpečeními
spolek,club,m,false,hrad,A2,"misc,abstract",spolek,spolku,spolku,spolek,spolku,spolku,spolkem,spolky,spolků,spolkům,spolky,spolky,spolcích,spolky
přelom,turn,m,false,hrad,B1,"misc,abstract",přelom,přelomu,přelomu,přelom,přelome,přelomu,přelomem,přelomy,přelomů,přelomům,přelomy,přelomy,přelomech,přelomy
výnos,decree,m,false,hrad,A2,"misc,abstract",výnos,výnosu,výnosu,výnos,výnose,výnose,výnosem,výnosy,výnosů,výnosům,výnosy,výnosy,výnosech,výnosy
mráz,frost,m,false,hrad,A2,"nature,weather",mráz,mrazu,mrazu,mráz,mraze,mrazu,mrazem,mrazy,mrazů,mrazům,mrazy,mrazy,mrazech,mrazy
stánek,stall,m,false,hrad,A2,"places,na_place",stánek,stánku,stánku,stánek,stánku,stánku,stánkem,stánky,stánků,stánkům,stánky,stánky,stáncích,stánky
osa,axis,f,false,žena,A2,"misc,abstract",osa,osy,ose,osu,oso,ose,osou,osy,os,osám,osy,osy,osách,osami
nejistota,uncertainty,f,false,žena,B1,"misc,abstract,feeling",nejistota,nejistoty,nejistotě,nejistotu,nejistoto,nejistotě,nejistotou,nejistoty,nejistot,nejistotám,nejistoty,nejistoty,nejistotách,nejistotami
skončení,termination,n,false,stavení,A2,"misc,abstract",skončení,skončení,skončení,skončení,skončení,skončení,skončením,skončení,skončení,skončením,skončení,skončení,skončeních,skončeními
smutek,sadness,m,false,hrad,A2,"misc,abstract,feeling",smutek,smutku,smutku,smutek,smutku,smutku,smutkem,smutky,smutků,smutkům,smutky,smutky,smutcích,smutky
hůl,cane,f,false,píseň,A2,"misc,abstract,objects,portable",hůl,hole,holi,hůl,holi,holi,holí,hole,holí,holím,hole,hole,holích,holemi
reprezentace,representation,f,false,růže,B1,"misc,abstract",reprezentace,reprezentace,reprezentaci,reprezentaci,reprezentace,reprezentaci,reprezentací,reprezentace,reprezentací,reprezentacím,reprezentace,reprezentace,reprezentacích,reprezentacemi
plíce,lung,f,false,růže,A2,body,plíce,plíce,plíci,plíci,plíce,plíci,plící,plíce,plic,plícím,plíce,plíce,plících,plícemi
potenciál,potential,m,false,hrad,B1,"misc,abstract",potenciál,potenciálu,potenciálu,potenciál,potenciále,potenciálu,potenciálem,potenciály,potenciálů,potenciálům,potenciály,potenciály,potenciálech,potenciály
krádež,theft,f,false,píseň,A2,"misc,abstract",krádež,krádeže,krádeži,krádež,krádeži,krádeži,krádeží,krádeže,krádeží,krádežím,krádeže,krádeže,krádežích,krádežemi
střet,conflict,m,false,hrad,A2,"misc,abstract",střet,střetu,střetu,střet,střete,střetu,střetem,střety,střetů,střetům,střety,střety,střetech,střety
kouř,smoke,m,false,stroj,A2,"misc,abstract",kouř,kouře,kouři,kouř,kouři,kouři,kouřem,kouře,kouřů,kouřům,kouře,kouře,kouřích,kouři
rybník,pond,m,false,hrad,B1,"nature,places,na_place",rybník,rybníka,rybníku,rybník,rybníku,rybníku,rybníkem,rybníky,rybníků,rybníkům,rybníky,rybníky,rybnících,rybníky
sledování,watching,n,false,stavení,A2,"misc,abstract",sledování,sledování,sledování,sledování,sledování,sledování,sledováním,sledování,sledování,sledováním,sledování,sledování,sledováních,sledováními
uhlí,coal,n,false,stavení,A2,"misc,abstract",uhlí,uhlí,uhlí,uhlí,uhlí,uhlí,uhlím,uhlí,uhlí,uhlím,uhlí,uhlí,uhlích,uhlími
salát,salad,m,false,hrad,A2,food,salát,salátu,salátu,salát,saláte,salátě,salátem,saláty,salátů,salátům,saláty,saláty,salátech,saláty
ústava,constitution,f,false,žena,B2,"misc,abstract",ústava,ústavy,ústavě,ústavu,ústavo,ústavě,ústavou,ústavy,ústav,ústavám,ústavy,ústavy,ústavách,ústavami
perspektiva,prospect,f,false,žena,B1,"misc,abstract",perspektiva,perspektivy,perspektivě,perspektivu,perspektivo,perspektivě,perspektivou,perspektivy,perspektiv,perspektivám,perspektivy,perspektivy,perspektivách,perspektivami
lavička,bench,f,false,žena,A2,"places,na_place,sittable",lavička,lavičky,lavičce,lavičku,lavičko,lavičce,lavičkou,lavičky,laviček,lavičkám,lavičky,lavičky,lavičkách,lavičkami
definice,definition,f,false,růže,B1,"misc,abstract",definice,definice,definici,definici,definice,definici,definicí,definice,definicí,definicím,definice,definice,definicích,definicemi
rukáv,sleeve,m,false,hrad,B1,"misc,abstract",rukáv,rukávu,rukávu,rukáv,rukáve,rukávě,rukávem,rukávy,rukávů,rukávům,rukávy,rukávy,rukávech,rukávy
rekord,record,m,false,hrad,A2,"misc,abstract",rekord,rekordu,rekordu,rekord,rekorde,rekordu,rekordem,rekordy,rekordů,rekordům,rekordy,rekordy,rekordech,rekordy
pevnost,fortress,f,false,kost,A2,"places,v_place",pevnost,pevnosti,pevnosti,pevnost,pevnosti,pevnosti,pevností,pevnosti,pevností,pevnostem,pevnosti,pevnosti,pevnostech,pevnostmi
slavnost,celebration,f,false,kost,A2,"misc,event,gathering",slavnost,slavnosti,slavnosti,slavnost,slavnosti,slavnosti,slavností,slavnosti,slavností,slavnostem,slavnosti,slavnosti,slavnostech,slavnostmi
klášter,monastery,m,false,hrad,A2,"places,v_place",klášter,kláštera,klášteru,klášter,kláštere,klášteře,klášterem,kláštery,klášterů,klášterům,kláštery,kláštery,klášterech,kláštery
schodiště,staircase,n,false,moře,A2,"places,na_place,indoor",schodiště,schodiště,schodišti,schodiště,schodiště,schodišti,schodištěm,schodiště,schodišť,schodištím,schodiště,schodiště,schodištích,schodišti
šťáva,juice,f,false,žena,A2,"food,drink",šťáva,šťávy,šťávě,šťávu,šťávo,šťávě,šťávou,šťávy,šťáv,šťávám,šťávy,šťávy,šťávách,šťávami
svah,slope,m,false,hrad,A2,"nature,places,na_place",svah,svahu,svahu,svah,svahu,svahu,svahem,svahy,svahů,svahům,svahy,svahy,svazích,svahy
poslání,mission,n,false,stavení,A2,"misc,abstract",poslání,poslání,poslání,poslání,poslání,poslání,posláním,poslání,poslání,posláním,poslání,poslání,posláních,posláními
posádka,crew,f,false,žena,A2,"misc,abstract",posádka,posádky,posádce,posádku,posádko,posádce,posádkou,posádky,posádek,posádkám,posádky,posádky,posádkách,posádkami
hrdlo,throat,n,false,město,A2,body,hrdlo,hrdla,hrdlu,hrdlo,hrdlo,hrdle,hrdlem,hrdla,hrdel,hrdlům,hrdla,hrdla,hrdlech,hrdly
nezaměstnanost,unemployment,f,false,kost,A2,"misc,abstract",nezaměstnanost,nezaměstnanosti,nezaměstnanosti,nezaměstnanost,nezaměstnanosti,nezaměstnanosti,nezaměstnaností,nezaměstnanosti,nezaměstnaností,nezaměstnanostem,nezaměstnanosti,nezaměstnanosti,nezaměstnanostech,nezaměstnanostmi
znalec,expert,m,true,muž,A2,"misc,people",znalec,znalce,znalci,znalce,znalče,znalci,znalcem,znalci,znalců,znalcům,znalce,znalci,znalcích,znalci
odstup,distance,m,false,hrad,A2,"misc,abstract",odstup,odstupu,odstupu,odstup,odstupe,odstupu,odstupem,odstupy,odstupů,odstupům,odstupy,odstupy,odstupech,odstupy
výkřik,scream,m,false,hrad,A2,"misc,abstract,feeling",výkřik,výkřiku,výkřiku,výkřik,výkřiku,výkřiku,výkřikem,výkřiky,výkřiků,výkřikům,výkřiky,výkřiky,výkřicích,výkřiky
pochyba,doubt,f,false,žena,A2,"misc,abstract",pochyba,pochyby,pochybě,pochybu,pochybo,pochybě,pochybou,pochyby,pochyb,pochybám,pochyby,pochyby,pochybách,pochybami
pláž,beach,f,false,píseň,B1,"nature,places,na_place",pláž,pláže,pláži,pláž,pláži,pláži,pláží,pláže,pláží,plážím,pláže,pláže,plážích,plážemi
strejda,uncle,m,true,předseda,A2,"family,people",strejda,strejdy,strejdovi,strejdu,strejdo,strejdovi,strejdou,strejdové,strejdů,strejdům,strejdy,strejdové,strejdech,strejdy
logika,logic,f,false,žena,B1,"misc,abstract",logika,logiky,logice,logiku,logiko,logice,logikou,logiky,logik,logikám,logiky,logiky,logikách,logikami
vyšetřovatel,investigator,m,true,muž,B2,"misc,profession",vyšetřovatel,vyšetřovatele,vyšetřovateli,vyšetřovatele,vyšetřovateli,vyšetřovateli,vyšetřovatelem,vyšetřovatelé,vyšetřovatelů,vyšetřovatelům,vyšetřovatele,vyšetřovatelé,vyšetřovatelích,vyšetřovateli
uniforma,uniform,f,false,žena,A2,objects,uniforma,uniformy,uniformě,uniformu,uniformo,uniformě,uniformou,uniformy,uniforem,uniformám,uniformy,uniformy,uniformách,uniformami
zmínka,mention,f,false,žena,A2,"misc,abstract",zmínka,zmínky,zmínce,zmínku,zmínko,zmínce,zmínkou,zmínky,zmínek,zmínkám,zmínky,zmínky,zmínkách,zmínkami
lež,lie,f,false,kost,A2,"misc,abstract",lež,lži,lži,lež,lži,lži,lží,lži,lží,lžím,lži,lži,lžích,lžemi
zahrádka,(small) garden,f,false,žena,A2,"nature,places,v_place",zahrádka,zahrádky,zahrádce,zahrádku,zahrádko,zahrádce,zahrádkou,zahrádky,zahrádek,zahrádkám,zahrádky,zahrádky,zahrádkách,zahrádkami
únava,weariness,f,false,žena,A2,"abstract,feeling",únava,únavy,únavě,únavu,únavo,únavě,únavou,únavy,únav,únavám,únavy,únavy,únavách,únavami
pistole,gun,f,false,růže,A2,objects,pistole,pistole,pistoli,pistoli,pistole,pistoli,pistolí,pistole,pistolí,pistolím,pistole,pistole,pistolích,pistolemi
přátelství,friendship,n,false,stavení,A2,abstract,přátelství,přátelství,přátelství,přátelství,přátelství,přátelství,přátelstvím,přátelství,přátelství,přátelstvím,přátelství,přátelství,přátelstvích,přátelstvími
pochod,march,m,false,hrad,A2,"misc,abstract",pochod,pochodu,pochodu,pochod,pochode,pochodu,pochodem,pochody,pochodů,pochodům,pochody,pochody,pochodech,pochody
surovina,ingredient,f,false,žena,A2,"misc,abstract",surovina,suroviny,surovině,surovinu,surovino,surovině,surovinou,suroviny,surovin,surovinám,suroviny,suroviny,surovinách,surovinami
uznání,praise,n,false,stavení,B1,"misc,abstract",uznání,uznání,uznání,uznání,uznání,uznání,uznáním,uznání,uznání,uznáním,uznání,uznání,uznáních,uznáními
rozhlas,radio,m,false,hrad,A2,objects,rozhlas,rozhlasu,rozhlasu,rozhlas,rozhlase,rozhlase,rozhlasem,rozhlasy,rozhlasů,rozhlasům,rozhlasy,rozhlasy,rozhlasech,rozhlasy
vězeň,prisoner,m,true,muž,A2,"misc,people",vězeň,vězně,vězni,vězně,vězni,vězni,vězněm,vězni,vězňů,vězňům,vězně,vězni,vězních,vězni
institut,institute,m,false,hrad,B1,"misc,abstract",institut,institutu,institutu,institut,institute,institutu,institutem,instituty,institutů,institutům,instituty,instituty,institutech,instituty
vesmír,universe,m,false,hrad,A2,"misc,abstract",vesmír,vesmíru,vesmíru,vesmír,vesmíre,vesmíru,vesmírem,vesmíry,vesmírů,vesmírům,vesmíry,vesmíry,vesmírech,vesmíry
stáří,age,n,false,stavení,A2,"time,era",stáří,stáří,stáří,stáří,stáří,stáří,stářím,stáří,stáří,stářím,stáří,stáří,stářích,stářími
oblek,suit,m,false,hrad,B1,"objects,clothing,portable",oblek,obleku,obleku,oblek,obleku,obleku,oblekem,obleky,obleků,oblekům,obleky,obleky,oblecích,obleky
dobro,(the) good,n,false,město,A2,"misc,abstract",dobro,dobra,dobru,dobro,dobro,dobru,dobrem,dobra,dober,dobrům,dobra,dobra,dobrech,dobry
parta,gang,f,false,žena,A2,"misc,abstract",parta,party,partě,partu,parto,partě,partou,party,part,partám,party,party,partách,partami
pohřeb,funeral,m,false,hrad,A2,"misc,event,gathering,quiet_event",pohřeb,pohřbu,pohřbu,pohřeb,pohřbe,pohřbu,pohřbem,pohřby,pohřbů,pohřbům,pohřby,pohřby,pohřbech,pohřby
spis,file,m,false,hrad,A2,"misc,abstract",spis,spisu,spisu,spis,spise,spise,spisem,spisy,spisů,spisům,spisy,spisy,spisech,spisy
pult,bar,m,false,hrad,A2,"misc,abstract,objects",pult,pultu,pultu,pult,pulte,pultě,pultem,pulty,pultů,pultům,pulty,pulty,pultech,pulty
alternativa,alternative,f,false,žena,B1,"misc,abstract",alternativa,alternativy,alternativě,alternativu,alternativo,alternativě,alternativou,alternativy,alternativ,alternativám,alternativy,alternativy,alternativách,alternativami
zakladatel,founder,m,true,muž,B1,"misc,abstract",zakladatel,zakladatele,zakladateli,zakladatele,zakladateli,zakladateli,zakladatelem,zakladatelé,zakladatelů,zakladatelům,zakladatele,zakladatelé,zakladatelích,zakladateli
servis,service,m,false,hrad,A2,"misc,abstract",servis,servisu,servisu,servis,servise,servise,servisem,servisy,servisů,servisům,servisy,servisy,servisech,servisy
porušení,breach,n,false,stavení,B1,"misc,abstract",porušení,porušení,porušení,porušení,porušení,porušení,porušením,porušení,porušení,porušením,porušení,porušení,porušeních,porušeními
odvětví,branch,n,false,stavení,A2,"misc,abstract",odvětví,odvětví,odvětví,odvětví,odvětví,odvětví,odvětvím,odvětví,odvětví,odvětvím,odvětví,odvětví,odvětvích,odvětvími
sídliště,housing estate,n,false,moře,A2,"places,na_place",sídliště,sídliště,sídlišti,sídliště,sídliště,sídlišti,sídlištěm,sídliště,sídlišť,sídlištím,sídliště,sídliště,sídlištích,sídlišti
éra,era,f,false,žena,A2,"misc,abstract",éra,éry,éře,éru,éro,éře,érou,éry,ér,érám,éry,éry,érách,érami
lhůta,term,f,false,žena,A2,"misc,abstract",lhůta,lhůty,lhůtě,lhůtu,lhůto,lhůtě,lhůtou,lhůty,lhůt,lhůtám,lhůty,lhůty,lhůtách,lhůtami
parkoviště,car park,n,false,moře,A2,"places,na_place",parkoviště,parkoviště,parkovišti,parkoviště,parkoviště,parkovišti,parkovištěm,parkoviště,parkovišť,parkovištím,parkoviště,parkoviště,parkovištích,parkovišti
nenávist,hatred,f,false,kost,A2,"misc,abstract,feeling",nenávist,nenávisti,nenávisti,nenávist,nenávisti,nenávisti,nenávistí,nenávisti,nenávistí,nenávistem,nenávisti,nenávisti,nenávistech,nenávistmi
potěšení,pleasure,n,false,stavení,A2,"misc,abstract,feeling",potěšení,potěšení,potěšení,potěšení,potěšení,potěšení,potěšením,potěšení,potěšení,potěšením,potěšení,potěšení,potěšeních,potěšeními
únik,escape,m,false,hrad,A2,"misc,abstract",únik,úniku,úniku,únik,úniku,úniku,únikem,úniky,úniků,únikům,úniky,úniky,únicích,úniky
rozsudek,judgment,m,false,hrad,B1,"misc,abstract",rozsudek,rozsudku,rozsudku,rozsudek,rozsudku,rozsudku,rozsudkem,rozsudky,rozsudků,rozsudkům,rozsudky,rozsudky,rozsudcích,rozsudky
privatizace,privatization,f,false,růže,B1,"misc,abstract",privatizace,privatizace,privatizaci,privatizaci,privatizace,privatizaci,privatizací,privatizace,privatizací,privatizacím,privatizace,privatizace,privatizacích,privatizacemi
řetězec,chain,m,false,stroj,A2,"misc,abstract,objects",řetězec,řetězce,řetězci,řetězec,řetězci,řetězci,řetězcem,řetězce,řetězců,řetězcům,řetězce,řetězce,řetězcích,řetězci
kvalifikace,competence,f,false,růže,B1,"misc,abstract",kvalifikace,kvalifikace,kvalifikaci,kvalifikaci,kvalifikace,kvalifikaci,kvalifikací,kvalifikace,kvalifikací,kvalifikacím,kvalifikace,kvalifikace,kvalifikacích,kvalifikacemi
hřích,sin,m,false,hrad,A2,"misc,abstract",hřích,hříchu,hříchu,hřích,hříchu,hříchu,hříchem,hříchy,hříchů,hříchům,hříchy,hříchy,hříších,hříchy
spolužák,classmate,m,true,pán,A2,"misc,abstract",spolužák,spolužáka,spolužákovi,spolužáka,spolužáku,spolužákovi,spolužákem,spolužáci,spolužáků,spolužákům,spolužáky,spolužáci,spolužácích,spolužáky
nakladatelství,publishing house,n,false,stavení,B2,"places,v_place",nakladatelství,nakladatelství,nakladatelství,nakladatelství,nakladatelství,nakladatelství,nakladatelstvím,nakladatelství,nakladatelství,nakladatelstvím,nakladatelství,nakladatelství,nakladatelstvích,nakladatelstvími
prezentace,presentation,f,false,růže,A2,"misc,abstract",prezentace,prezentace,prezentaci,prezentaci,prezentace,prezentaci,prezentací,prezentace,prezentací,prezentacím,prezentace,prezentace,prezentacích,prezentacemi
řetěz,chain,m,false,hrad,A2,"misc,abstract,objects",řetěz,řetězu,řetězu,řetěz,řetěze,řetěze,řetězem,řetězy,řetězů,řetězům,řetězy,řetězy,řetězech,řetězy
novela,amendment,f,false,žena,A2,"misc,abstract",novela,novely,novele,novelu,novelo,novele,novelou,novely,novel,novelám,novely,novely,novelách,novelami
náznak,indication,m,false,hrad,A2,"misc,abstract",náznak,náznaku,náznaku,náznak,náznaku,náznaku,náznakem,náznaky,náznaků,náznakům,náznaky,náznaky,náznacích,náznaky
interpretace,interpretation,f,false,růže,B1,"misc,abstract",interpretace,interpretace,interpretaci,interpretaci,interpretace,interpretaci,interpretací,interpretace,interpretací,interpretacím,interpretace,interpretace,interpretacích,interpretacemi
hokejista,(ice-)hockey player,m,true,předseda,A2,"misc,people",hokejista,hokejisty,hokejistovi,hokejistu,hokejisto,hokejistovi,hokejistou,hokejisté,hokejistů,hokejistům,hokejisty,hokejisté,hokejistech,hokejisty
nasazení,drive,n,false,stavení,A2,"misc,abstract",nasazení,nasazení,nasazení,nasazení,nasazení,nasazení,nasazením,nasazení,nasazení,nasazením,nasazení,nasazení,nasazeních,nasazeními
pilot,pilot,m,true,pán,B1,"misc,profession",pilot,pilota,pilotovi,pilota,pilote,pilotovi,pilotem,piloti,pilotů,pilotům,piloty,piloti,pilotech,piloty
království,kingdom,n,false,stavení,B1,"places,v_place",království,království,království,království,království,království,královstvím,království,království,královstvím,království,království,královstvích,královstvími
personál,staff,m,false,hrad,A2,"misc,abstract",personál,personálu,personálu,personál,personále,personálu,personálem,personály,personálů,personálům,personály,personály,personálech,personály
využívání,utilization,n,false,stavení,A2,"misc,abstract",využívání,využívání,využívání,využívání,využívání,využívání,využíváním,využívání,využívání,využíváním,využívání,využívání,využíváních,využíváními
zázemí,background,n,false,stavení,A2,"misc,abstract",zázemí,zázemí,zázemí,zázemí,zázemí,zázemí,zázemím,zázemí,zázemí,zázemím,zázemí,zázemí,zázemích,zázemími
vedro,heat,n,false,město,A2,"misc,abstract,weather,nature",vedro,vedra,vedru,vedro,vedro,vedru,vedrem,vedra,veder,vedrům,vedra,vedra,vedrech,vedry
iluze,illusion,f,false,růže,B1,"misc,abstract",iluze,iluze,iluzi,iluzi,iluze,iluzi,iluzí,iluze,iluzí,iluzím,iluze,iluze,iluzích,iluzemi
koupě,bargain,f,false,růže,A2,"misc,abstract",koupě,koupě,koupi,koupi,koupě,koupi,koupí,koupě,koupí,koupím,koupě,koupě,koupích,koupěmi
nemovitost,real estate,f,false,kost,B1,"places,v_place",nemovitost,nemovitosti,nemovitosti,nemovitost,nemovitosti,nemovitosti,nemovitostí,nemovitosti,nemovitostí,nemovitostem,nemovitosti,nemovitosti,nemovitostech,nemovitostmi
bunda,jacket,f,false,žena,B1,"objects,clothing,portable",bunda,bundy,bundě,bundu,bundo,bundě,bundou,bundy,bund,bundám,bundy,bundy,bundách,bundami
povodeň,flood,f,false,píseň,A2,"misc,abstract,weather,nature",povodeň,povodně,povodni,povodeň,povodni,povodni,povodní,povodně,povodní,povodním,povodně,povodně,povodních,povodněmi
písmo,handwriting,n,false,město,A2,"misc,abstract",písmo,písma,písmu,písmo,písmo,písmu,písmem,písma,písem,písmům,písma,písma,písmech,písmy
zápis,minutes,m,false,hrad,A2,"misc,abstract",zápis,zápisu,zápisu,zápis,zápise,zápise,zápisem,zápisy,zápisů,zápisům,zápisy,zápisy,zápisech,zápisy
primátor,mayor,m,true,pán,B1,"misc,abstract",primátor,primátora,primátorovi,primátora,primátore,primátorovi,primátorem,primátoři,primátorů,primátorům,primátory,primátoři,primátorech,primátory
opora,pillar,f,false,žena,A2,"misc,abstract",opora,opory,opoře,oporu,oporo,opoře,oporou,opory,opor,oporám,opory,opory,oporách,oporami
priorita,priority,f,false,žena,B1,"misc,abstract",priorita,priority,prioritě,prioritu,priorito,prioritě,prioritou,priority,priorit,prioritám,priority,priority,prioritách,prioritami
odpůrce,opponent,m,true,soudce,A2,"misc,abstract",odpůrce,odpůrce,odpůrci,odpůrce,odpůrce,odpůrci,odpůrcem,odpůrci,odpůrců,odpůrcům,odpůrce,odpůrci,odpůrcích,odpůrci
tuk,fat,m,false,hrad,A2,"misc,abstract",tuk,tuku,tuku,tuk,tuku,tuku,tukem,tuky,tuků,tukům,tuky,tuky,tucích,tuky
zklamání,disappointment,n,false,stavení,A2,"misc,abstract,feeling",zklamání,zklamání,zklamání,zklamání,zklamání,zklamání,zklamáním,zklamání,zklamání,zklamáním,zklamání,zklamání,zklamáních,zklamáními
milenec,lover,m,true,muž,A2,"misc,people",milenec,milence,milenci,milence,milenče,milenci,milencem,milenci,milenců,milencům,milence,milenci,milencích,milenci
nádobí,dishes,n,false,stavení,A2,"misc,abstract",nádobí,nádobí,nádobí,nádobí,nádobí,nádobí,nádobím,nádobí,nádobí,nádobím,nádobí,nádobí,nádobích,nádobími
laboratoř,laboratory,f,false,píseň,A2,"places,v_place",laboratoř,laboratoře,laboratoři,laboratoř,laboratoři,laboratoři,laboratoří,laboratoře,laboratoří,laboratořím,laboratoře,laboratoře,laboratořích,laboratořemi
bezpečí,safety,n,false,stavení,A2,"misc,abstract",bezpečí,bezpečí,bezpečí,bezpečí,bezpečí,bezpečí,bezpečím,bezpečí,bezpečí,bezpečím,bezpečí,bezpečí,bezpečích,bezpečími
kouč,coach,m,true,muž,A2,"misc,abstract",kouč,kouče,kouči,kouče,kouči,kouči,koučem,kouči,koučů,koučům,kouče,kouči,koučích,kouči
svíčka,candle,f,false,žena,B1,objects,svíčka,svíčky,svíčce,svíčku,svíčko,svíčce,svíčkou,svíčky,svíček,svíčkám,svíčky,svíčky,svíčkách,svíčkami
hračka,toy,f,false,žena,B1,"objects,portable",hračka,hračky,hračce,hračku,hračko,hračce,hračkou,hračky,hraček,hračkám,hračky,hračky,hračkách,hračkami
ségra,sister,f,false,žena,A2,"family,people",ségra,ségry,ségře,ségru,ségro,ségře,ségrou,ségry,séger,ségrám,ségry,ségry,ségrách,ségrami
potok,stream,m,false,hrad,A2,"nature,places,na_place",potok,potoka,potoku,potok,potoku,potoku,potokem,potoky,potoků,potokům,potoky,potoky,potocích,potoky
vzdělávání,education,n,false,stavení,B1,"misc,abstract",vzdělávání,vzdělávání,vzdělávání,vzdělávání,vzdělávání,vzdělávání,vzděláváním,vzdělávání,vzdělávání,vzděláváním,vzdělávání,vzdělávání,vzděláváních,vzděláváními
výuka,teaching,f,false,žena,A2,"misc,abstract",výuka,výuky,výuce,výuku,výuko,výuce,výukou,výuky,výuk,výukám,výuky,výuky,výukách,výukami
pauza,break,f,false,žena,A2,"misc,abstract",pauza,pauzy,pauze,pauzu,pauzo,pauze,pauzou,pauzy,pauz,pauzám,pauzy,pauzy,pauzách,pauzami
myš,mouse,f,false,kost,A2,animals,myš,myši,myši,myš,myši,myši,myší,myši,myší,myším,myši,myši,myších,myšmi
specialista,specialist,m,true,předseda,B1,"misc,profession",specialista,specialisty,specialistovi,specialistu,specialisto,specialistovi,specialistou,specialisté,specialistů,specialistům,specialisty,specialisté,specialistech,specialisty
záloha,deposit,f,false,žena,A2,"misc,abstract",záloha,zálohy,záloze,zálohu,záloho,záloze,zálohou,zálohy,záloh,zálohám,zálohy,zálohy,zálohách,zálohami
kopie,copy,f,false,růže,A2,"misc,abstract",kopie,kopie,kopii,kopii,kopie,kopii,kopií,kopie,kopií,kopiím,kopie,kopie,kopiích,kopiemi
inženýr,engineer,m,true,pán,A2,"misc,people,profession",inženýr,inženýra,inženýrovi,inženýra,inženýre,inženýrovi,inženýrem,inženýři,inženýrů,inženýrům,inženýry,inženýři,inženýrech,inženýry
výskyt,occurrence,m,false,hrad,A2,"misc,abstract",výskyt,výskytu,výskytu,výskyt,výskyte,výskytu,výskytem,výskyty,výskytů,výskytům,výskyty,výskyty,výskytech,výskyty
výpočet,calculation,m,false,hrad,A2,"misc,abstract",výpočet,výpočtu,výpočtu,výpočet,výpočte,výpočtu,výpočtem,výpočty,výpočtů,výpočtům,výpočty,výpočty,výpočtech,výpočty
kroužek,ring,m,false,hrad,A2,"objects,portable",kroužek,kroužku,kroužku,kroužek,kroužku,kroužku,kroužkem,kroužky,kroužků,kroužkům,kroužky,kroužky,kroužcích,kroužky
portrét,portrait,m,false,hrad,A2,"misc,abstract",portrét,portrétu,portrétu,portrét,portréte,portrétu,portrétem,portréty,portrétů,portrétům,portréty,portréty,portrétech,portréty
dosah,reach,m,false,hrad,A2,"misc,abstract",dosah,dosahu,dosahu,dosah,dosahu,dosahu,dosahem,dosahy,dosahů,dosahům,dosahy,dosahy,dosazích,dosahy
císař,emperor,m,true,muž,B2,"misc,abstract",císař,císaře,císaři,císaře,císaři,císaři,císařem,císaři,císařů,císařům,císaře,císaři,císařích,císaři
žaloba,(legal) action,f,false,žena,B1,"misc,abstract",žaloba,žaloby,žalobě,žalobu,žalobo,žalobě,žalobou,žaloby,žalob,žalobám,žaloby,žaloby,žalobách,žalobami
míč,ball,m,false,stroj,B1,"objects,portable",míč,míče,míči,míč,míči,míči,míčem,míče,míčů,míčům,míče,míče,míčích,míči
nehet,nail,m,false,hrad,A2,body,nehet,nehtu,nehtu,nehet,nehte,nehtu,nehtem,nehty,nehtů,nehtům,nehty,nehty,nehtech,nehty
oděv,clothes,m,false,hrad,A2,objects,oděv,oděvu,oděvu,oděv,oděve,oděvu,oděvem,oděvy,oděvů,oděvům,oděvy,oděvy,oděvech,oděvy
asistent,assistant,m,true,pán,A2,"misc,people,profession",asistent,asistenta,asistentovi,asistenta,asistente,asistentovi,asistentem,asistenti,asistentů,asistentům,asistenty,asistenti,asistentech,asistenty
stížnost,complaint,f,false,kost,A2,"misc,abstract",stížnost,stížnosti,stížnosti,stížnost,stížnosti,stížnosti,stížností,stížnosti,stížností,stížnostem,stížnosti,stížnosti,stížnostech,stížnostmi
inteligence,intelligence,f,false,růže,B1,"misc,abstract",inteligence,inteligence,inteligenci,inteligenci,inteligence,inteligenci,inteligencí,inteligence,inteligencí,inteligencím,inteligence,inteligence,inteligencích,inteligencemi
motivace,motivation,f,false,růže,B1,"misc,abstract",motivace,motivace,motivaci,motivaci,motivace,motivaci,motivací,motivace,motivací,motivacím,motivace,motivace,motivacích,motivacemi
pořadatel,organizer,m,true,muž,A2,"misc,abstract",pořadatel,pořadatele,pořadateli,pořadatele,pořadateli,pořadateli,pořadatelem,pořadatelé,pořadatelů,pořadatelům,pořadatele,pořadatelé,pořadatelích,pořadateli
pohlaví,sex,n,false,stavení,A2,"misc,abstract",pohlaví,pohlaví,pohlaví,pohlaví,pohlaví,pohlaví,pohlavím,pohlaví,pohlaví,pohlavím,pohlaví,pohlaví,pohlavích,pohlavími
skvrna,stain,f,false,žena,A2,"misc,abstract",skvrna,skvrny,skvrně,skvrnu,skvrno,skvrně,skvrnou,skvrny,skvrn,skvrnám,skvrny,skvrny,skvrnách,skvrnami
námaha,effort,f,false,žena,A2,"misc,abstract",námaha,námahy,námaze,námahu,námaho,námaze,námahou,námahy,námah,námahám,námahy,námahy,námahách,námahami
opozice,opposition,f,false,růže,B1,"misc,abstract",opozice,opozice,opozici,opozici,opozice,opozici,opozicí,opozice,opozic,opozicím,opozice,opozice,opozicích,opozicemi
koalice,coalition,f,false,růže,B1,"misc,abstract",koalice,koalice,koalici,koalici,koalice,koalici,koalicí,koalice,koalic,koalicím,koalice,koalice,koalicích,koalicemi
klika,handle,f,false,žena,A2,objects,klika,kliky,klice,kliku,kliko,klice,klikou,kliky,klik,klikám,kliky,kliky,klikách,klikami
intenzita,intensity,f,false,žena,B1,"misc,abstract",intenzita,intenzity,intenzitě,intenzitu,intenzito,intenzitě,intenzitou,intenzity,intenzit,intenzitám,intenzity,intenzity,intenzitách,intenzitami
schéma,scheme,n,false,město,A2,"misc,abstract",schéma,schématu,schématu,schéma,schéma,schématu,schématem,schémata,schémat,schématům,schémata,schémata,schématech,schématy
panna,virgin,f,false,žena,A2,"misc,abstract",panna,panny,panně,pannu,panno,panně,pannou,panny,panen,pannám,panny,panny,pannách,pannami
fotograf,photographer,m,true,pán,A2,"misc,people,profession",fotograf,fotografa,fotografovi,fotografa,fotografe,fotografovi,fotografem,fotografové,fotografů,fotografům,fotografy,fotografové,fotografech,fotografy
oblouk,arc,m,false,hrad,A2,"misc,abstract",oblouk,oblouku,oblouku,oblouk,oblouku,oblouku,obloukem,oblouky,oblouků,obloukům,oblouky,oblouky,obloucích,oblouky
balkón,balcony,m,false,hrad,A2,"places,na_place",balkón,balkónu,balkónu,balkón,balkóne,balkóně,balkónem,balkóny,balkónů,balkónům,balkóny,balkóny,balkónech,balkóny
idea,idea,f,false,růže,A2,"misc,abstract",idea,ideje,ideji,ideu,ideo,ideji,idejí,ideje,idejí,idejím,ideje,ideje,idejích,idejemi
rezerva,reserve,f,false,žena,A2,"misc,abstract",rezerva,rezervy,rezervě,rezervu,rezervo,rezervě,rezervou,rezervy,rezerv,rezervám,rezervy,rezervy,rezervách,rezervami
údržba,maintenance,f,false,žena,A2,"misc,abstract",údržba,údržby,údržbě,údržbu,údržbo,údržbě,údržbou,údržby,údržeb,údržbám,údržby,údržby,údržbách,údržbami
obránce,defender,m,true,soudce,A2,"misc,abstract",obránce,obránce,obránci,obránce,obránce,obránci,obráncem,obránci,obránců,obráncům,obránce,obránci,obráncích,obránci
polštář,pillow,m,false,stroj,A2,"objects,sittable",polštář,polštáře,polštáři,polštář,polštáři,polštáři,polštářem,polštáře,polštářů,polštářům,polštáře,polštáře,polštářích,polštáři
sleva,discount,f,false,žena,B1,"misc,abstract",sleva,slevy,slevě,slevu,slevo,slevě,slevou,slevy,slev,slevám,slevy,slevy,slevách,slevami
brankář,goalkeeper,m,true,muž,A2,"misc,abstract",brankář,brankáře,brankáři,brankáře,brankáři,brankáři,brankářem,brankáři,brankářů,brankářům,brankáře,brankáři,brankářích,brankáři
nádoba,container,f,false,žena,A2,"misc,abstract,objects",nádoba,nádoby,nádobě,nádobu,nádobo,nádobě,nádobou,nádoby,nádob,nádobám,nádoby,nádoby,nádobách,nádobami
rozkaz,command,m,false,hrad,A2,abstract,rozkaz,rozkazu,rozkazu,rozkaz,rozkaze,rozkaze,rozkazem,rozkazy,rozkazů,rozkazům,rozkazy,rozkazy,rozkazech,rozkazy
předchůdce,predecessor,m,true,soudce,B2,"misc,abstract",předchůdce,předchůdce,předchůdci,předchůdce,předchůdce,předchůdci,předchůdcem,předchůdci,předchůdců,předchůdcům,předchůdce,předchůdci,předchůdcích,předchůdci
kabinet,cabinet,m,false,hrad,A2,"misc,abstract",kabinet,kabinetu,kabinetu,kabinet,kabinete,kabinetě,kabinetem,kabinety,kabinetů,kabinetům,kabinety,kabinety,kabinetech,kabinety
opak,reverse,m,false,hrad,A2,"misc,abstract",opak,opaku,opaku,opak,opaku,opaku,opakem,opaky,opaků,opakům,opaky,opaky,opacích,opaky
chůze,walking,f,false,růže,B1,"misc,abstract",chůze,chůze,chůzi,chůzi,chůze,chůzi,chůzí,chůze,chůzí,chůzím,chůze,chůze,chůzích,chůzemi
producent,producer,m,true,pán,A2,"misc,profession",producent,producenta,producentovi,producenta,producente,producentovi,producentem,producenti,producentů,producentům,producenty,producenti,producentech,producenty
okénko,(small) window,n,false,město,A2,objects,okénko,okénka,okénku,okénko,okénko,okénku,okénkem,okénka,okének,okénkům,okénka,okénka,okénkách,okénky
eso,ace,n,false,město,A2,"misc,abstract",eso,esa,esu,eso,eso,esu,esem,esa,es,esům,esa,esa,esech,esy
poezie,poetry,f,false,růže,B1,"misc,abstract",poezie,poezie,poezii,poezii,poezie,poezii,poezií,poezie,poezií,poeziím,poezie,poezie,poeziích,poeziemi
spektrum,spectrum,n,false,město,B1,"misc,abstract",spektrum,spektra,spektru,spektrum,spektrum,spektru,spektrem,spektra,spekter,spektrům,spektra,spektra,spektrech,spektry
trpělivost,patience,f,false,kost,A2,"misc,abstract,feeling",trpělivost,trpělivosti,trpělivosti,trpělivost,trpělivosti,trpělivosti,trpělivostí,trpělivosti,trpělivostí,trpělivostem,trpělivosti,trpělivosti,trpělivostech,trpělivostmi
plech,baking tray,m,false,hrad,A2,objects,plech,plechu,plechu,plech,plechu,plechu,plechem,plechy,plechů,plechům,plechy,plechy,plechách,plechy
advokát,lawyer,m,true,pán,B1,"misc,people",advokát,advokáta,advokátovi,advokáta,advokáte,advokátovi,advokátem,advokáti,advokátů,advokátům,advokáty,advokáti,advokátech,advokáty
položka,item,f,false,žena,A2,"misc,abstract",položka,položky,položce,položku,položko,položce,položkou,položky,položek,položkám,položky,položky,položkách,položkami
tajemník,secretary,m,true,pán,A2,"misc,abstract",tajemník,tajemníka,tajemníkovi,tajemníka,tajemníku,tajemníkovi,tajemníkem,tajemníci,tajemníků,tajemníkům,tajemníky,tajemníci,tajemnících,tajemníky
průkaz,card,m,false,hrad,A2,"objects,portable",průkaz,průkazu,průkazu,průkaz,průkaze,průkaze,průkazem,průkazy,průkazů,průkazům,průkazy,průkazy,průkazech,průkazy
ocenění,award,n,false,stavení,A2,"misc,event,gathering",ocenění,ocenění,ocenění,ocenění,ocenění,ocenění,oceněním,ocenění,ocenění,oceněním,ocenění,ocenění,oceněních,oceněními
režie,directing,f,false,růže,A2,"misc,abstract",režie,režie,režii,režii,režie,režii,režií,režie,režií,režiím,režie,režie,režiích,režiemi
limit,limit,m,false,hrad,B1,"misc,abstract",limit,limitu,limitu,limit,limite,limitu,limitem,limity,limitů,limitům,limity,limity,limitech,limity
miska,bowl,f,false,žena,A2,"misc,abstract,objects,portable",miska,misky,misce,misku,misko,misce,miskou,misky,misek,miskám,misky,misky,miskách,miskami
medaile,medal,f,false,růže,A2,"misc,abstract,objects,portable",medaile,medaile,medaili,medaili,medaile,medaili,medailí,medaile,medailí,medailím,medaile,medaile,medailích,medailemi
tisícovka,thousand,f,false,žena,A2,"misc,abstract",tisícovka,tisícovky,tisícovce,tisícovku,tisícovko,tisícovce,tisícovkou,tisícovky,tisícovek,tisícovkám,tisícovky,tisícovky,tisícovkách,tisícovkami
reprezentant,representative,m,true,pán,A2,"misc,people",reprezentant,reprezentanta,reprezentantovi,reprezentanta,reprezentante,reprezentantovi,reprezentantem,reprezentanti,reprezentantů,reprezentantům,reprezentanty,reprezentanti,reprezentantech,reprezentanty
nález,discovery,m,false,hrad,A2,"misc,abstract",nález,nálezu,nálezu,nález,náleze,nálezu,nálezem,nálezy,nálezů,nálezům,nálezy,nálezy,nálezech,nálezy
policajt,cop,m,true,pán,A2,"misc,abstract",policajt,policajta,policajtovi,policajta,policajte,policajtovi,policajtem,policajti,policajtů,policajtům,policajty,policajti,policajtech,policajty
náplň,filling,f,false,píseň,A2,"misc,abstract",náplň,náplně,náplni,náplň,náplni,náplni,náplní,náplně,náplní,náplním,náplně,náplně,náplních,náplněmi
kontinent,continent,m,false,hrad,B1,"misc,abstract",kontinent,kontinentu,kontinentu,kontinent,kontinente,kontinentě,kontinentem,kontinenty,kontinentů,kontinentům,kontinenty,kontinenty,kontinentech,kontinenty
uzavření,closing,n,false,stavení,A2,"misc,abstract",uzavření,uzavření,uzavření,uzavření,uzavření,uzavření,uzavřením,uzavření,uzavření,uzavřením,uzavření,uzavření,uzavřeních,uzavřeními
miláček,sweetheart,m,true,pán,A2,"family,people",miláček,miláčka,miláčkovi,miláčka,miláčku,miláčkovi,miláčkem,miláčci,miláčků,miláčkům,miláčky,miláčci,miláčcích,miláčky
integrace,integration,f,false,růže,B1,"misc,abstract",integrace,integrace,integraci,integraci,integrace,integraci,integrací,integrace,integrací,integracím,integrace,integrace,integracích,integracemi
čokoláda,chocolate,f,false,žena,A2,"food,sliceable",čokoláda,čokolády,čokoládě,čokoládu,čokoládo,čokoládě,čokoládou,čokolády,čokolád,čokoládám,čokolády,čokolády,čokoládách,čokoládami
profil,profile,m,false,hrad,A2,"misc,abstract",profil,profilu,profilu,profil,profile,profilu,profilem,profily,profilů,profilům,profily,profily,profilech,profily
potrava,food,f,false,žena,A2,food,potrava,potravy,potravě,potravu,potravo,potravě,potravou,potravy,potrav,potravám,potravy,potravy,potravách,potravami
pot,sweat,m,false,hrad,A2,"misc,abstract",pot,potu,potu,pot,pote,potu,potem,poty,potů,potům,poty,poty,potech,poty
schránka,box,f,false,žena,A2,objects,schránka,schránky,schránce,schránku,schránko,schránce,schránkou,schránky,schránek,schránkám,schránky,schránky,schránkách,schránkami
spoj,connection,m,false,stroj,A2,"misc,abstract",spoj,spoje,spoji,spoj,spoji,spoji,spojem,spoje,spojů,spojům,spoje,spoje,spojích,spoji
hlavička,header,f,false,žena,A2,body,hlavička,hlavičky,hlavičce,hlavičku,hlavičko,hlavičce,hlavičkou,hlavičky,hlaviček,hlavičkám,hlavičky,hlavičky,hlavičkách,hlavičkami
ukazatel,indicator,m,false,stroj,A2,"misc,abstract",ukazatel,ukazatele,ukazateli,ukazatel,ukazateli,ukazateli,ukazatelem,ukazatele,ukazatelů,ukazatelům,ukazatele,ukazatele,ukazatelích,ukazateli
potvrzení,confirmation,n,false,stavení,A2,"misc,abstract",potvrzení,potvrzení,potvrzení,potvrzení,potvrzení,potvrzení,potvrzením,potvrzení,potvrzení,potvrzením,potvrzení,potvrzení,potvrzeních,potvrzeními
návod,manual,m,false,hrad,A2,objects,návod,návodu,návodu,návod,návode,návodě,návodem,návody,návodů,návodům,návody,návody,návodech,návody
mince,coin,f,false,růže,B1,"misc,abstract,objects,portable",mince,mince,minci,minci,mince,minci,mincí,mince,mincí,mincím,mince,mince,mincích,mincemi
svědectví,testimony,n,false,stavení,A2,"misc,abstract",svědectví,svědectví,svědectví,svědectví,svědectví,svědectví,svědectvím,svědectví,svědectví,svědectvím,svědectví,svědectví,svědectvích,svědectvími
historik,historian,m,true,pán,B1,"misc,abstract",historik,historika,historikovi,historika,historiku,historikovi,historikem,historici,historiků,historikům,historiky,historici,historicích,historiky
záplava,flood,f,false,žena,B1,"misc,abstract,weather,nature",záplava,záplavy,záplavě,záplavu,záplavo,záplavě,záplavou,záplavy,záplav,záplavám,záplavy,záplavy,záplavách,záplavami
metro,tube,n,false,město,A2,"transportation,vehicle",metro,metra,metru,metro,metro,metru,metrem,metra,meter,metrům,metra,metra,metrech,metry
hospodaření,management,n,false,stavení,A2,"misc,abstract",hospodaření,hospodaření,hospodaření,hospodaření,hospodaření,hospodaření,hospodařením,hospodaření,hospodaření,hospodařením,hospodaření,hospodaření,hospodařeních,hospodařeními
zpěvačka,(female) singer,f,false,žena,A2,"misc,people,profession",zpěvačka,zpěvačky,zpěvačce,zpěvačku,zpěvačko,zpěvačce,zpěvačkou,zpěvačky,zpěvaček,zpěvačkám,zpěvačky,zpěvačky,zpěvačkách,zpěvačkami
nádrž,tank,f,false,píseň,A2,"misc,abstract",nádrž,nádrže,nádrži,nádrž,nádrži,nádrži,nádrží,nádrže,nádrží,nádržím,nádrže,nádrže,nádržích,nádržemi
dokumentace,documentation,f,false,růže,B1,"misc,abstract",dokumentace,dokumentace,dokumentaci,dokumentaci,dokumentace,dokumentaci,dokumentací,dokumentace,dokumentací,dokumentacím,dokumentace,dokumentace,dokumentacích,dokumentacemi
rozbor,analysis,m,false,hrad,B1,"misc,abstract",rozbor,rozboru,rozboru,rozbor,rozbore,rozboru,rozborem,rozbory,rozborů,rozborům,rozbory,rozbory,rozborech,rozbory
neschopnost,incompetence,f,false,kost,B2,"misc,abstract",neschopnost,neschopnosti,neschopnosti,neschopnost,neschopnosti,neschopnosti,neschopností,neschopnosti,neschopností,neschopnostem,neschopnosti,neschopnosti,neschopnostech,neschopnostmi
převaha,superiority,f,false,žena,B1,"misc,abstract",převaha,převahy,převaze,převahu,převaho,převaze,převahou,převahy,převah,převahám,převahy,převahy,převahách,převahami
posun,shift,m,false,hrad,B1,"misc,abstract",posun,posunu,posunu,posun,posune,posunu,posunem,posuny,posunů,posunům,posuny,posuny,posunech,posuny
nezávislost,independence,f,false,kost,A2,"misc,abstract",nezávislost,nezávislosti,nezávislosti,nezávislost,nezávislosti,nezávislosti,nezávislostí,nezávislosti,nezávislostí,nezávislostem,nezávislosti,nezávislosti,nezávislostech,nezávislostmi
oceán,ocean,m,false,hrad,B1,"nature,places,v_place",oceán,oceánu,oceánu,oceán,oceáne,oceáně,oceánem,oceány,oceánů,oceánům,oceány,oceány,oceánech,oceány
jeviště,stage,n,false,moře,B1,"places,na_place",jeviště,jeviště,jevišti,jeviště,jeviště,jevišti,jevištěm,jeviště,jevišť,jevištím,jeviště,jeviště,jevištích,jevišti
bedna,box,f,false,žena,A2,objects,bedna,bedny,bedně,bednu,bedno,bedně,bednou,bedny,beden,bednám,bedny,bedny,bednách,bednami
štít,shield,m,false,hrad,A2,"misc,abstract,objects,portable",štít,štítu,štítu,štít,štíte,štítě,štítem,štíty,štítů,štítům,štíty,štíty,štítech,štíty
senátor,senator,m,true,pán,B1,"misc,profession",senátor,senátora,senátorovi,senátora,senátore,senátorovi,senátorem,senátoři,senátorů,senátorům,senátory,senátoři,senátorech,senátory
vozík,handcart,m,false,hrad,A2,transportation,vozík,vozíku,vozíku,vozík,vozíku,vozíku,vozíkem,vozíky,vozíků,vozíkům,vozíky,vozíky,vozících,vozíky
medicína,medicine,f,false,žena,A2,"misc,abstract",medicína,medicíny,medicíně,medicínu,medicíno,medicíně,medicínou,medicíny,medicín,medicínám,medicíny,medicíny,medicínách,medicínami
odjezd,departure,m,false,hrad,A2,"misc,abstract",odjezd,odjezdu,odjezdu,odjezd,odjezde,odjezdě,odjezdem,odjezdy,odjezdů,odjezdům,odjezdy,odjezdy,odjezdech,odjezdy
vysílání,broadcast,n,false,stavení,A2,"misc,abstract",vysílání,vysílání,vysílání,vysílání,vysílání,vysílání,vysíláním,vysílání,vysílání,vysíláním,vysílání,vysílání,vysíláních,vysíláními
vana,bath,f,false,žena,A2,objects,vana,vany,vaně,vanu,vano,vaně,vanou,vany,van,vanám,vany,vany,vanách,vanami
deka,blanket,f,false,žena,A2,objects,deka,deky,dece,deku,deko,dece,dekou,deky,dek,dekám,deky,deky,dekách,dekami
zátěž,burden,f,false,píseň,A2,"misc,abstract",zátěž,zátěže,zátěži,zátěž,zátěži,zátěži,zátěží,zátěže,zátěží,zátěžím,zátěže,zátěže,zátěžích,zátěžemi
dialog,dialogue,m,false,hrad,A2,"misc,abstract",dialog,dialogu,dialogu,dialog,dialogu,dialogu,dialogem,dialogy,dialogů,dialogům,dialogy,dialogy,dialozích,dialogy
námitka,objection,f,false,žena,A2,"misc,abstract",námitka,námitky,námitce,námitku,námitko,námitce,námitkou,námitky,námitek,námitkám,námitky,námitky,námitkách,námitkami
video,video,n,false,město,A2,"misc,abstract,readable",video,videa,videu,video,video,videu,videem,videa,videí,videím,videa,videa,videích,videi
neúspěch,failure,m,false,hrad,A2,"misc,abstract",neúspěch,neúspěchu,neúspěchu,neúspěch,neúspěchu,neúspěchu,neúspěchem,neúspěchy,neúspěchů,neúspěchům,neúspěchy,neúspěchy,neúspěších,neúspěchy
magistrát,metropolitan authority,m,false,hrad,B2,"places,na_place",magistrát,magistrátu,magistrátu,magistrát,magistráte,magistrátě,magistrátem,magistráty,magistrátů,magistrátům,magistráty,magistráty,magistrátech,magistráty
had,snake,m,true,pán,A2,animals,had,hada,hadovi,hada,hade,hadovi,hadem,hadové,hadů,hadům,hady,hadové,hadech,hady
hlasování,vote,n,false,stavení,A2,"misc,abstract",hlasování,hlasování,hlasování,hlasování,hlasování,hlasování,hlasováním,hlasování,hlasování,hlasováním,hlasování,hlasování,hlasováních,hlasováními
kostka,cube,f,false,žena,A2,objects,kostka,kostky,kostce,kostku,kostko,kostce,kostkou,kostky,kostek,kostkám,kostky,kostky,kostkách,kostkami
slovník,dictionary,m,false,hrad,A2,"objects,readable",slovník,slovníku,slovníku,slovník,slovníku,slovníku,slovníkem,slovníky,slovníků,slovníkům,slovníky,slovníky,slovnících,slovníky
emoce,emotion,f,false,růže,A2,"misc,abstract,feeling",emoce,emoce,emoci,emoci,emoce,emoci,emocí,emoce,emocí,emocím,emoce,emoce,emocích,emocemi
skandál,scandal,m,false,hrad,A2,"misc,abstract",skandál,skandálu,skandálu,skandál,skandále,skandále,skandálem,skandály,skandálů,skandálům,skandály,skandály,skandálech,skandály
sad,orchard,m,false,hrad,A2,"misc,abstract,nature",sad,sadu,sadu,sad,sade,sadu,sadem,sady,sadů,sadům,sady,sady,sadech,sady
řemeslo,craft,n,false,město,A2,"misc,abstract",řemeslo,řemesla,řemeslu,řemeslo,řemeslo,řemesle,řemeslem,řemesla,řemesel,řemeslům,řemesla,řemesla,řemeslech,řemesly
výtah,lift,m,false,hrad,A2,"misc,abstract",výtah,výtahu,výtahu,výtah,výtahu,výtahu,výtahem,výtahy,výtahů,výtahům,výtahy,výtahy,výtazích,výtahy
palivo,fuel,n,false,město,A2,"misc,abstract",palivo,paliva,palivu,palivo,palivo,palivu,palivem,paliva,paliv,palivům,paliva,paliva,palivech,palivy
hlídka,watch,f,false,žena,B1,"misc,people",hlídka,hlídky,hlídce,hlídku,hlídko,hlídce,hlídkou,hlídky,hlídek,hlídkám,hlídky,hlídky,hlídkách,hlídkami
frekvence,frequency,f,false,růže,B1,"misc,abstract",frekvence,frekvence,frekvenci,frekvenci,frekvence,frekvenci,frekvencí,frekvence,frekvencí,frekvencím,frekvence,frekvence,frekvencích,frekvencemi
soustředění,concentration,n,false,stavení,A2,"misc,abstract",soustředění,soustředění,soustředění,soustředění,soustředění,soustředění,soustředěním,soustředění,soustředění,soustředěním,soustředění,soustředění,soustředěních,soustředěními
ubytování,accommodation,n,false,stavení,B1,"misc,abstract",ubytování,ubytování,ubytování,ubytování,ubytování,ubytování,ubytováním,ubytování,ubytování,ubytováním,ubytování,ubytování,ubytováních,ubytováními
nevýhoda,disadvantage,f,false,žena,A2,"misc,abstract",nevýhoda,nevýhody,nevýhodě,nevýhodu,nevýhodo,nevýhodě,nevýhodou,nevýhody,nevýhod,nevýhodám,nevýhody,nevýhody,nevýhodách,nevýhodami
muzika,music,f,false,žena,A2,"misc,abstract",muzika,muziky,muzice,muziku,muziko,muzice,muzikou,muziky,muzik,muzikám,muziky,muziky,muzikách,muzikami
jídelna,dining room,f,false,žena,B1,"places,v_place,indoor",jídelna,jídelny,jídelně,jídelnu,jídelno,jídelně,jídelnou,jídelny,jídelen,jídelnám,jídelny,jídelny,jídelnách,jídelnami
loket,elbow,m,false,hrad,A2,body,loket,loktu,loktu,loket,lokte,loktu,loktem,lokty,loktů,loktům,lokty,lokty,loktech,lokty
odpočinek,rest,m,false,hrad,A2,"misc,abstract",odpočinek,odpočinku,odpočinku,odpočinek,odpočinku,odpočinku,odpočinkem,odpočinky,odpočinků,odpočinkům,odpočinky,odpočinky,odpočincích,odpočinky
hlína,soil,f,false,žena,A2,"misc,abstract",hlína,hlíny,hlíně,hlínu,hlíno,hlíně,hlínou,hlíny,hlín,hlínám,hlíny,hlíny,hlínách,hlínami
půjčka,loan,f,false,žena,A2,"misc,abstract",půjčka,půjčky,půjčce,půjčku,půjčko,půjčce,půjčkou,půjčky,půjček,půjčkám,půjčky,půjčky,půjčkách,půjčkami
nositel,winner,m,true,muž,A2,"misc,abstract",nositel,nositele,nositeli,nositele,nositeli,nositeli,nositelem,nositelé,nositelů,nositelům,nositele,nositelé,nositelích,nositeli
izolace,isolation,f,false,růže,B1,"misc,abstract",izolace,izolace,izolaci,izolaci,izolace,izolaci,izolací,izolace,izolací,izolacím,izolace,izolace,izolacích,izolacemi
mlýn,mill,m,false,hrad,A2,"misc,abstract",mlýn,mlýna,mlýnu,mlýn,mlýne,mlýně,mlýnem,mlýny,mlýnů,mlýnům,mlýny,mlýny,mlýnech,mlýny
trávník,lawn,m,false,hrad,A2,"nature,places,na_place,flora,sittable",trávník,trávníku,trávníku,trávník,trávníku,trávníku,trávníkem,trávníky,trávníků,trávníkům,trávníky,trávníky,trávnících,trávníky
tabule,board,f,false,růže,A2,objects,tabule,tabule,tabuli,tabuli,tabule,tabuli,tabulí,tabule,tabulí,tabulím,tabule,tabule,tabulích,tabulemi
maximum,maximum,n,false,město,B1,"misc,abstract",maximum,maxima,maximu,maximum,maximum,maximu,maximem,maxima,maxim,maximům,maxima,maxima,maximech,maximy
jednota,unity,f,false,žena,B1,"misc,abstract",jednota,jednoty,jednotě,jednotu,jednoto,jednotě,jednotou,jednoty,jednot,jednotám,jednoty,jednoty,jednotách,jednotami
spojenec,ally,m,true,muž,A2,"misc,abstract",spojenec,spojence,spojenci,spojence,spojenče,spojenci,spojencem,spojenci,spojenců,spojencům,spojence,spojenci,spojencích,spojenci
mezera,space,f,false,žena,A2,objects,mezera,mezery,mezeře,mezeru,mezero,mezeře,mezerou,mezery,mezer,mezerám,mezery,mezery,mezerách,mezerami
mísa,bowl,f,false,žena,A2,"misc,abstract,objects,portable",mísa,mísy,míse,mísu,míso,míse,mísou,mísy,mís,mísám,mísy,mísy,mísách,mísami
bába,old woman,f,false,žena,A2,"misc,people",bába,báby,bábě,bábu,bábo,bábě,bábou,báby,báb,bábám,báby,báby,bábách,bábami
sdělení,message,n,false,stavení,A2,"misc,abstract",sdělení,sdělení,sdělení,sdělení,sdělení,sdělení,sdělením,sdělení,sdělení,sdělením,sdělení,sdělení,sděleních,sděleními
zastupitelstvo,council,n,false,město,B1,"misc,abstract",zastupitelstvo,zastupitelstva,zastupitelstvu,zastupitelstvo,zastupitelstvo,zastupitelstvu,zastupitelstvem,zastupitelstva,zastupitelstev,zastupitelstvům,zastupitelstva,zastupitelstva,zastupitelstvech,zastupitelstvy
dědictví,heritage,n,false,stavení,A2,"misc,abstract",dědictví,dědictví,dědictví,dědictví,dědictví,dědictví,dědictvím,dědictví,dědictví,dědictvím,dědictví,dědictví,dědictvích,dědictvími
obzor,horizon,m,false,hrad,A2,"misc,abstract",obzor,obzoru,obzoru,obzor,obzore,obzoru,obzorem,obzory,obzorů,obzorům,obzory,obzory,obzorech,obzory
chlapík,guy,m,true,pán,A2,"misc,abstract",chlapík,chlapíka,chlapíkovi,chlapíka,chlapíku,chlapíkovi,chlapíkem,chlapíci,chlapíků,chlapíkům,chlapíky,chlapíci,chlapících,chlapíky
báze,base,f,false,růže,A2,"misc,abstract",báze,báze,bázi,bázi,báze,bázi,bází,báze,bází,bázím,báze,báze,bázích,bázemi
nouze,poverty,f,false,růže,A2,"misc,abstract",nouze,nouze,nouzi,nouzi,nouze,nouzi,nouzí,nouze,nouzí,nouzím,nouze,nouze,nouzích,nouzemi
konkurs,competition,m,false,hrad,A2,"misc,abstract",konkurs,konkursu,konkursu,konkurs,konkurse,konkurse,konkursem,konkursy,konkursů,konkursům,konkursy,konkursy,konkursech,konkursy
příjezd,arrival,m,false,hrad,A2,"misc,abstract",příjezd,příjezdu,příjezdu,příjezd,příjezde,příjezdě,příjezdem,příjezdy,příjezdů,příjezdům,příjezdy,příjezdy,příjezdech,příjezdy
dobrodružství,adventure,n,false,stavení,B1,"misc,abstract",dobrodružství,dobrodružství,dobrodružství,dobrodružství,dobrodružství,dobrodružství,dobrodružstvím,dobrodružství,dobrodružství,dobrodružstvím,dobrodružství,dobrodružství,dobrodružstvích,dobrodružstvími
převod,transfer,m,false,hrad,A2,"misc,abstract",převod,převodu,převodu,převod,převode,převodu,převodem,převody,převodů,převodům,převody,převody,převodech,převody
benzín,petrol,m,false,hrad,A2,"misc,abstract",benzín,benzínu,benzínu,benzín,benzíne,benzínu,benzínem,benzíny,benzínů,benzínům,benzíny,benzíny,benzínech,benzíny
regulace,regulation,f,false,růže,B1,"misc,abstract",regulace,regulace,regulaci,regulaci,regulace,regulaci,regulací,regulace,regulací,regulacím,regulace,regulace,regulacích,regulacemi
střela,bullet,f,false,žena,A2,"misc,abstract",střela,střely,střele,střelu,střelo,střele,střelou,střely,střel,střelám,střely,střely,střelách,střelami
soukromí,privacy,n,false,stavení,A2,"misc,abstract",soukromí,soukromí,soukromí,soukromí,soukromí,soukromí,soukromím,soukromí,soukromí,soukromím,soukromí,soukromí,soukromích,soukromími
prkno,board,n,false,město,A2,"misc,abstract,objects",prkno,prkna,prknu,prkno,prkno,prkně,prknem,prkna,prken,prknům,prkna,prkna,prknech,prkny
úraz,injury,m,false,hrad,B1,"misc,abstract",úraz,úrazu,úrazu,úraz,úraze,úraze,úrazem,úrazy,úrazů,úrazům,úrazy,úrazy,úrazech,úrazy
příznak,symptom,m,false,hrad,A2,"misc,abstract",příznak,příznaku,příznaku,příznak,příznaku,příznaku,příznakem,příznaky,příznaků,příznakům,příznaky,příznaky,příznacích,příznaky
záchvat,attack,m,false,hrad,A2,"misc,abstract",záchvat,záchvatu,záchvatu,záchvat,záchvate,záchvatu,záchvatem,záchvaty,záchvatů,záchvatům,záchvaty,záchvaty,záchvatech,záchvaty
úzkost,anxiety,f,false,kost,A2,"misc,abstract,feeling",úzkost,úzkosti,úzkosti,úzkost,úzkosti,úzkosti,úzkostí,úzkosti,úzkostí,úzkostem,úzkosti,úzkosti,úzkostech,úzkostmi
ekonom,economist,m,true,pán,B1,"misc,profession",ekonom,ekonoma,ekonomovi,ekonoma,ekonome,ekonomovi,ekonomem,ekonomové,ekonomů,ekonomům,ekonomy,ekonomové,ekonomech,ekonomy
tečka,dot,f,false,žena,A2,"misc,abstract",tečka,tečky,tečce,tečku,tečko,tečce,tečkou,tečky,teček,tečkám,tečky,tečky,tečkách,tečkami
listina,document,f,false,žena,A2,"misc,abstract",listina,listiny,listině,listinu,listino,listině,listinou,listiny,listin,listinám,listiny,listiny,listinách,listinami
štáb,headquarters,m,false,hrad,A2,"misc,abstract",štáb,štábu,štábu,štáb,štábe,štábu,štábem,štáby,štábů,štábům,štáby,štáby,štábech,štáby
objednávka,order,f,false,žena,A2,"misc,abstract",objednávka,objednávky,objednávce,objednávku,objednávko,objednávce,objednávkou,objednávky,objednávek,objednávkám,objednávky,objednávky,objednávkách,objednávkami
experiment,experiment,m,false,hrad,B1,"misc,abstract",experiment,experimentu,experimentu,experiment,experimente,experimentu,experimentem,experimenty,experimentů,experimentům,experimenty,experimenty,experimentech,experimenty
hudebník,musician,m,true,pán,A2,"misc,people,profession",hudebník,hudebníka,hudebníkovi,hudebníka,hudebníku,hudebníkovi,hudebníkem,hudebníci,hudebníků,hudebníkům,hudebníky,hudebníci,hudebnících,hudebníky
vyhlídka,view,f,false,žena,A2,"misc,abstract",vyhlídka,vyhlídky,vyhlídce,vyhlídku,vyhlídko,vyhlídce,vyhlídkou,vyhlídky,vyhlídek,vyhlídkám,vyhlídky,vyhlídky,vyhlídkách,vyhlídkami
nařízení,decree,n,false,stavení,A2,"misc,abstract",nařízení,nařízení,nařízení,nařízení,nařízení,nařízení,nařízením,nařízení,nařízení,nařízením,nařízení,nařízení,nařízeních,nařízeními
pláč,crying,m,false,stroj,A2,"misc,abstract,feeling",pláč,pláče,pláči,pláč,pláči,pláči,pláčem,pláče,pláčů,pláčům,pláče,pláče,pláčích,pláči
milost,mercy,f,false,kost,A2,"misc,abstract,feeling",milost,milosti,milosti,milost,milosti,milosti,milostí,milosti,milostí,milostem,milosti,milosti,milostech,milostmi
střelec,shooter,m,true,muž,A2,"misc,abstract",střelec,střelce,střelci,střelce,střelče,střelci,střelcem,střelci,střelců,střelcům,střelce,střelci,střelcích,střelci
připomínka,remark,f,false,žena,A2,"misc,abstract",připomínka,připomínky,připomínce,připomínku,připomínko,připomínce,připomínkou,připomínky,připomínek,připomínkám,připomínky,připomínky,připomínkách,připomínkami
znění,wording,n,false,stavení,A2,"misc,abstract",znění,znění,znění,znění,znění,znění,zněním,znění,znění,zněním,znění,znění,zněních,zněními
stres,stress,m,false,hrad,B1,"misc,abstract,feeling",stres,stresu,stresu,stres,strese,stresu,stresem,stresy,stresů,stresům,stresy,stresy,stresech,stresy
favorit,favourite,m,false,hrad,A2,"misc,abstract",favorit,favoritu,favoritu,favorit,favorite,favoritu,favoritem,favority,favoritů,favoritům,favority,favority,favoritech,favority
společník,partner,m,true,pán,A2,"misc,people",společník,společníka,společníkovi,společníka,společníku,společníkovi,společníkem,společníci,společníků,společníkům,společníky,společníci,společnících,společníky
fungování,operation,n,false,stavení,B1,"misc,abstract",fungování,fungování,fungování,fungování,fungování,fungování,fungováním,fungování,fungování,fungováním,fungování,fungování,fungováních,fungováními
doplněk,supplement,m,false,hrad,A2,"misc,abstract",doplněk,doplňku,doplňku,doplněk,doplňku,doplňku,doplňkem,doplňky,doplňků,doplňkům,doplňky,doplňky,doplňcích,doplňky
jezdec,rider,m,true,muž,A2,"misc,abstract",jezdec,jezdce,jezdci,jezdce,jezdče,jezdci,jezdcem,jezdci,jezdců,jezdcům,jezdce,jezdci,jezdcích,jezdci
budování,building,n,false,stavení,A2,"misc,abstract",budování,budování,budování,budování,budování,budování,budováním,budování,budování,budováním,budování,budování,budováních,budováními
divize,division,f,false,růže,A2,"misc,abstract",divize,divize,divizi,divizi,divize,divizi,divizí,divize,divizí,divizím,divize,divize,divizích,divizemi
omáčka,sauce,f,false,žena,A2,food,omáčka,omáčky,omáčce,omáčku,omáčko,omáčce,omáčkou,omáčky,omáček,omáčkám,omáčky,omáčky,omáčkách,omáčkami
východisko,basis,n,false,město,A2,"misc,abstract",východisko,východiska,východisku,východisko,východisko,východisku,východiskem,východiska,východisek,východiskům,východiska,východiska,východiskách,východisky
havárie,accident,f,false,růže,A2,"misc,abstract",havárie,havárie,havárii,havárii,havárie,havárii,havárií,havárie,havárií,haváriím,havárie,havárie,haváriích,haváriemi
školka,nursery school,f,false,žena,A2,"places,v_place",školka,školky,školce,školku,školko,školce,školkou,školky,školek,školkám,školky,školky,školkách,školkami
schůze,meeting,f,false,růže,B1,"misc,event,gathering",schůze,schůze,schůzi,schůzi,schůze,schůzi,schůzí,schůze,schůzí,schůzím,schůze,schůze,schůzích,schůzemi
bilance,balance,f,false,růže,B1,"misc,abstract",bilance,bilance,bilanci,bilanci,bilance,bilanci,bilancí,bilance,bilancí,bilancím,bilance,bilance,bilancích,bilancemi
manipulace,manipulation,f,false,růže,B1,"misc,abstract",manipulace,manipulace,manipulaci,manipulaci,manipulace,manipulaci,manipulací,manipulace,manipulací,manipulacím,manipulace,manipulace,manipulacích,manipulacemi
zvyšování,increase,n,false,stavení,A2,"misc,abstract",zvyšování,zvyšování,zvyšování,zvyšování,zvyšování,zvyšování,zvyšováním,zvyšování,zvyšování,zvyšováním,zvyšování,zvyšování,zvyšováních,zvyšováními
dokončení,completion,n,false,stavení,A2,"misc,abstract",dokončení,dokončení,dokončení,dokončení,dokončení,dokončení,dokončením,dokončení,dokončení,dokončením,dokončení,dokončení,dokončeních,dokončeními
zastoupení,representation,n,false,stavení,B1,"misc,abstract",zastoupení,zastoupení,zastoupení,zastoupení,zastoupení,zastoupení,zastoupením,zastoupení,zastoupení,zastoupením,zastoupení,zastoupení,zastoupeních,zastoupeními
němčina,German,f,false,žena,A2,"misc,abstract",němčina,němčiny,němčině,němčinu,němčino,němčině,němčinou,němčiny,němčin,němčinám,němčiny,němčiny,němčinách,němčinami
příčka,rung,f,false,žena,A2,"misc,abstract",příčka,příčky,příčce,příčku,příčko,příčce,příčkou,příčky,příček,příčkám,příčky,příčky,příčkách,příčkami
výkonnost,performance,f,false,kost,A2,"misc,abstract",výkonnost,výkonnosti,výkonnosti,výkonnost,výkonnosti,výkonnosti,výkonností,výkonnosti,výkonností,výkonnostem,výkonnosti,výkonnosti,výkonnostech,výkonnostmi
obřad,ceremony,m,false,hrad,A2,"misc,event,gathering,quiet_event",obřad,obřadu,obřadu,obřad,obřade,obřadě,obřadem,obřady,obřadů,obřadům,obřady,obřady,obřadech,obřady
představenstvo,board of directors,n,false,město,B2,"misc,abstract",představenstvo,představenstva,představenstvu,představenstvo,představenstvo,představenstvu,představenstvem,představenstva,představenstev,představenstvům,představenstva,představenstva,představenstvech,představenstvy
protivník,opponent,m,true,pán,A2,"misc,abstract",protivník,protivníka,protivníkovi,protivníka,protivníku,protivníkovi,protivníkem,protivníci,protivníků,protivníkům,protivníky,protivníci,protivnících,protivníky
pozorování,observation,n,false,stavení,A2,"misc,abstract",pozorování,pozorování,pozorování,pozorování,pozorování,pozorování,pozorováním,pozorování,pozorování,pozorováním,pozorování,pozorování,pozorováních,pozorováními
tunel,tunnel,m,false,hrad,A2,"places,v_place",tunel,tunelu,tunelu,tunel,tunele,tunelu,tunelem,tunely,tunelů,tunelům,tunely,tunely,tunelech,tunely
peněženka,wallet,f,false,žena,B1,"objects,portable",peněženka,peněženky,peněžence,peněženku,peněženko,peněžence,peněženkou,peněženky,peněženek,peněženkám,peněženky,peněženky,peněženkách,peněženkami
inspirace,inspiration,f,false,růže,B1,"misc,abstract",inspirace,inspirace,inspiraci,inspiraci,inspirace,inspiraci,inspirací,inspirace,inspirací,inspiracím,inspirace,inspirace,inspiracích,inspiracemi
skupinka,group,f,false,žena,A2,"misc,abstract",skupinka,skupinky,skupince,skupinku,skupinko,skupince,skupinkou,skupinky,skupinek,skupinkám,skupinky,skupinky,skupinkách,skupinkami
zastupitel,council member,m,true,muž,B1,"misc,people",zastupitel,zastupitele,zastupiteli,zastupitele,zastupiteli,zastupiteli,zastupitelem,zastupitelé,zastupitelů,zastupitelům,zastupitele,zastupitelé,zastupitelích,zastupiteli
rukavice,glove,f,false,růže,B1,"objects,clothing,portable",rukavice,rukavice,rukavici,rukavici,rukavice,rukavici,rukavicí,rukavice,rukavic,rukavicím,rukavice,rukavice,rukavicích,rukavicemi
čepice,cap,f,false,růže,B1,"objects,clothing,portable",čepice,čepice,čepici,čepici,čepice,čepici,čepicí,čepice,čepic,čepicím,čepice,čepice,čepicích,čepicemi
čistota,cleanliness,f,false,žena,A2,"misc,abstract",čistota,čistoty,čistotě,čistotu,čistoto,čistotě,čistotou,čistoty,čistot,čistotám,čistoty,čistoty,čistotách,čistotami
pouť,funfair,f,false,píseň,B1,"misc,abstract",pouť,poutě,pouti,pouť,pouti,pouti,poutí,poutě,poutí,poutím,poutě,poutě,poutích,poutěmi
sportovec,sportsman,m,true,muž,A2,"misc,people",sportovec,sportovce,sportovci,sportovce,sportovče,sportovci,sportovcem,sportovci,sportovců,sportovcům,sportovce,sportovci,sportovcích,sportovci
trojice,threesome,f,false,růže,A2,"misc,abstract",trojice,trojice,trojici,trojici,trojice,trojici,trojicí,trojice,trojic,trojicím,trojice,trojice,trojicích,trojicemi
kalendář,calendar,m,false,stroj,A2,objects,kalendář,kalendáře,kalendáři,kalendář,kalendáři,kalendáři,kalendářem,kalendáře,kalendářů,kalendářům,kalendáře,kalendáře,kalendářích,kalendáři
poklad,treasure,m,false,hrad,A2,"misc,abstract",poklad,pokladu,pokladu,poklad,poklade,pokladu,pokladem,poklady,pokladů,pokladům,poklady,poklady,pokladech,poklady
šíření,spread,n,false,stavení,B1,"misc,abstract",šíření,šíření,šíření,šíření,šíření,šíření,šířením,šíření,šíření,šířením,šíření,šíření,šířeních,šířeními
interiér,interior,m,false,hrad,A2,"misc,abstract",interiér,interiéru,interiéru,interiér,interiére,interiéru,interiérem,interiéry,interiérů,interiérům,interiéry,interiéry,interiérech,interiéry
mouka,flour,f,false,žena,A2,"food,weighable",mouka,mouky,mouce,mouku,mouko,mouce,moukou,mouky,mouk,moukám,mouky,mouky,moukách,moukami
pára,steam,f,false,žena,A2,"nature,weather",pára,páry,páře,páru,páro,páře,párou,páry,par,párám,páry,páry,párách,párami
formát,format,m,false,hrad,B1,"misc,abstract",formát,formátu,formátu,formát,formáte,formátě,formátem,formáty,formátů,formátům,formáty,formáty,formátech,formáty
dodržování,observation,n,false,stavení,B1,"misc,abstract",dodržování,dodržování,dodržování,dodržování,dodržování,dodržování,dodržováním,dodržování,dodržování,dodržováním,dodržování,dodržování,dodržováních,dodržováními
trvání,duration,n,false,stavení,A2,"time,era",trvání,trvání,trvání,trvání,trvání,trvání,trváním,trvání,trvání,trváním,trvání,trvání,trváních,trváními
melodie,melody,f,false,růže,A2,"misc,abstract",melodie,melodie,melodii,melodii,melodie,melodii,melodií,melodie,melodií,melodiím,melodie,melodie,melodiích,melodiemi
zodpovědnost,responsibility,f,false,kost,B1,"misc,abstract",zodpovědnost,zodpovědnosti,zodpovědnosti,zodpovědnost,zodpovědnosti,zodpovědnosti,zodpovědností,zodpovědnosti,zodpovědností,zodpovědnostem,zodpovědnosti,zodpovědnosti,zodpovědnostech,zodpovědnostmi
plakát,poster,m,false,hrad,B1,"objects,readable,portable",plakát,plakátu,plakátu,plakát,plakáte,plakátě,plakátem,plakáty,plakátů,plakátům,plakáty,plakáty,plakátech,plakáty
kloub,joint,m,false,hrad,A2,body,kloub,kloubu,kloubu,kloub,kloube,kloubu,kloubem,klouby,kloubů,kloubům,klouby,klouby,kloubech,klouby
kabina,cabin,f,false,žena,A2,"misc,abstract",kabina,kabiny,kabině,kabinu,kabino,kabině,kabinou,kabiny,kabin,kabinám,kabiny,kabiny,kabinách,kabinami
volant,steering wheel,m,false,hrad,A2,objects,volant,volantu,volantu,volant,volante,volantě,volantem,volanty,volantů,volantům,volanty,volanty,volantech,volanty
koláč,cake,m,false,stroj,A2,"food,sliceable",koláč,koláče,koláči,koláč,koláči,koláči,koláčem,koláče,koláčů,koláčům,koláče,koláče,koláčích,koláči
ambice,ambition,f,false,růže,B1,"misc,abstract",ambice,ambice,ambici,ambici,ambice,ambici,ambicí,ambice,ambicí,ambicím,ambice,ambice,ambicích,ambicemi
pleť,complexion,f,false,píseň,A2,body,pleť,pletě,pleti,pleť,pleti,pleti,pletí,pletě,pletí,pletím,pletě,pletě,pletích,pletěmi
stezka,path,f,false,žena,A2,"misc,abstract",stezka,stezky,stezce,stezku,stezko,stezce,stezkou,stezky,stezek,stezkám,stezky,stezky,stezkách,stezkami
slabost,weakness,f,false,kost,A2,"misc,abstract",slabost,slabosti,slabosti,slabost,slabosti,slabosti,slabostí,slabosti,slabostí,slabostem,slabosti,slabosti,slabostech,slabostmi
zkoumání,investigation,n,false,stavení,B1,"misc,abstract",zkoumání,zkoumání,zkoumání,zkoumání,zkoumání,zkoumání,zkoumáním,zkoumání,zkoumání,zkoumáním,zkoumání,zkoumání,zkoumáních,zkoumáními
interval,interval,m,false,hrad,B1,"misc,abstract",interval,intervalu,intervalu,interval,intervale,intervale,intervalem,intervaly,intervalů,intervalům,intervaly,intervaly,intervalech,intervaly
redaktor,editor,m,true,pán,A2,"misc,profession",redaktor,redaktora,redaktorovi,redaktora,redaktore,redaktorovi,redaktorem,redaktoři,redaktorů,redaktorům,redaktory,redaktoři,redaktorech,redaktory
doktorka,(woman) doctor,f,false,žena,A2,"misc,people,profession",doktorka,doktorky,doktorce,doktorku,doktorko,doktorce,doktorkou,doktorky,doktorek,doktorkám,doktorky,doktorky,doktorkách,doktorkami
vzkaz,message,m,false,hrad,A2,"misc,abstract",vzkaz,vzkazu,vzkazu,vzkaz,vzkaze,vzkazu,vzkazem,vzkazy,vzkazů,vzkazům,vzkazy,vzkazy,vzkazech,vzkazy
uvedení,introduction,n,false,stavení,A2,"misc,abstract",uvedení,uvedení,uvedení,uvedení,uvedení,uvedení,uvedením,uvedení,uvedení,uvedením,uvedení,uvedení,uvedeních,uvedeními
varování,warning,n,false,stavení,A2,"misc,event",varování,varování,varování,varování,varování,varování,varováním,varování,varování,varováním,varování,varování,varováních,varováními
nájem,rent,m,false,hrad,A2,"misc,abstract",nájem,nájmu,nájmu,nájem,nájme,nájmu,nájmem,nájmy,nájmů,nájmům,nájmy,nájmy,nájmech,nájmy
šířka,width,f,false,žena,A2,"misc,abstract",šířka,šířky,šířce,šířku,šířko,šířce,šířkou,šířky,šířek,šířkám,šířky,šířky,šířkách,šířkami
ráz,character,m,false,hrad,A2,"misc,abstract",ráz,rázu,rázu,ráz,ráze,rázu,rázem,rázy,rázů,rázům,rázy,rázy,rázech,rázy
veletrh,(trade) fair,m,false,hrad,B1,"misc,abstract",veletrh,veletrhu,veletrhu,veletrh,veletrhu,veletrhu,veletrhem,veletrhy,veletrhů,veletrhům,veletrhy,veletrhy,veletrzích,veletrhy
originál,original,m,false,hrad,A2,"misc,abstract",originál,originálu,originálu,originál,originále,originále,originálem,originály,originálů,originálům,originály,originály,originálech,originály
žebříček,scale,m,false,hrad,A2,"misc,abstract",žebříček,žebříčku,žebříčku,žebříček,žebříčku,žebříčku,žebříčkem,žebříčky,žebříčků,žebříčkům,žebříčky,žebříčky,žebříčcích,žebříčky
srážka,crash,f,false,žena,A2,"misc,abstract",srážka,srážky,srážce,srážku,srážko,srážce,srážkou,srážky,srážek,srážkám,srážky,srážky,srážkách,srážkami
hrana,edge,f,false,žena,A2,"misc,abstract",hrana,hrany,hraně,hranu,hrano,hraně,hranou,hrany,hran,hranám,hrany,hrany,hranách,hranami
verš,verse,m,false,stroj,A2,"misc,abstract",verš,verše,verši,verš,verši,verši,veršem,verše,veršů,veršům,verše,verše,verších,verši
spořitelna,savings bank,f,false,žena,A2,"places,v_place",spořitelna,spořitelny,spořitelně,spořitelnu,spořitelno,spořitelně,spořitelnou,spořitelny,spořitelen,spořitelnám,spořitelny,spořitelny,spořitelnách,spořitelnami
lžíce,spoon,f,false,růže,A2,"objects,portable",lžíce,lžíce,lžíci,lžíci,lžíce,lžíci,lžicí,lžíce,lžic,lžicím,lžíce,lžíce,lžicích,lžicemi
trojka,(number) three,f,false,žena,A2,"misc,abstract",trojka,trojky,trojce,trojku,trojko,trojce,trojkou,trojky,trojek,trojkám,trojky,trojky,trojkách,trojkami
hřbet,back,m,false,hrad,A2,body,hřbet,hřbetu,hřbetu,hřbet,hřbete,hřbetě,hřbetem,hřbety,hřbetů,hřbetům,hřbety,hřbety,hřbetech,hřbety
mříž,grid,f,false,píseň,A2,"misc,abstract",mříž,mříže,mříži,mříž,mříži,mříži,mříží,mříže,mříží,mřížím,mříže,mříže,mřížích,mřížemi
provozovatel,operator,m,true,muž,A2,"misc,people",provozovatel,provozovatele,provozovateli,provozovatele,provozovateli,provozovateli,provozovatelem,provozovatelé,provozovatelů,provozovatelům,provozovatele,provozovatelé,provozovatelích,provozovateli
impuls,impulse,m,false,hrad,B1,"misc,abstract",impuls,impulsu,impulsu,impuls,impulse,impulsu,impulsem,impulsy,impulsů,impulsům,impulsy,impulsy,impulsech,impulsy
komunita,community,f,false,žena,B1,"misc,abstract",komunita,komunity,komunitě,komunitu,komunito,komunitě,komunitou,komunity,komunit,komunitám,komunity,komunity,komunitách,komunitami
hit,hit,m,false,hrad,A2,"misc,abstract",hit,hitu,hitu,hit,hite,hitu,hitem,hity,hitů,hitům,hity,hity,hitech,hity
flaška,bottle,f,false,žena,B1,objects,flaška,flašky,flašce,flašku,flaško,flašce,flaškou,flašky,flašek,flaškám,flašky,flašky,flaškách,flaškami
hrnec,pot,m,false,stroj,A2,objects,hrnec,hrnce,hrnci,hrnec,hrnci,hrnci,hrncem,hrnce,hrnců,hrncům,hrnce,hrnce,hrncích,hrnci
zoufalství,despair,n,false,stavení,A2,"misc,abstract,feeling",zoufalství,zoufalství,zoufalství,zoufalství,zoufalství,zoufalství,zoufalstvím,zoufalství,zoufalství,zoufalstvím,zoufalství,zoufalství,zoufalstvích,zoufalstvími
vada,defect,f,false,žena,A2,"misc,abstract",vada,vady,vadě,vadu,vado,vadě,vadou,vady,vad,vadám,vady,vady,vadách,vadami
obývák,living room,m,false,hrad,A2,"places,v_place,indoor",obývák,obýváku,obýváku,obývák,obýváku,obýváku,obývákem,obýváky,obýváků,obývákům,obýváky,obýváky,obývácích,obýváky
večírek,party,m,false,hrad,A2,"misc,event,gathering",večírek,večírku,večírku,večírek,večírku,večírku,večírkem,večírky,večírků,večírkům,večírky,večírky,večírcích,večírky
moucha,fly,f,false,žena,A2,animals,moucha,mouchy,mouše,mouchu,moucho,mouše,mouchou,mouchy,much,mouchám,mouchy,mouchy,mouchách,mouchami
anketa,survey,f,false,žena,A2,"misc,readable",anketa,ankety,anketě,anketu,anketo,anketě,anketou,ankety,anket,anketám,ankety,ankety,anketách,anketami
pozdrav,greeting,m,false,hrad,A2,"misc,abstract,feeling",pozdrav,pozdravu,pozdravu,pozdrav,pozdrave,pozdravu,pozdravem,pozdravy,pozdravů,pozdravům,pozdravy,pozdravy,pozdravech,pozdravy
volání,call,n,false,stavení,A2,"misc,abstract",volání,volání,volání,volání,volání,volání,voláním,volání,volání,voláním,volání,volání,voláních,voláními
osvětlení,lighting,n,false,stavení,A2,"misc,abstract",osvětlení,osvětlení,osvětlení,osvětlení,osvětlení,osvětlení,osvětlením,osvětlení,osvětlení,osvětlením,osvětlení,osvětlení,osvětleních,osvětleními
zábradlí,railing,n,false,stavení,A2,"misc,abstract",zábradlí,zábradlí,zábradlí,zábradlí,zábradlí,zábradlí,zábradlím,zábradlí,zábradlí,zábradlím,zábradlí,zábradlí,zábradlích,zábradlími
slepice,hen,f,false,růže,A2,animals,slepice,slepice,slepici,slepici,slepice,slepici,slepicí,slepice,slepic,slepicím,slepice,slepice,slepicích,slepicemi
paluba,deck,f,false,žena,A2,"misc,abstract",paluba,paluby,palubě,palubu,palubo,palubě,palubou,paluby,palub,palubám,paluby,paluby,palubách,palubami
sebevědomí,self-confidence,n,false,stavení,A2,"misc,abstract,feeling",sebevědomí,sebevědomí,sebevědomí,sebevědomí,sebevědomí,sebevědomí,sebevědomím,sebevědomí,sebevědomí,sebevědomím,sebevědomí,sebevědomí,sebevědomích,sebevědomími
ideál,ideal,m,false,hrad,B1,"misc,abstract",ideál,ideálu,ideálu,ideál,ideále,ideálu,ideálem,ideály,ideálů,ideálům,ideály,ideály,ideálech,ideály
absolvent,graduate,m,true,pán,A2,"misc,abstract",absolvent,absolventa,absolventovi,absolventa,absolvente,absolventovi,absolventem,absolventi,absolventů,absolventům,absolventy,absolventi,absolventech,absolventy
důležitost,importance,f,false,kost,A2,"misc,abstract",důležitost,důležitosti,důležitosti,důležitost,důležitosti,důležitosti,důležitostí,důležitosti,důležitostí,důležitostem,důležitosti,důležitosti,důležitostech,důležitostmi
strava,food,f,false,žena,A2,"misc,abstract",strava,stravy,stravě,stravu,stravo,stravě,stravou,stravy,strav,stravám,stravy,stravy,stravách,stravami
vnímání,perception,n,false,stavení,B1,"misc,abstract",vnímání,vnímání,vnímání,vnímání,vnímání,vnímání,vnímáním,vnímání,vnímání,vnímáním,vnímání,vnímání,vnímáních,vnímáními
uspokojení,satisfaction,n,false,stavení,A2,"misc,abstract,feeling",uspokojení,uspokojení,uspokojení,uspokojení,uspokojení,uspokojení,uspokojením,uspokojení,uspokojení,uspokojením,uspokojení,uspokojení,uspokojeních,uspokojeními
páteř,backbone,f,false,píseň,A2,body,páteř,páteře,páteři,páteř,páteři,páteři,páteří,páteře,páteří,páteřím,páteře,páteře,páteřích,páteřemi
bariéra,barrier,f,false,žena,B1,"misc,abstract",bariéra,bariéry,bariéře,bariéru,bariéro,bariéře,bariérou,bariéry,bariér,bariérám,bariéry,bariéry,bariérách,bariérami
ves,village,f,false,kost,A2,"places,v_place",ves,vsi,vsi,ves,vsi,vsi,vsí,vsi,vsí,vsím,vsi,vsi,vsích,vsemi
udržení,preservation,n,false,stavení,A2,"misc,abstract",udržení,udržení,udržení,udržení,udržení,udržení,udržením,udržení,udržení,udržením,udržení,udržení,udrženích,udrženími
sraz,reunion,m,false,hrad,A2,"misc,abstract",sraz,srazu,srazu,sraz,sraze,srazu,srazem,srazy,srazů,srazům,srazy,srazy,srazech,srazy
mlčení,silence,n,false,stavení,A2,"misc,abstract,feeling",mlčení,mlčení,mlčení,mlčení,mlčení,mlčení,mlčením,mlčení,mlčení,mlčením,mlčení,mlčení,mlčeních,mlčeními
přesnost,accuracy,f,false,kost,B1,"misc,abstract",přesnost,přesnosti,přesnosti,přesnost,přesnosti,přesnosti,přesností,přesnosti,přesností,přesnostem,přesnosti,přesnosti,přesnostech,přesnostmi
obdiv,admiration,m,false,hrad,A2,"misc,abstract,feeling",obdiv,obdivu,obdivu,obdiv,obdive,obdivu,obdivem,obdivy,obdivů,obdivům,obdivy,obdivy,obdivech,obdivy
index,index,m,false,hrad,B1,"misc,abstract",index,indexu,indexu,index,indexe,indexu,indexem,indexy,indexů,indexům,indexy,indexy,indexech,indexy
deprese,depression,f,false,růže,A2,"misc,abstract,feeling",deprese,deprese,depresi,depresi,deprese,depresi,depresí,deprese,depresí,depresím,deprese,deprese,depresích,depresemi
dovednost,skill,f,false,kost,B1,"misc,abstract",dovednost,dovednosti,dovednosti,dovednost,dovednosti,dovednosti,dovedností,dovednosti,dovedností,dovednostem,dovednosti,dovednosti,dovednostech,dovednostmi
morálka,morality,f,false,žena,B1,"misc,abstract",morálka,morálky,morálce,morálku,morálko,morálce,morálkou,morálky,morálek,morálkám,morálky,morálky,morálkách,morálkami
psycholog,psychologist,m,true,pán,B1,"misc,profession",psycholog,psychologa,psychologovi,psychologa,psychologu,psychologovi,psychologem,psychologové,psychologů,psychologům,psychology,psychologové,psycholozích,psychology
náprava,remedy,f,false,žena,A2,"misc,abstract",náprava,nápravy,nápravě,nápravu,nápravo,nápravě,nápravou,nápravy,náprav,nápravám,nápravy,nápravy,nápravách,nápravami
bojovník,fighter,m,true,pán,A2,"misc,people",bojovník,bojovníka,bojovníkovi,bojovníka,bojovníku,bojovníkovi,bojovníkem,bojovníci,bojovníků,bojovníkům,bojovníky,bojovníci,bojovnících,bojovníky
ruch,activity,m,false,hrad,A2,"misc,abstract",ruch,ruchu,ruchu,ruch,ruchu,ruchu,ruchem,ruchy,ruchů,ruchům,ruchy,ruchy,ruších,ruchy
prevence,prevention,f,false,růže,B1,"misc,abstract",prevence,prevence,prevenci,prevenci,prevence,prevenci,prevencí,prevence,prevencí,prevencím,prevence,prevence,prevencích,prevencemi
vyhláška,(public) notice,f,false,žena,A2,"misc,abstract",vyhláška,vyhlášky,vyhlášce,vyhlášku,vyhláško,vyhlášce,vyhláškou,vyhlášky,vyhlášek,vyhláškám,vyhlášky,vyhlášky,vyhláškách,vyhláškami
plánování,planning,n,false,stavení,A2,"misc,abstract",plánování,plánování,plánování,plánování,plánování,plánování,plánováním,plánování,plánování,plánováním,plánování,plánování,plánováních,plánováními
koutek,corner,m,false,hrad,A2,"places,v_place",koutek,koutku,koutku,koutek,koutku,koutku,koutkem,koutky,koutků,koutkům,koutky,koutky,koutcích,koutky
brigáda,summer job,f,false,žena,A2,"misc,abstract",brigáda,brigády,brigádě,brigádu,brigádo,brigádě,brigádou,brigády,brigád,brigádám,brigády,brigády,brigádách,brigádami
škála,scale,f,false,žena,A2,"misc,abstract",škála,škály,škále,škálu,škálo,škále,škálou,škály,škál,škálám,škály,škály,škálách,škálami
náruč,(open) arms,f,false,píseň,A2,body,náruč,náruče,náruči,náruč,náruči,náruči,náručí,náruče,náručí,náručím,náruče,náruče,náručích,náručemi
výhrada,reservation,f,false,žena,A2,"misc,abstract",výhrada,výhrady,výhradě,výhradu,výhrado,výhradě,výhradou,výhrady,výhrad,výhradám,výhrady,výhrady,výhradách,výhradami
stadium,stage,n,false,město,A2,"misc,abstract",stadium,stadia,stadiu,stadium,stadium,stadiu,stadiem,stadia,stadií,stadiím,stadia,stadia,stadiích,stadii
tržba,receipts,f,false,žena,A2,"misc,abstract",tržba,tržby,tržbě,tržbu,tržbo,tržbě,tržbou,tržby,tržeb,tržbám,tržby,tržby,tržbách,tržbami
učebnice,textbook,f,false,růže,A2,"objects,readable,portable",učebnice,učebnice,učebnici,učebnici,učebnice,učebnici,učebnicí,učebnice,učebnic,učebnicím,učebnice,učebnice,učebnicích,učebnicemi
pódium,stage,n,false,město,A2,"places,na_place",pódium,pódia,pódiu,pódium,pódium,pódiu,pódiem,pódia,pódií,pódiím,pódia,pódia,pódiích,pódii
nadace,foundation,f,false,růže,B1,"misc,abstract",nadace,nadace,nadaci,nadaci,nadace,nadaci,nadací,nadace,nadací,nadacím,nadace,nadace,nadacích,nadacemi
protokol,protocol,m,false,hrad,B1,"misc,abstract",protokol,protokolu,protokolu,protokol,protokole,protokolu,protokolem,protokoly,protokolů,protokolům,protokoly,protokoly,protokolech,protokoly
kompromis,compromise,m,false,hrad,B1,"misc,abstract",kompromis,kompromisu,kompromisu,kompromis,kompromise,kompromisu,kompromisem,kompromisy,kompromisů,kompromisům,kompromisy,kompromisy,kompromisech,kompromisy
obsluha,service,f,false,žena,A2,"misc,abstract",obsluha,obsluhy,obsluze,obsluhu,obsluho,obsluze,obsluhou,obsluhy,obsluh,obsluhám,obsluhy,obsluhy,obsluhách,obsluhami
dědek,geezer,m,true,pán,A2,"family,people",dědek,dědka,dědkovi,dědka,dědku,dědkovi,dědkem,dědci,dědků,dědkům,dědky,dědci,dědcích,dědky
tenis,tennis,m,false,hrad,A2,"misc,abstract",tenis,tenisu,tenisu,tenis,tenise,tenise,tenisem,tenisy,tenisů,tenisům,tenisy,tenisy,tenisech,tenisy
uvolnění,loosening,n,false,stavení,B1,"misc,abstract",uvolnění,uvolnění,uvolnění,uvolnění,uvolnění,uvolnění,uvolněním,uvolnění,uvolnění,uvolněním,uvolnění,uvolnění,uvolněních,uvolněními
respekt,respect,m,false,hrad,B1,"misc,abstract,feeling",respekt,respektu,respektu,respekt,respekte,respektu,respektem,respekty,respektů,respektům,respekty,respekty,respektech,respekty
pasáž,passage,f,false,píseň,A2,"places,v_place",pasáž,pasáže,pasáži,pasáž,pasáži,pasáži,pasáží,pasáže,pasáží,pasážím,pasáže,pasáže,pasážích,pasážemi
aféra,scandal,f,false,žena,B1,"misc,abstract",aféra,aféry,aféře,aféru,aféro,aféře,aférou,aféry,afér,aférám,aféry,aféry,aférách,aférami
keř,bush,m,false,stroj,A2,"nature,flora",keř,keře,keři,keř,keři,keři,keřem,keře,keřů,keřům,keře,keře,keřích,keři
zájezd,trip,m,false,hrad,B1,"misc,abstract",zájezd,zájezdu,zájezdu,zájezd,zájezde,zájezdě,zájezdem,zájezdy,zájezdů,zájezdům,zájezdy,zájezdy,zájezdech,zájezdy
zánik,termination,m,false,hrad,A2,"misc,abstract",zánik,zániku,zániku,zánik,zániku,zániku,zánikem,zániky,zániků,zánikům,zániky,zániky,zánicích,zániky
stehno,thigh,n,false,město,A2,"body,surface_body",stehno,stehna,stehnu,stehno,stehno,stehně,stehnem,stehna,stehen,stehnům,stehna,stehna,stehnech,stehny
aparát,machinery,m,false,hrad,B1,"objects,portable",aparát,aparátu,aparátu,aparát,aparáte,aparátě,aparátem,aparáty,aparátů,aparátům,aparáty,aparáty,aparátech,aparáty
orchestr,orchestra,m,false,hrad,B1,"misc,abstract",orchestr,orchestru,orchestru,orchestr,orchestre,orchestru,orchestrem,orchestry,orchestrů,orchestrům,orchestry,orchestry,orchestrech,orchestry
psychologie,psychology,f,false,růže,B1,"misc,abstract",psychologie,psychologie,psychologii,psychologii,psychologie,psychologii,psychologií,psychologie,psychologií,psychologiím,psychologie,psychologie,psychologiích,psychologiemi
výslech,interrogation,m,false,hrad,A2,"misc,abstract",výslech,výslechu,výslechu,výslech,výslechu,výslechu,výslechem,výslechy,výslechů,výslechům,výslechy,výslechy,výsleších,výslechy
lednička,fridge,f,false,žena,A2,objects,lednička,ledničky,ledničce,ledničku,ledničko,ledničce,ledničkou,ledničky,ledniček,ledničkám,ledničky,ledničky,ledničkách,ledničkami
demonstrace,demonstration,f,false,růže,B1,"misc,event,gathering",demonstrace,demonstrace,demonstraci,demonstraci,demonstrace,demonstraci,demonstrací,demonstrace,demonstrací,demonstracím,demonstrace,demonstrace,demonstracích,demonstracemi
rukopis,handwriting,m,false,hrad,A2,"misc,readable",rukopis,rukopisu,rukopisu,rukopis,rukopise,rukopise,rukopisem,rukopisy,rukopisů,rukopisům,rukopisy,rukopisy,rukopisech,rukopisy
zkratka,abbreviation,f,false,žena,A2,"misc,abstract",zkratka,zkratky,zkratce,zkratku,zkratko,zkratce,zkratkou,zkratky,zkratek,zkratkám,zkratky,zkratky,zkratkách,zkratkami
licence,licence,f,false,růže,B1,"misc,abstract",licence,licence,licenci,licenci,licence,licenci,licencí,licence,licencí,licencím,licence,licence,licencích,licencemi
vzrušení,excitement,n,false,stavení,A2,"misc,abstract,feeling",vzrušení,vzrušení,vzrušení,vzrušení,vzrušení,vzrušení,vzrušením,vzrušení,vzrušení,vzrušením,vzrušení,vzrušení,vzrušeních,vzrušeními
poušť,desert,f,false,píseň,B1,"misc,abstract,places,nature",poušť,pouště,poušti,poušť,poušti,poušti,pouští,pouště,pouští,pouštím,pouště,pouště,pouštích,pouštěmi
komplikace,complication,f,false,růže,B1,"misc,abstract",komplikace,komplikace,komplikaci,komplikaci,komplikace,komplikaci,komplikací,komplikace,komplikací,komplikacím,komplikace,komplikace,komplikacích,komplikacemi
nástupce,successor,m,true,soudce,B1,"misc,abstract",nástupce,nástupce,nástupci,nástupce,nástupce,nástupci,nástupcem,nástupci,nástupců,nástupcům,nástupce,nástupci,nástupcích,nástupci
zpoždění,delay,n,false,stavení,B1,"misc,abstract",zpoždění,zpoždění,zpoždění,zpoždění,zpoždění,zpoždění,zpožděním,zpoždění,zpoždění,zpožděním,zpoždění,zpoždění,zpožděních,zpožděními
vkus,taste,m,false,hrad,A2,"misc,abstract",vkus,vkusu,vkusu,vkus,vkuse,vkusu,vkusem,vkusy,vkusů,vkusům,vkusy,vkusy,vkusech,vkusy
lyže,ski,f,false,růže,A2,objects,lyže,lyže,lyži,lyži,lyže,lyži,lyží,lyže,lyží,lyžím,lyže,lyže,lyžích,lyžemi
kůra,rind,f,false,žena,A2,"misc,abstract",kůra,kůry,kůře,kůru,kůro,kůře,kůrou,kůry,kůr,kůrám,kůry,kůry,kůrách,kůrami
měna,currency,f,false,žena,A2,"misc,abstract",měna,měny,měně,měnu,měno,měně,měnou,měny,měn,měnám,měny,měny,měnách,měnami
vyhlášení,announcement,n,false,stavení,A2,"misc,abstract",vyhlášení,vyhlášení,vyhlášení,vyhlášení,vyhlášení,vyhlášení,vyhlášením,vyhlášení,vyhlášení,vyhlášením,vyhlášení,vyhlášení,vyhlášeních,vyhlášeními
platba,payment,f,false,žena,A2,"misc,abstract",platba,platby,platbě,platbu,platbo,platbě,platbou,platby,plateb,platbám,platby,platby,platbách,platbami
kotel,boiler,m,false,stroj,A2,"misc,abstract",kotel,kotle,kotli,kotel,kotli,kotli,kotlem,kotle,kotlů,kotlům,kotle,kotle,kotlích,kotli
posílení,strengthening,n,false,stavení,A2,"misc,abstract",posílení,posílení,posílení,posílení,posílení,posílení,posílením,posílení,posílení,posílením,posílení,posílení,posíleních,posíleními
vzestup,increase,m,false,hrad,A2,"misc,abstract",vzestup,vzestupu,vzestupu,vzestup,vzestupe,vzestupu,vzestupem,vzestupy,vzestupů,vzestupům,vzestupy,vzestupy,vzestupech,vzestupy
rám,frame,m,false,hrad,A2,"misc,abstract",rám,rámu,rámu,rám,ráme,rámu,rámem,rámy,rámů,rámům,rámy,rámy,rámech,rámy
splnění,accomplishment,n,false,stavení,B1,"misc,abstract",splnění,splnění,splnění,splnění,splnění,splnění,splněním,splnění,splnění,splněním,splnění,splnění,splněních,splněními
pomůcka,aid,f,false,žena,A2,"misc,abstract",pomůcka,pomůcky,pomůcce,pomůcku,pomůcko,pomůcce,pomůckou,pomůcky,pomůcek,pomůckám,pomůcky,pomůcky,pomůckách,pomůckami
sponzor,sponsor,m,true,pán,A2,"misc,abstract",sponzor,sponzora,sponzorovi,sponzora,sponzore,sponzorovi,sponzorem,sponzoři,sponzorů,sponzorům,sponzory,sponzoři,sponzorech,sponzory
sekunda,second,f,false,žena,A2,"time,duration",sekunda,sekundy,sekundě,sekundu,sekundo,sekundě,sekundou,sekundy,sekund,sekundám,sekundy,sekundy,sekundách,sekundami
mýtus,myth,m,false,hrad,B1,"misc,abstract",mýtus,mýtu,mýtu,mýtus,mýte,mýtu,mýtem,mýty,mýtů,mýtům,mýty,mýty,mýtech,mýty
věznice,prison,f,false,růže,A2,"places,v_place",věznice,věznice,věznici,věznici,věznice,věznici,věznicí,věznice,věznic,věznicím,věznice,věznice,věznicích,věznicemi
fenomén,phenomenon,m,false,hrad,B1,"misc,abstract",fenomén,fenoménu,fenoménu,fenomén,fenoméne,fenoménu,fenoménem,fenomény,fenoménů,fenoménům,fenomény,fenomény,fenoménech,fenomény
tekutina,liquid,f,false,žena,A2,"misc,abstract",tekutina,tekutiny,tekutině,tekutinu,tekutino,tekutině,tekutinou,tekutiny,tekutin,tekutinám,tekutiny,tekutiny,tekutinách,tekutinami
přeprava,transport,f,false,žena,A2,"misc,abstract",přeprava,přepravy,přepravě,přepravu,přepravo,přepravě,přepravou,přepravy,přeprav,přepravám,přepravy,přepravy,přepravách,přepravami
vrch,hill,m,false,hrad,A2,"nature,places,na_place",vrch,vrchu,vrchu,vrch,vrchu,vrchu,vrchem,vrchy,vrchů,vrchům,vrchy,vrchy,vrších,vrchy
lev,lion,m,true,pán,A2,animals,lev,lva,lvu,lva,lve,lvu,lvem,lvi,lvů,lvům,lvy,lvi,lvech,lvy
křik,shouting,m,false,hrad,A2,"misc,abstract",křik,křiku,křiku,křik,křiku,křiku,křikem,křiky,křiků,křikům,křiky,křiky,křicích,křiky
legislativa,legislation,f,false,žena,B1,"misc,abstract",legislativa,legislativy,legislativě,legislativu,legislativo,legislativě,legislativou,legislativy,legislativ,legislativám,legislativy,legislativy,legislativách,legislativami
těleso,body,n,false,město,A2,"misc,abstract",těleso,tělesa,tělesu,těleso,těleso,tělesu,tělesem,tělesa,těles,tělesům,tělesa,tělesa,tělesech,tělesy
prsten,ring,m,false,hrad,A2,"objects,portable",prsten,prstenu,prstenu,prsten,prstene,prstenu,prstenem,prsteny,prstenů,prstenům,prsteny,prsteny,prstenech,prsteny
propojení,connection,n,false,stavení,B1,"misc,abstract",propojení,propojení,propojení,propojení,propojení,propojení,propojením,propojení,propojení,propojením,propojení,propojení,propojeních,propojeními
kongres,congress,m,false,hrad,B1,"misc,abstract",kongres,kongresu,kongresu,kongres,kongrese,kongrese,kongresem,kongresy,kongresů,kongresům,kongresy,kongresy,kongresech,kongresy
popel,ash,m,false,hrad,A2,"misc,abstract",popel,popelu,popelu,popel,popele,popelu,popelem,popely,popelů,popelům,popely,popely,popelech,popely
hnízdo,nest,n,false,město,A2,"misc,abstract",hnízdo,hnízda,hnízdu,hnízdo,hnízdo,hnízdě,hnízdem,hnízda,hnízd,hnízdům,hnízda,hnízda,hnízdech,hnízdy
beton,concrete,m,false,hrad,A2,"misc,abstract",beton,betonu,betonu,beton,betone,betoně,betonem,betony,betonů,betonům,betony,betony,betonech,betony
přesun,transfer,m,false,hrad,A2,"misc,abstract",přesun,přesunu,přesunu,přesun,přesune,přesunu,přesunem,přesuny,přesunů,přesunům,přesuny,přesuny,přesunech,přesuny
distribuce,distribution,f,false,růže,B1,"misc,abstract",distribuce,distribuce,distribuci,distribuci,distribuce,distribuci,distribucí,distribuce,distribucí,distribucím,distribuce,distribuce,distribucích,distribucemi
zastavení,stop,n,false,stavení,A2,"misc,abstract",zastavení,zastavení,zastavení,zastavení,zastavení,zastavení,zastavením,zastavení,zastavení,zastavením,zastavení,zastavení,zastaveních,zastaveními
obočí,eyebrow,n,false,stavení,A2,body,obočí,obočí,obočí,obočí,obočí,obočí,obočím,obočí,obočí,obočím,obočí,obočí,obočích,obočími
horko,heat,n,false,město,A2,"nature,weather",horko,horka,horku,horko,horko,horku,horkem,horka,hork,horkům,horka,horka,horkách,horky
ropa,oil,f,false,žena,B1,"misc,abstract",ropa,ropy,ropě,ropu,ropo,ropě,ropou,ropy,rop,ropám,ropy,ropy,ropách,ropami
odstín,shade,m,false,hrad,A2,"misc,abstract",odstín,odstínu,odstínu,odstín,odstíne,odstínu,odstínem,odstíny,odstínů,odstínům,odstíny,odstíny,odstínech,odstíny
pach,stench,m,false,hrad,A2,"misc,abstract",pach,pachu,pachu,pach,pachu,pachu,pachem,pachy,pachů,pachům,pachy,pachy,paších,pachy
kytara,guitar,f,false,žena,A2,"misc,abstract",kytara,kytary,kytaře,kytaru,kytaro,kytaře,kytarou,kytary,kytar,kytarám,kytary,kytary,kytarách,kytarami
pouto,bond,n,false,město,A2,"misc,abstract",pouto,pouta,poutu,pouto,pouto,poutu,poutem,pouta,pout,poutům,pouta,pouta,poutech,pouty
katalog,catalogue,m,false,hrad,A2,"objects,readable,portable",katalog,katalogu,katalogu,katalog,katalogu,katalogu,katalogem,katalogy,katalogů,katalogům,katalogy,katalogy,katalozích,katalogy
skladatel,composer,m,true,muž,A2,"misc,abstract",skladatel,skladatele,skladateli,skladatele,skladateli,skladateli,skladatelem,skladatelé,skladatelů,skladatelům,skladatele,skladatelé,skladatelích,skladateli
medvěd,bear,m,true,pán,A2,animals,medvěd,medvěda,medvědovi,medvěda,medvěde,medvědovi,medvědem,medvědové,medvědů,medvědům,medvědy,medvědové,medvědech,medvědy
železo,iron,n,false,město,A2,"misc,abstract",železo,železa,železu,železo,železo,železe,železem,železa,želez,železům,železa,železa,železech,železy
cestování,travelling,n,false,stavení,A2,"misc,abstract",cestování,cestování,cestování,cestování,cestování,cestování,cestováním,cestování,cestování,cestováním,cestování,cestování,cestováních,cestováními
zákrok,intervention,m,false,hrad,A2,"misc,abstract",zákrok,zákroku,zákroku,zákrok,zákroku,zákroku,zákrokem,zákroky,zákroků,zákrokům,zákroky,zákroky,zákrocích,zákroky
popularita,popularity,f,false,žena,B1,"misc,abstract",popularita,popularity,popularitě,popularitu,popularito,popularitě,popularitou,popularity,popularit,popularitám,popularity,popularity,popularitách,popularitami
cibule,onion,f,false,růže,A2,food,cibule,cibule,cibuli,cibuli,cibule,cibuli,cibulí,cibule,cibulí,cibulím,cibule,cibule,cibulích,cibulemi
ostuda,scandal,f,false,žena,A2,"misc,abstract,feeling",ostuda,ostudy,ostudě,ostudu,ostudo,ostudě,ostudou,ostudy,ostud,ostudám,ostudy,ostudy,ostudách,ostudami
ovzduší,air,n,false,stavení,A2,"misc,abstract",ovzduší,ovzduší,ovzduší,ovzduší,ovzduší,ovzduší,ovzduším,ovzduší,ovzduší,ovzduším,ovzduší,ovzduší,ovzduších,ovzdušími
server,server,m,false,hrad,A2,"misc,abstract",server,serveru,serveru,server,servere,serveru,serverem,servery,serverů,serverům,servery,servery,serverech,servery
horečka,fever,f,false,žena,A2,abstract,horečka,horečky,horečce,horečku,horečko,horečce,horečkou,horečky,horeček,horečkám,horečky,horečky,horečkách,horečkami
šňůra,cord,f,false,žena,A2,"misc,abstract",šňůra,šňůry,šňůře,šňůru,šňůro,šňůře,šňůrou,šňůry,šňůr,šňůrám,šňůry,šňůry,šňůrách,šňůrami
pánbůh,God,m,true,pán,A2,"misc,abstract",pánbůh,pánaboha,pánubohu,pánaboha,panebože,pánubohu,pánembohem,,,,,,,
průvod,parade,m,false,hrad,A2,"misc,abstract",průvod,průvodu,průvodu,průvod,průvode,průvodě,průvodem,průvody,průvodů,průvodům,průvody,průvody,průvodech,průvody
bída,poverty,f,false,žena,B1,"misc,abstract",bída,bídy,bídě,bídu,bído,bídě,bídou,bídy,běd,bídám,bídy,bídy,bídách,bídami
šampionát,championship,m,false,hrad,B2,"misc,event,gathering",šampionát,šampionátu,šampionátu,šampionát,šampionáte,šampionátě,šampionátem,šampionáty,šampionátů,šampionátům,šampionáty,šampionáty,šampionátech,šampionáty
záhada,mystery,f,false,žena,A2,"misc,abstract",záhada,záhady,záhadě,záhadu,záhado,záhadě,záhadou,záhady,záhad,záhadám,záhady,záhady,záhadách,záhadami
žíla,vein,f,false,žena,A2,body,žíla,žíly,žíle,žílu,žílo,žíle,žílou,žíly,žil,žílám,žíly,žíly,žílách,žílami
připojení,connection,n,false,stavení,A2,"misc,abstract",připojení,připojení,připojení,připojení,připojení,připojení,připojením,připojení,připojení,připojením,připojení,připojení,připojeních,připojeními
čekání,waiting,n,false,stavení,A2,"misc,abstract",čekání,čekání,čekání,čekání,čekání,čekání,čekáním,čekání,čekání,čekáním,čekání,čekání,čekáních,čekáními
kostým,costume,m,false,hrad,B1,"misc,abstract,clothing,portable,objects",kostým,kostýmu,kostýmu,kostým,kostýme,kostýmu,kostýmem,kostýmy,kostýmů,kostýmům,kostýmy,kostýmy,kostýmech,kostýmy
sluchátko,earphone,n,false,město,A2,"objects,portable",sluchátko,sluchátka,sluchátku,sluchátko,sluchátko,sluchátku,sluchátkem,sluchátka,sluchátek,sluchátkům,sluchátka,sluchátka,sluchátkách,sluchátky
knedlík,dumpling,m,false,hrad,A2,"food,sliceable",knedlík,knedlíku,knedlíku,knedlík,knedlíku,knedlíku,knedlíkem,knedlíky,knedlíků,knedlíkům,knedlíky,knedlíky,knedlících,knedlíky
buchta,cake,f,false,žena,A2,"food,sliceable",buchta,buchty,buchtě,buchtu,buchto,buchtě,buchtou,buchty,buchet,buchtám,buchty,buchty,buchtách,buchtami
analytik,analyst,m,true,pán,B1,"misc,profession",analytik,analytika,analytikovi,analytika,analytiku,analytikovi,analytikem,analytici,analytiků,analytikům,analytiky,analytici,analyticích,analytiky
člun,boat,m,false,hrad,A2,transportation,člun,člunu,člunu,člun,člune,člunu,člunem,čluny,člunů,člunům,čluny,čluny,člunech,čluny
tušení,feeling,n,false,stavení,A2,"misc,abstract",tušení,tušení,tušení,tušení,tušení,tušení,tušením,tušení,tušení,tušením,tušení,tušení,tušeních,tušeními
příhoda,event,f,false,žena,A2,"misc,abstract",příhoda,příhody,příhodě,příhodu,příhodo,příhodě,příhodou,příhody,příhod,příhodám,příhody,příhody,příhodách,příhodami
automat,machine,m,false,hrad,A2,objects,automat,automatu,automatu,automat,automate,automatě,automatem,automaty,automatů,automatům,automaty,automaty,automatech,automaty
prohra,loss,f,false,žena,A2,"misc,abstract",prohra,prohry,prohře,prohru,prohro,prohře,prohrou,prohry,proher,prohrám,prohry,prohry,prohrách,prohrami
spaní,sleep,n,false,stavení,A2,"misc,abstract",spaní,spaní,spaní,spaní,spaní,spaní,spaním,spaní,spaní,spaním,spaní,spaní,spaních,spaními
pohotovost,emergency,f,false,kost,A2,"misc,abstract",pohotovost,pohotovosti,pohotovosti,pohotovost,pohotovosti,pohotovosti,pohotovostí,pohotovosti,pohotovostí,pohotovostem,pohotovosti,pohotovosti,pohotovostech,pohotovostmi
klec,cage,f,false,píseň,A2,objects,klec,klece,kleci,klec,kleci,kleci,klecí,klece,klecí,klecím,klece,klece,klecích,klecemi
stříbro,silver,n,false,město,A2,"misc,abstract",stříbro,stříbra,stříbru,stříbro,stříbro,stříbru,stříbrem,stříbra,stříber,stříbrům,stříbra,stříbra,stříbrech,stříbry
tvor,creature,m,true,pán,A2,"misc,abstract",tvor,tvora,tvorovi,tvora,tvore,tvorovi,tvorem,tvorové,tvorů,tvorům,tvory,tvorové,tvorech,tvory
vlákno,fibre,n,false,město,A2,"misc,abstract",vlákno,vlákna,vláknu,vlákno,vlákno,vlákně,vláknem,vlákna,vláken,vláknům,vlákna,vlákna,vláknech,vlákny
půle,half,f,false,růže,A2,"misc,abstract",půle,půle,půli,půli,půle,půli,půlí,půle,půlí,půlím,půle,půle,půlích,půlemi
hruď,chest,f,false,píseň,A2,body,hruď,hrudě,hrudi,hruď,hrudi,hrudi,hrudí,hrudě,hrudí,hrudím,hrudě,hrudě,hrudích,hruděmi
jeskyně,cave,f,false,růže,A2,"nature,places,v_place",jeskyně,jeskyně,jeskyni,jeskyni,jeskyně,jeskyni,jeskyní,jeskyně,jeskyní,jeskyním,jeskyně,jeskyně,jeskyních,jeskyněmi
ocas,tail,m,false,hrad,A2,body,ocas,ocasu,ocasu,ocas,ocase,ocase,ocasem,ocasy,ocasů,ocasům,ocasy,ocasy,ocasech,ocasy
dort,cake,m,false,hrad,A2,"food,sliceable",dort,dortu,dortu,dort,dorte,dortě,dortem,dorty,dortů,dortům,dorty,dorty,dortech,dorty
burza,stock market,f,false,žena,B1,"places,v_place",burza,burzy,burze,burzu,burzo,burze,burzou,burzy,burz,burzám,burzy,burzy,burzách,burzami
těsto,dough,n,false,město,A2,"food,weighable,sliceable",těsto,těsta,těstu,těsto,těsto,těstě,těstem,těsta,těst,těstům,těsta,těsta,těstech,těsty
stráž,guard,f,false,píseň,A2,"misc,abstract",stráž,stráže,stráži,stráž,stráži,stráži,stráží,stráže,stráží,strážím,stráže,stráže,strážích,strážemi
absence,absence,f,false,růže,B1,"misc,abstract",absence,absence,absenci,absenci,absence,absenci,absencí,absence,absencí,absencím,absence,absence,absencích,absencemi
rakovina,cancer,f,false,žena,A2,"misc,abstract",rakovina,rakoviny,rakovině,rakovinu,rakovino,rakovině,rakovinou,rakoviny,rakovin,rakovinám,rakoviny,rakoviny,rakovinách,rakovinami
zřízení,establishment,n,false,stavení,A2,"misc,abstract",zřízení,zřízení,zřízení,zřízení,zřízení,zřízení,zřízením,zřízení,zřízení,zřízením,zřízení,zřízení,zřízeních,zřízeními
propast,gap,f,false,kost,A2,"misc,abstract",propast,propasti,propasti,propast,propasti,propasti,propastí,propasti,propastí,propastem,propasti,propasti,propastech,propastmi
dovoz,import,m,false,hrad,A2,"misc,abstract",dovoz,dovozu,dovozu,dovoz,dovoze,dovozu,dovozem,dovozy,dovozů,dovozům,dovozy,dovozy,dovozech,dovozy
oblak,cloud,m,false,hrad,A2,"nature,weather",oblak,oblaku,oblaku,oblak,oblaku,oblaku,oblakem,oblaky,oblaků,oblakům,oblaky,oblaky,oblacích,oblaky
spotřebitel,consumer,m,true,muž,B1,"misc,abstract",spotřebitel,spotřebitele,spotřebiteli,spotřebitele,spotřebiteli,spotřebiteli,spotřebitelem,spotřebitelé,spotřebitelů,spotřebitelům,spotřebitele,spotřebitelé,spotřebitelích,spotřebiteli
stařec,old man,m,true,muž,A2,"misc,people",stařec,starce,starci,starce,starče,starci,starcem,starci,starců,starcům,starce,starci,starcích,starci
modlitba,prayer,f,false,žena,A2,"misc,abstract",modlitba,modlitby,modlitbě,modlitbu,modlitbo,modlitbě,modlitbou,modlitby,modliteb,modlitbám,modlitby,modlitby,modlitbách,modlitbami
spekulace,speculation,f,false,růže,B1,"misc,abstract",spekulace,spekulace,spekulaci,spekulaci,spekulace,spekulaci,spekulací,spekulace,spekulací,spekulacím,spekulace,spekulace,spekulacích,spekulacemi
zeleň,verdure,f,false,píseň,A2,"misc,abstract",zeleň,zeleně,zeleni,zeleň,zeleni,zeleni,zelení,zeleně,zelení,zelením,zeleně,zeleně,zeleních,zeleněmi
pozvání,invitation,n,false,stavení,A2,"misc,abstract",pozvání,pozvání,pozvání,pozvání,pozvání,pozvání,pozváním,pozvání,pozvání,pozváním,pozvání,pozvání,pozváních,pozváními
výplata,payment,f,false,žena,A2,"misc,abstract",výplata,výplaty,výplatě,výplatu,výplato,výplatě,výplatou,výplaty,výplat,výplatám,výplaty,výplaty,výplatách,výplatami
zatáčka,turn,f,false,žena,A2,"misc,abstract",zatáčka,zatáčky,zatáčce,zatáčku,zatáčko,zatáčce,zatáčkou,zatáčky,zatáček,zatáčkám,zatáčky,zatáčky,zatáčkách,zatáčkami
libra,pound,f,false,žena,A2,"misc,abstract",libra,libry,libře,libru,libro,libře,librou,libry,liber,librám,libry,libry,librách,librami
lebka,skull,f,false,žena,A2,body,lebka,lebky,lebce,lebku,lebko,lebce,lebkou,lebky,lebek,lebkám,lebky,lebky,lebkách,lebkami
živočich,animal,m,true,pán,B1,animals,živočich,živočicha,živočichovi,živočicha,živočichu,živočichovi,živočichem,živočichové,živočichů,živočichům,živočichy,živočichové,živočiších,živočichy
nahrávka,record,f,false,žena,A2,"misc,abstract",nahrávka,nahrávky,nahrávce,nahrávku,nahrávko,nahrávce,nahrávkou,nahrávky,nahrávek,nahrávkám,nahrávky,nahrávky,nahrávkách,nahrávkami
milovník,lover,m,true,pán,A2,"misc,people",milovník,milovníka,milovníkovi,milovníka,milovníku,milovníkovi,milovníkem,milovníci,milovníků,milovníkům,milovníky,milovníci,milovnících,milovníky
porozumění,understanding,n,false,stavení,B1,"misc,abstract",porozumění,porozumění,porozumění,porozumění,porozumění,porozumění,porozuměním,porozumění,porozumění,porozuměním,porozumění,porozumění,porozuměních,porozuměními
trubka,trumpet,f,false,žena,A2,objects,trubka,trubky,trubce,trubku,trubko,trubce,trubkou,trubky,trubek,trubkám,trubky,trubky,trubkách,trubkami
filozof,philosopher,m,true,pán,B1,"misc,abstract",filozof,filozofa,filozofovi,filozofa,filozofe,filozofovi,filozofem,filozofové,filozofů,filozofům,filozofy,filozofové,filozofech,filozofy
šperk,jewel,m,false,hrad,A2,"misc,abstract",šperk,šperku,šperku,šperk,šperku,šperku,šperkem,šperky,šperků,šperkům,šperky,šperky,špercích,šperky
hmyz,insect,m,false,hrad,A2,animals,hmyz,hmyzu,hmyzu,hmyz,hmyze,hmyzu,hmyzem,hmyzy,hmyzů,hmyzům,hmyzy,hmyzy,hmyzech,hmyzy
členství,membership,n,false,stavení,B1,abstract,členství,členství,členství,členství,členství,členství,členstvím,členství,členství,členstvím,členství,členství,členstvích,členstvími
lídr,leader,m,true,pán,A2,"misc,people",lídr,lídra,lídrovi,lídra,lídře,lídrovi,lídrem,lídři,lídrů,lídrům,lídry,lídři,lídrech,lídry
nuda,boredom,f,false,žena,A2,"misc,abstract,feeling",nuda,nudy,nudě,nudu,nudo,nudě,nudou,nudy,nud,nudám,nudy,nudy,nudách,nudami
povídka,(short) story,f,false,žena,B1,"misc,abstract",povídka,povídky,povídce,povídku,povídko,povídce,povídkou,povídky,povídek,povídkám,povídky,povídky,povídkách,povídkami
menšina,minority,f,false,žena,B1,"misc,abstract",menšina,menšiny,menšině,menšinu,menšino,menšině,menšinou,menšiny,menšin,menšinám,menšiny,menšiny,menšinách,menšinami
autorka,(female) author,f,false,žena,A2,"misc,people",autorka,autorky,autorce,autorku,autorko,autorce,autorkou,autorky,autorek,autorkám,autorky,autorky,autorkách,autorkami
salon,salon,m,false,hrad,A2,"misc,abstract",salon,salonu,salonu,salon,salone,saloně,salonem,salony,salonů,salonům,salony,salony,salonech,salony
působnost,activity,f,false,kost,B1,"misc,abstract",působnost,působnosti,působnosti,působnost,působnosti,působnosti,působností,působnosti,působností,působnostem,působnosti,působnosti,působnostech,působnostmi
transakce,transaction,f,false,růže,A2,"misc,abstract",transakce,transakce,transakci,transakci,transakce,transakci,transakcí,transakce,transakcí,transakcím,transakce,transakce,transakcích,transakcemi
sako,jacket,n,false,město,A2,"objects,clothing,portable",sako,saka,saku,sako,sako,saku,sakem,saka,sak,sakům,saka,saka,sakách,saky
kompetence,competence,f,false,růže,B1,"misc,abstract",kompetence,kompetence,kompetenci,kompetenci,kompetence,kompetenci,kompetencí,kompetence,kompetencí,kompetencím,kompetence,kompetence,kompetencích,kompetencemi
meč,sword,m,false,stroj,A2,objects,meč,meče,meči,meč,meči,meči,mečem,meče,mečů,mečům,meče,meče,mečích,meči
princezna,princess,f,false,žena,B1,"misc,people",princezna,princezny,princezně,princeznu,princezno,princezně,princeznou,princezny,princezen,princeznám,princezny,princezny,princeznách,princeznami
skříňka,box,f,false,žena,A2,objects,skříňka,skříňky,skříňce,skříňku,skříňko,skříňce,skříňkou,skříňky,skříněk,skříňkám,skříňky,skříňky,skříňkách,skříňkami
spokojenost,satisfaction,f,false,kost,B1,"misc,abstract,feeling",spokojenost,spokojenosti,spokojenosti,spokojenost,spokojenosti,spokojenosti,spokojeností,spokojenosti,spokojeností,spokojenostem,spokojenosti,spokojenosti,spokojenostech,spokojenostmi
pozorovatel,observer,m,true,muž,A2,"misc,abstract",pozorovatel,pozorovatele,pozorovateli,pozorovatele,pozorovateli,pozorovateli,pozorovatelem,pozorovatelé,pozorovatelů,pozorovatelům,pozorovatele,pozorovatelé,pozorovatelích,pozorovateli
vyrovnání,compensation,n,false,stavení,B1,"misc,abstract",vyrovnání,vyrovnání,vyrovnání,vyrovnání,vyrovnání,vyrovnání,vyrovnáním,vyrovnání,vyrovnání,vyrovnáním,vyrovnání,vyrovnání,vyrovnáních,vyrovnáními
malba,painting,f,false,žena,A2,"misc,abstract",malba,malby,malbě,malbu,malbo,malbě,malbou,malby,maleb,malbám,malby,malby,malbách,malbami
identita,identity,f,false,žena,B1,"misc,abstract",identita,identity,identitě,identitu,identito,identitě,identitou,identity,identit,identitám,identity,identity,identitách,identitami
cédéčko,CD,n,false,město,A2,"misc,abstract",cédéčko,cédéčka,cédéčku,cédéčko,cédéčko,cédéčku,cédéčkem,cédéčka,cédéček,cédéčkům,cédéčka,cédéčka,cédéčkách,cédéčky
kód,code,m,false,hrad,B1,"misc,abstract,readable",kód,kódu,kódu,kód,kóde,kódu,kódem,kódy,kódů,kódům,kódy,kódy,kódech,kódy
hněv,anger,m,false,hrad,A2,"misc,abstract,feeling",hněv,hněvu,hněvu,hněv,hněve,hněvu,hněvem,hněvy,hněvů,hněvům,hněvy,hněvy,hněvech,hněvy
ďábel,devil,m,true,pán,A2,"misc,abstract",ďábel,ďábla,ďáblovi,ďábla,ďáble,ďáblovi,ďáblem,ďáblové,ďáblů,ďáblům,ďábly,ďáblové,ďáblech,ďábly
hloupost,nonsense,f,false,kost,A2,"misc,abstract",hloupost,hlouposti,hlouposti,hloupost,hlouposti,hlouposti,hloupostí,hlouposti,hloupostí,hloupostem,hlouposti,hlouposti,hloupostech,hloupostmi
cela,cell,f,false,žena,A2,"misc,abstract",cela,cely,cele,celu,celo,cele,celou,cely,cel,celám,cely,cely,celách,celami
sjezd,meeting,m,false,hrad,A2,"misc,event,gathering",sjezd,sjezdu,sjezdu,sjezd,sjezde,sjezdě,sjezdem,sjezdy,sjezdů,sjezdům,sjezdy,sjezdy,sjezdech,sjezdy
maturita,school-leaving examination,f,false,žena,A2,"misc,event,gathering,quiet_event",maturita,maturity,maturitě,maturitu,maturito,maturitě,maturitou,maturity,maturit,maturitám,maturity,maturity,maturitách,maturitami
kilogram,kilogram,m,false,hrad,A2,"misc,abstract",kilogram,kilogramu,kilogramu,kilogram,kilograme,kilogramu,kilogramem,kilogramy,kilogramů,kilogramům,kilogramy,kilogramy,kilogramech,kilogramy
řízek,schnitzel,m,false,hrad,A2,food,řízek,řízku,řízku,řízek,řízku,řízku,řízkem,řízky,řízků,řízkům,řízky,řízky,řízcích,řízky
trik,trick,m,false,hrad,A2,"misc,abstract",trik,triku,triku,trik,triku,triku,trikem,triky,triků,trikům,triky,triky,tricích,triky
prodejce,salesperson,m,true,soudce,A2,"misc,people",prodejce,prodejce,prodejci,prodejce,prodejce,prodejci,prodejcem,prodejci,prodejců,prodejcům,prodejce,prodejci,prodejcích,prodejci
minus,minus,m,false,hrad,A2,"misc,abstract",minus,minusu,minusu,minus,minuse,minusu,minusem,minusy,minusů,minusům,minusy,minusy,minusech,minusy
baterka,battery,f,false,žena,A2,"misc,abstract",baterka,baterky,baterce,baterku,baterko,baterce,baterkou,baterky,baterek,baterkám,baterky,baterky,baterkách,baterkami
kamión,lorry,m,false,hrad,A2,"misc,abstract,transportation,vehicle",kamión,kamiónu,kamiónu,kamión,kamióne,kamióně,kamiónem,kamióny,kamiónů,kamiónům,kamióny,kamióny,kamiónech,kamióny
úkor,(at the) expense,m,false,hrad,A2,"misc,abstract",úkor,úkoru,úkoru,úkor,úkore,úkoru,úkorem,úkory,úkorů,úkorům,úkory,úkory,úkorech,úkory
kabel,cable,m,false,hrad,A2,"misc,abstract",kabel,kabelu,kabelu,kabel,kabele,kabelu,kabelem,kabely,kabelů,kabelům,kabely,kabely,kabelech,kabely
směrnice,directive,f,false,růže,A2,"misc,abstract",směrnice,směrnice,směrnici,směrnici,směrnice,směrnici,směrnicí,směrnice,směrnic,směrnicím,směrnice,směrnice,směrnicích,směrnicemi
past,trap,f,false,kost,A2,"misc,abstract",past,pasti,pasti,past,pasti,pasti,pastí,pasti,pastí,pastem,pasti,pasti,pastech,pastmi
chlad,chill,m,false,hrad,A2,"nature,weather",chlad,chladu,chladu,chlad,chlade,chladu,chladem,chlady,chladů,chladům,chlady,chlady,chladech,chlady
pětka,(number) five,f,false,žena,A2,"misc,abstract",pětka,pětky,pětce,pětku,pětko,pětce,pětkou,pětky,pětek,pětkám,pětky,pětky,pětkách,pětkami
dobytek,livestock,m,false,hrad,A2,"misc,abstract",dobytek,dobytka,dobytku,dobytek,dobytku,dobytku,dobytkem,dobytky,dobytků,dobytkům,dobytky,dobytky,dobytcích,dobytky
konkurent,competitor,m,true,pán,B1,"misc,people",konkurent,konkurenta,konkurentovi,konkurenta,konkurente,konkurentovi,konkurentem,konkurenti,konkurentů,konkurentům,konkurenty,konkurenti,konkurentech,konkurenty
ponožka,sock,f,false,žena,A2,"objects,clothing,portable",ponožka,ponožky,ponožce,ponožku,ponožko,ponožce,ponožkou,ponožky,ponožek,ponožkám,ponožky,ponožky,ponožkách,ponožkami
horizont,horizon,m,false,hrad,A2,"misc,abstract",horizont,horizontu,horizontu,horizont,horizonte,horizontě,horizontem,horizonty,horizontů,horizontům,horizonty,horizonty,horizontech,horizonty
sucho,drought,n,false,město,B1,"misc,abstract,weather,nature",sucho,sucha,suchu,sucho,sucho,suchu,suchem,sucha,such,suchům,sucha,sucha,suchách,suchy
koncept,concept,m,false,hrad,B1,"misc,abstract",koncept,konceptu,konceptu,koncept,koncepte,konceptu,konceptem,koncepty,konceptů,konceptům,koncepty,koncepty,konceptech,koncepty
zajímavost,interesting point,f,false,kost,A2,"misc,abstract",zajímavost,zajímavosti,zajímavosti,zajímavost,zajímavosti,zajímavosti,zajímavostí,zajímavosti,zajímavostí,zajímavostem,zajímavosti,zajímavosti,zajímavostech,zajímavostmi
páska,tape,f,false,žena,A2,objects,páska,pásky,pásce,pásku,pásko,pásce,páskou,pásky,pásek,páskám,pásky,pásky,páskách,páskami
paráda,pomp,f,false,žena,A2,"misc,abstract",paráda,parády,parádě,parádu,parádo,parádě,parádou,parády,parád,parádám,parády,parády,parádách,parádami
chodec,pedestrian,m,true,muž,A2,"misc,abstract",chodec,chodce,chodci,chodce,chodče,chodci,chodcem,chodci,chodců,chodcům,chodce,chodci,chodcích,chodci
prodloužení,extra time,n,false,stavení,A2,"misc,abstract",prodloužení,prodloužení,prodloužení,prodloužení,prodloužení,prodloužení,prodloužením,prodloužení,prodloužení,prodloužením,prodloužení,prodloužení,prodlouženích,prodlouženími
federace,federation,f,false,růže,B1,"misc,abstract",federace,federace,federaci,federaci,federace,federaci,federací,federace,federací,federacím,federace,federace,federacích,federacemi
ocel,steel,f,false,píseň,A2,"misc,abstract",ocel,ocele,oceli,ocel,oceli,oceli,ocelí,ocele,ocelí,ocelím,ocele,ocele,ocelích,ocelemi
sprcha,shower,f,false,žena,A2,objects,sprcha,sprchy,sprše,sprchu,sprcho,sprše,sprchou,sprchy,sprch,sprchám,sprchy,sprchy,sprchách,sprchami
uchazeč,applicant,m,true,muž,A2,"misc,people",uchazeč,uchazeče,uchazeči,uchazeče,uchazeči,uchazeči,uchazečem,uchazeči,uchazečů,uchazečům,uchazeče,uchazeči,uchazečích,uchazeči
bydliště,place of residence,n,false,moře,B1,"places,v_place",bydliště,bydliště,bydlišti,bydliště,bydliště,bydlišti,bydlištěm,bydliště,bydlišť,bydlištím,bydliště,bydliště,bydlištích,bydlišti
kuchyň,kitchen,f,false,píseň,B1,"places,v_place",kuchyň,kuchyně,kuchyni,kuchyň,kuchyni,kuchyni,kuchyní,kuchyně,kuchyní,kuchyním,kuchyně,kuchyně,kuchyních,kuchyněmi
občanství,citizenship,n,false,stavení,B1,abstract,občanství,občanství,občanství,občanství,občanství,občanství,občanstvím,občanství,občanství,občanstvím,občanství,občanství,občanstvích,občanstvími
oslovení,form of address,n,false,stavení,B1,objects,oslovení,oslovení,oslovení,oslovení,oslovení,oslovení,oslovením,oslovení,oslovení,oslovením,oslovení,oslovení,osloveních,osloveními
sourozenec,sibling,m,true,muž,B1,family,sourozenec,sourozence,sourozenci,sourozence,sourozenče,sourozenci,sourozencem,sourozenci,sourozenců,sourozencům,sourozence,sourozenci,sourozencích,sourozenci
tykání,using ty with someone,n,false,stavení,B1,"misc,abstract",tykání,tykání,tykání,tykání,tykání,tykání,tykáním,tykání,tykání,tykáním,tykání,tykání,tykáních,tykáními
vízum,visa,n,false,město,B1,"misc,abstract",vízum,víza,vízu,vízum,vízum,vízu,vízem,víza,víz,vízům,víza,víza,vízech,vízy
vykání,using vy with someone,n,false,stavení,B1,"misc,abstract",vykání,vykání,vykání,vykání,vykání,vykání,vykáním,vykání,vykání,vykáním,vykání,vykání,vykáních,vykáními
prarodič,grandparent,m,true,muž,B1,family,prarodič,prarodiče,prarodiči,prarodiče,prarodiči,prarodiči,prarodičem,prarodiče,prarodičů,prarodičům,prarodiče,prarodiče,prarodičích,prarodiči
stravenka,food coupon,f,false,žena,B1,"objects,portable",stravenka,stravenky,stravence,stravenku,stravenko,stravence,stravenkou,stravenky,stravenek,stravenkám,stravenky,stravenky,stravenkách,stravenkami
chalupář,chalupa-owner and -goer,m,true,muž,B1,"misc,people",chalupář,chalupáře,chalupáři,chalupáře,chalupáři,chalupáři,chalupářem,chalupáři,chalupářů,chalupářům,chalupáře,chalupáři,chalupářích,chalupáři
chatař,chata-owner and -goer,m,true,muž,B1,"misc,people",chatař,chataře,chataři,chataře,chataři,chataři,chatařem,chataři,chatařů,chatařům,chataře,chataři,chatařích,chataři
hausbót,house-boat,m,false,hrad,B1,"places,v_place",hausbót,hausbótu,hausbótu,hausbót,hausbóte,hausbótu,hausbótem,hausbóty,hausbótů,hausbótům,hausbóty,hausbóty,hausbótech,hausbóty
hypotéka,mortgage,f,false,žena,B1,"misc,abstract",hypotéka,hypotéky,hypotéce,hypotéku,hypotéko,hypotéce,hypotékou,hypotéky,hypoték,hypotékám,hypotéky,hypotéky,hypotékách,hypotékami
jachta,yacht,f,false,žena,B1,"misc,abstract,transportation,vehicle",jachta,jachty,jachtě,jachtu,jachto,jachtě,jachtou,jachty,jachet,jachtám,jachty,jachty,jachtách,jachtami
maják,light-house,m,false,hrad,B1,"places,na_place",maják,majáku,majáku,maják,majáku,majáku,majákem,majáky,majáků,majákům,majáky,majáky,majácích,majáky
makléř,(real-estate) broker,m,true,muž,B1,"misc,people",makléř,makléře,makléři,makléře,makléři,makléři,makléřem,makléři,makléřů,makléřům,makléře,makléři,makléřích,makléři
mrakodrap,skyscraper,m,false,hrad,B1,"places,v_place",mrakodrap,mrakodrapu,mrakodrapu,mrakodrap,mrakodrape,mrakodrapu,mrakodrapem,mrakodrapy,mrakodrapů,mrakodrapům,mrakodrapy,mrakodrapy,mrakodrapech,mrakodrapy
panelák,prefab apartment building,m,false,hrad,B1,"places,v_place",panelák,paneláku,paneláku,panelák,paneláku,paneláku,panelákem,paneláky,paneláků,panelákům,paneláky,paneláky,panelácích,paneláky
penzion,boarding-house,m,false,hrad,B1,"places,v_place",penzion,penzionu,penzionu,penzion,penzione,penzioně,penzionem,penziony,penzionů,penzionům,penziony,penziony,penzionech,penziony
pól,pole,m,false,hrad,B1,"misc,abstract",pól,pólu,pólu,pól,póle,pólu,pólem,póly,pólů,pólům,póly,póly,pólech,póly
squat,squat,m,false,hrad,B1,"places,v_place",squat,squatu,squatu,squat,squate,squatu,squatem,squaty,squatů,squatům,squaty,squaty,squatech,squaty
terasa,deck,f,false,žena,B1,"misc,abstract",terasa,terasy,terase,terasu,teraso,terase,terasou,terasy,teras,terasám,terasy,terasy,terasách,terasami
topení,heating,n,false,stavení,B1,"misc,abstract",topení,topení,topení,topení,topení,topení,topením,topení,topení,topením,topení,topení,topeních,topeními
vlk,wolf,m,true,pán,B1,animals,vlk,vlka,vlkovi,vlka,vlku,vlkovi,vlkem,vlci,vlků,vlkům,vlky,vlci,vlcích,vlky
cestopis,travel diary,m,false,hrad,B1,"misc,abstract",cestopis,cestopisu,cestopisu,cestopis,cestopise,cestopise,cestopisem,cestopisy,cestopisů,cestopisům,cestopisy,cestopisy,cestopisech,cestopisy
hrdinka,heroine,f,false,žena,B1,"misc,people",hrdinka,hrdinky,hrdince,hrdinku,hrdinko,hrdince,hrdinkou,hrdinky,hrdinek,hrdinkám,hrdinky,hrdinky,hrdinkách,hrdinkami
motorka,motorcycle,f,false,žena,B1,"misc,abstract,transportation,vehicle",motorka,motorky,motorce,motorku,motorko,motorce,motorkou,motorky,motorek,motorkám,motorky,motorky,motorkách,motorkami
slon,elephant,m,true,pán,B1,animals,slon,slona,slonovi,slona,slone,slonovi,slonem,sloni,slonů,slonům,slony,sloni,slonech,slony
velbloud,camel,m,true,pán,B1,animals,velbloud,velblouda,velbloudovi,velblouda,velbloude,velbloudovi,velbloudem,velbloudové,velbloudů,velbloudům,velbloudy,velbloudové,velbloudech,velbloudy
autoopravna,car-repair shop,f,false,žena,B1,"places,v_place",autoopravna,autoopravny,autoopravně,autoopravnu,autoopravno,autoopravně,autoopravnou,autoopravny,autoopraven,autoopravnám,autoopravny,autoopravny,autoopravnách,autoopravnami
koníček,hobby (lit. small horse),m,false,hrad,B1,"misc,abstract",koníček,koníčku,koníčku,koníček,koníčku,koníčku,koníčkem,koníčky,koníčků,koníčkům,koníčky,koníčky,koníčcích,koníčky
koza,goat,f,false,žena,B1,animals,koza,kozy,koze,kozu,kozo,koze,kozou,kozy,koz,kozám,kozy,kozy,kozách,kozami
pohovor,interview,m,false,hrad,B1,"misc,abstract",pohovor,pohovoru,pohovoru,pohovor,pohovore,pohovoru,pohovorem,pohovory,pohovorů,pohovorům,pohovory,pohovory,pohovorech,pohovory
velvyslanectví,embassy,n,false,stavení,B1,"misc,abstract",velvyslanectví,velvyslanectví,velvyslanectví,velvyslanectví,velvyslanectví,velvyslanectví,velvyslanectvím,velvyslanectví,velvyslanectví,velvyslanectvím,velvyslanectví,velvyslanectví,velvyslanectvích,velvyslanectvími
bankéř,banker,m,true,muž,B1,"misc,people,profession",bankéř,bankéře,bankéři,bankéře,bankéři,bankéři,bankéřem,bankéři,bankéřů,bankéřům,bankéře,bankéři,bankéřích,bankéři
bankéřka,banker,f,false,žena,B1,"misc,people",bankéřka,bankéřky,bankéřce,bankéřku,bankéřko,bankéřce,bankéřkou,bankéřky,bankéřek,bankéřkám,bankéřky,bankéřky,bankéřkách,bankéřkami
dělnice,(blue-collar) worker,f,false,růže,B1,"misc,people",dělnice,dělnice,dělnici,dělnici,dělnice,dělnici,dělnicí,dělnice,dělnic,dělnicím,dělnice,dělnice,dělnicích,dělnicemi
farmář,farmer,m,true,muž,B1,"misc,people,profession",farmář,farmáře,farmáři,farmáře,farmáři,farmáři,farmářem,farmáři,farmářů,farmářům,farmáře,farmáři,farmářích,farmáři
farmářka,farmer,f,false,žena,B1,"misc,people",farmářka,farmářky,farmářce,farmářku,farmářko,farmářce,farmářkou,farmářky,farmářek,farmářkám,farmářky,farmářky,farmářkách,farmářkami
hasička,fire-fighter,f,false,žena,B1,"misc,people",hasička,hasičky,hasičce,hasičku,hasičko,hasičce,hasičkou,hasičky,hasiček,hasičkám,hasičky,hasičky,hasičkách,hasičkami
historička,historian,f,false,žena,B1,"misc,abstract",historička,historičky,historičce,historičku,historičko,historičce,historičkou,historičky,historiček,historičkám,historičky,historičky,historičkách,historičkami
kosmonaut,astronaut,m,true,pán,B1,"misc,abstract",kosmonaut,kosmonauta,kosmonautovi,kosmonauta,kosmonaute,kosmonautovi,kosmonautem,kosmonauté,kosmonautů,kosmonautům,kosmonauty,kosmonauté,kosmonautech,kosmonauty
kosmonautka,astronaut,f,false,žena,B1,"misc,abstract",kosmonautka,kosmonautky,kosmonautce,kosmonautku,kosmonautko,kosmonautce,kosmonautkou,kosmonautky,kosmonautek,kosmonautkám,kosmonautky,kosmonautky,kosmonautkách,kosmonautkami
lékařka,doctor,f,false,žena,B1,"misc,people,profession",lékařka,lékařky,lékařce,lékařku,lékařko,lékařce,lékařkou,lékařky,lékařek,lékařkám,lékařky,lékařky,lékařkách,lékařkami
manažerka,manager,f,false,žena,B1,"misc,people,profession",manažerka,manažerky,manažerce,manažerku,manažerko,manažerce,manažerkou,manažerky,manažerek,manažerkám,manažerky,manažerky,manažerkách,manažerkami
modelka,model,f,false,žena,B1,"misc,profession",modelka,modelky,modelce,modelku,modelko,modelce,modelkou,modelky,modelek,modelkám,modelky,modelky,modelkách,modelkami
novinářka,journalist,f,false,žena,B1,"misc,people,profession",novinářka,novinářky,novinářce,novinářku,novinářko,novinářce,novinářkou,novinářky,novinářek,novinářkám,novinářky,novinářky,novinářkách,novinářkami
pilotka,pilot,f,false,žena,B1,"misc,abstract",pilotka,pilotky,pilotce,pilotku,pilotko,pilotce,pilotkou,pilotky,pilotek,pilotkám,pilotky,pilotky,pilotkách,pilotkami
policistka,police-officer,f,false,žena,B1,"misc,people",policistka,policistky,policistce,policistku,policistko,policistce,policistkou,policistky,policistek,policistkám,policistky,policistky,policistkách,policistkami
politička,politician,f,false,žena,B1,"misc,abstract",politička,političky,političce,političku,političko,političce,političkou,političky,političek,političkám,političky,političky,političkách,političkami
politolog,political scientist,m,true,pán,B1,"misc,people",politolog,politologa,politologovi,politologa,politologu,politologovi,politologem,politologové,politologů,politologům,politology,politologové,politolozích,politology
politoložka,political scientist,f,false,žena,B1,"misc,people",politoložka,politoložky,politoložce,politoložku,politoložko,politoložce,politoložkou,politoložky,politoložek,politoložkám,politoložky,politoložky,politoložkách,politoložkami
právnička,lawyer,f,false,žena,B1,"misc,people",právnička,právničky,právničce,právničku,právničko,právničce,právničkou,právničky,právniček,právničkám,právničky,právničky,právničkách,právničkami
prodavač,salesperson,m,true,muž,B1,"misc,people,profession",prodavač,prodavače,prodavači,prodavače,prodavači,prodavači,prodavačem,prodavači,prodavačů,prodavačům,prodavače,prodavači,prodavačích,prodavači
prodavačka,salesperson,f,false,žena,B1,"misc,people,profession",prodavačka,prodavačky,prodavačce,prodavačku,prodavačko,prodavačce,prodavačkou,prodavačky,prodavaček,prodavačkám,prodavačky,prodavačky,prodavačkách,prodavačkami
průvodkyně,guide,f,false,růže,B1,"misc,abstract",průvodkyně,průvodkyně,průvodkyni,průvodkyni,průvodkyně,průvodkyni,průvodkyní,průvodkyně,průvodkyní,průvodkyním,průvodkyně,průvodkyně,průvodkyních,průvodkyněmi
psycholožka,psychologist,f,false,žena,B1,"misc,abstract",psycholožka,psycholožky,psycholožce,psycholožku,psycholožko,psycholožce,psycholožkou,psycholožky,psycholožek,psycholožkám,psycholožky,psycholožky,psycholožkách,psycholožkami
soudkyně,judge,f,false,růže,B1,"misc,people",soudkyně,soudkyně,soudkyni,soudkyni,soudkyně,soudkyni,soudkyní,soudkyně,soudkyní,soudkyním,soudkyně,soudkyně,soudkyních,soudkyněmi
uklízeč,cleaner,m,true,muž,B1,"misc,profession",uklízeč,uklízeče,uklízeči,uklízeče,uklízeči,uklízeči,uklízečem,uklízeči,uklízečů,uklízečům,uklízeče,uklízeči,uklízečích,uklízeči
uklízečka,cleaner,f,false,žena,B1,"misc,abstract",uklízečka,uklízečky,uklízečce,uklízečku,uklízečko,uklízečce,uklízečkou,uklízečky,uklízeček,uklízečkám,uklízečky,uklízečky,uklízečkách,uklízečkami
umělkyně,artist,f,false,růže,B1,"misc,people",umělkyně,umělkyně,umělkyni,umělkyni,umělkyně,umělkyni,umělkyní,umělkyně,umělkyní,umělkyním,umělkyně,umělkyně,umělkyních,umělkyněmi
úřednice,bureaucrat,f,false,růže,B1,"misc,people",úřednice,úřednice,úřednici,úřednici,úřednice,úřednici,úřednicí,úřednice,úřednic,úřednicím,úřednice,úřednice,úřednicích,úřednicemi
vědkyně,scientist,f,false,růže,B1,"misc,people",vědkyně,vědkyně,vědkyni,vědkyni,vědkyně,vědkyni,vědkyní,vědkyně,vědkyní,vědkyním,vědkyně,vědkyně,vědkyních,vědkyněmi
veterinář,veterinarian,m,true,muž,B1,"misc,profession",veterinář,veterináře,veterináři,veterináře,veterináři,veterináři,veterinářem,veterináři,veterinářů,veterinářům,veterináře,veterináři,veterinářích,veterináři
veterinářka,veterinarian,f,false,žena,B1,"misc,profession",veterinářka,veterinářky,veterinářce,veterinářku,veterinářko,veterinářce,veterinářkou,veterinářky,veterinářek,veterinářkám,veterinářky,veterinářky,veterinářkách,veterinářkami
zemědělec,farmer,m,true,muž,B1,"misc,people",zemědělec,zemědělce,zemědělci,zemědělce,zemědělče,zemědělci,zemědělcem,zemědělci,zemědělců,zemědělcům,zemědělce,zemědělci,zemědělcích,zemědělci
gratulace,congratulations,f,false,růže,B1,"misc,event,gathering",gratulace,gratulace,gratulaci,gratulaci,gratulace,gratulaci,gratulací,gratulace,gratulací,gratulacím,gratulace,gratulace,gratulacích,gratulacemi
ilustrace,illustration,f,false,růže,B1,"misc,abstract",ilustrace,ilustrace,ilustraci,ilustraci,ilustrace,ilustraci,ilustrací,ilustrace,ilustrací,ilustracím,ilustrace,ilustrace,ilustracích,ilustracemi
krtek,mole,m,true,pán,B1,animals,krtek,krtka,krtkovi,krtka,krtku,krtkovi,krtkem,krtci,krtků,krtkům,krtky,krtci,krtcích,krtky
vousy,beard,m,false,hrad,B1,"misc,abstract,body",,,,,,,,vousy,vousů,vousům,vousy,vousy,vousech,vousy
zajíc,hare,m,true,muž,B1,animals,zajíc,zajíce,zajíci,zajíce,zajíci,zajíci,zajícem,zajíci,zajíců,zajícům,zajíce,zajíci,zajících,zajíci
zvířátko,small animal,n,false,město,B1,animals,zvířátko,zvířátka,zvířátku,zvířátko,zvířátko,zvířátku,zvířátkem,zvířátka,zvířátek,zvířátkům,zvířátka,zvířátka,zvířátkách,zvířátky
autíčko,toy car,n,false,město,B1,objects,autíčko,autíčka,autíčku,autíčko,autíčko,autíčku,autíčkem,autíčka,autíček,autíčkům,autíčka,autíčka,autíčkách,autíčky
čajník,tea-pot,m,false,hrad,B1,objects,čajník,čajníku,čajníku,čajník,čajníku,čajníku,čajníkem,čajníky,čajníků,čajníkům,čajníky,čajníky,čajnících,čajníky
čekárna,waiting-room,f,false,žena,B1,"places,v_place",čekárna,čekárny,čekárně,čekárnu,čekárno,čekárně,čekárnou,čekárny,čekáren,čekárnám,čekárny,čekárny,čekárnách,čekárnami
jehla,needle,f,false,žena,B1,"misc,abstract,objects,portable",jehla,jehly,jehle,jehlu,jehlo,jehle,jehlou,jehly,jehel,jehlám,jehly,jehly,jehlách,jehlami
knoflík,button,m,false,hrad,B1,"misc,abstract",knoflík,knoflíku,knoflíku,knoflík,knoflíku,knoflíku,knoflíkem,knoflíky,knoflíků,knoflíkům,knoflíky,knoflíky,knoflících,knoflíky
květináč,flower-pot,m,false,stroj,B1,objects,květináč,květináče,květináči,květináč,květináči,květináči,květináčem,květináče,květináčů,květináčům,květináče,květináče,květináčích,květináči
morče,guinea-pig,n,false,kuře,B1,animals,morče,morčete,morčeti,morče,morče,morčeti,morčetem,morčata,morčat,morčatům,morčata,morčata,morčatech,morčaty
lidé,people,m,true,pán,B1,"misc,abstract",,,,,,,,lidé,lidí,lidem,lidi,lidé,lidech,lidmi
motýl,butterfly,m,true,pán,B1,animals,motýl,motýla,motýlovi,motýla,motýle,motýlovi,motýlem,motýlové,motýlů,motýlům,motýly,motýlové,motýlech,motýly
mušle,seashell,f,false,růže,B1,nature,mušle,mušle,mušli,mušli,mušle,mušli,mušlí,mušle,mušlí,mušlím,mušle,mušle,mušlích,mušlemi
panenka,doll,f,false,žena,B1,"misc,abstract,objects,portable",panenka,panenky,panence,panenku,panenko,panence,panenkou,panenky,panenek,panenkám,panenky,panenky,panenkách,panenkami
pecka,pit,f,false,žena,B1,"misc,abstract",pecka,pecky,pecce,pecku,pecko,pecce,peckou,pecky,pecek,peckám,pecky,pecky,peckách,peckami
sběratel,collector,m,true,muž,B1,"misc,abstract",sběratel,sběratele,sběrateli,sběratele,sběrateli,sběrateli,sběratelem,sběratelé,sběratelů,sběratelům,sběratele,sběratelé,sběratelích,sběrateli
sběratelka,collector,f,false,žena,B1,"misc,abstract",sběratelka,sběratelky,sběratelce,sběratelku,sběratelko,sběratelce,sběratelkou,sběratelky,sběratelek,sběratelkám,sběratelky,sběratelky,sběratelkách,sběratelkami
suvenýr,souvenir,m,false,hrad,B1,"misc,abstract",suvenýr,suvenýru,suvenýru,suvenýr,suvenýre,suvenýru,suvenýrem,suvenýry,suvenýrů,suvenýrům,suvenýry,suvenýry,suvenýrech,suvenýry
špendlík,pin,m,false,hrad,B1,"misc,abstract",špendlík,špendlíku,špendlíku,špendlík,špendlíku,špendlíku,špendlíkem,špendlíky,špendlíků,špendlíkům,špendlíky,špendlíky,špendlících,špendlíky
váza,vase,f,false,žena,B1,objects,váza,vázy,váze,vázu,vázo,váze,vázou,vázy,váz,vázám,vázy,vázy,vázách,vázami
biskup,bishop,m,true,pán,B1,"misc,people",biskup,biskupa,biskupovi,biskupa,biskupe,biskupovi,biskupem,biskupové,biskupů,biskupům,biskupy,biskupové,biskupech,biskupy
křesťan,Christian,m,true,pán,B1,"misc,abstract",křesťan,křesťana,křesťanovi,křesťana,křesťane,křesťanovi,křesťanem,křesťané,křesťanů,křesťanům,křesťany,křesťané,křesťanech,křesťany
kytice,flower,f,false,růže,B1,"nature,flora",kytice,kytice,kytici,kytici,kytice,kytici,kyticí,kytice,kytic,kyticím,kytice,kytice,kyticích,kyticemi
ohňostroj,fireworks,m,false,stroj,B1,"misc,abstract",ohňostroj,ohňostroje,ohňostroji,ohňostroj,ohňostroji,ohňostroji,ohňostrojem,ohňostroje,ohňostrojů,ohňostrojům,ohňostroje,ohňostroje,ohňostrojích,ohňostroji
pálení,burning,n,false,stavení,B1,"misc,abstract",pálení,pálení,pálení,pálení,pálení,pálení,pálením,pálení,pálení,pálením,pálení,pálení,páleních,páleními
čarodějnice,Witches Day,f,false,růže,B1,"time,holiday",čarodějnice,čarodějnice,čarodějnici,čarodějnici,čarodějnice,čarodějnici,čarodějnicí,čarodějnice,čarodějnic,čarodějnicím,čarodějnice,čarodějnice,čarodějnicích,čarodějnicemi
dušička,All Souls Day,f,false,žena,B1,"time,holiday",dušička,dušičky,dušičce,dušičku,dušičko,dušičce,dušičkou,dušičky,dušiček,dušičkám,dušičky,dušičky,dušičkách,dušičkami
valentýn,Valentine’s Day,m,false,hrad,B1,"time,holiday",valentýn,valentýnu,valentýnu,valentýn,valentýne,valentýnu,valentýnem,valentýny,valentýnů,valentýnům,valentýny,valentýny,valentýnech,valentýny
vánoce,Christmas,f,false,růže,B1,"misc,abstract",,,,,,,,vánoce,vánoc,vánocům,vánoce,vánoce,vánocích,vánocemi
velikonoce,Easter,f,false,růže,B1,"misc,abstract",,,,,,,,velikonoce,velikonoc,velikonocím,velikonoce,velikonoce,velikonocích,velikonocemi
silvestr,New Year’s Eve,m,false,hrad,B1,"time,holiday",silvestr,silvestru,silvestru,silvestr,silvestre,silvestru,silvestrem,silvestry,silvestrů,silvestrům,silvestry,silvestry,silvestrech,silvestry
autoservis,car-repair shop,m,false,hrad,B1,"places,v_place",autoservis,autoservisu,autoservisu,autoservis,autoservise,autoservise,autoservisem,autoservisy,autoservisů,autoservisům,autoservisy,autoservisy,autoservisech,autoservisy
čistírna,dry-cleaner‘s,f,false,žena,B1,"misc,abstract",čistírna,čistírny,čistírně,čistírnu,čistírno,čistírně,čistírnou,čistírny,čistíren,čistírnám,čistírny,čistírny,čistírnách,čistírnami
dělení,division,n,false,stavení,B1,"misc,abstract",dělení,dělení,dělení,dělení,dělení,dělení,dělením,dělení,dělení,dělením,dělení,dělení,děleních,děleními
feministka,feminist,f,false,žena,B1,"misc,abstract",feministka,feministky,feministce,feministku,feministko,feministce,feministkou,feministky,feministek,feministkám,feministky,feministky,feministkách,feministkami
kadeřnictví,hair-stylist‘s,n,false,stavení,B1,"places,v_place",kadeřnictví,kadeřnictví,kadeřnictví,kadeřnictví,kadeřnictví,kadeřnictví,kadeřnictvím,kadeřnictví,kadeřnictví,kadeřnictvím,kadeřnictví,kadeřnictví,kadeřnictvích,kadeřnictvími
krejčovství,tailor’s,n,false,stavení,B1,"misc,abstract",krejčovství,krejčovství,krejčovství,krejčovství,krejčovství,krejčovství,krejčovstvím,krejčovství,krejčovství,krejčovstvím,krejčovství,krejčovství,krejčovstvích,krejčovstvími
masáž,massage,f,false,píseň,B1,"misc,abstract",masáž,masáže,masáži,masáž,masáži,masáži,masáží,masáže,masáží,masážím,masáže,masáže,masážích,masážemi
stereotyp,stereotype,m,false,hrad,B1,"misc,abstract",stereotyp,stereotypu,stereotypu,stereotyp,stereotype,stereotypu,stereotypem,stereotypy,stereotypů,stereotypům,stereotypy,stereotypy,stereotypech,stereotypy
figurka,statuette,f,false,žena,B1,"misc,abstract,objects,portable",figurka,figurky,figurce,figurku,figurko,figurce,figurkou,figurky,figurek,figurkám,figurky,figurky,figurkách,figurkami
herc,actor / actress,m,false,stroj,B1,"misc,people",herc,herce,herci,herc,herci,herci,hercem,herce,herců,hercům,herce,herce,hercích,herci
horolezkyně,rock-climber,f,false,růže,B1,people,horolezkyně,horolezkyně,horolezkyni,horolezkyni,horolezkyně,horolezkyni,horolezkyní,horolezkyně,horolezkyní,horolezkyním,horolezkyně,horolezkyně,horolezkyních,horolezkyněmi
kuželka,bowling,f,false,žena,B1,"misc,abstract",kuželka,kuželky,kuželce,kuželku,kuželko,kuželce,kuželkou,kuželky,kuželek,kuželkám,kuželky,kuželky,kuželkách,kuželkami
plavání,swimming,n,false,stavení,B1,"misc,abstract",plavání,plavání,plavání,plavání,plavání,plavání,plaváním,plavání,plavání,plaváním,plavání,plavání,plaváních,plaváními
šachta,"shaft, mine shaft",f,false,žena,B1,"misc,abstract",šachta,šachty,šachtě,šachtu,šachto,šachtě,šachtou,šachty,šachet,šachtám,šachty,šachty,šachtách,šachtami
terč,target,m,false,stroj,B1,"misc,abstract",terč,terče,terči,terč,terči,terči,terčem,terče,terčů,terčům,terče,terče,terčích,terči
vor,raft,m,false,hrad,B1,"misc,abstract",vor,voru,voru,vor,vore,voru,vorem,vory,vorů,vorům,vory,vory,vorech,vory
angína,sore throat,f,false,žena,B1,"misc,abstract",angína,angíny,angíně,angínu,angíno,angíně,angínou,angíny,angín,angínám,angíny,angíny,angínách,angínami
drak,dragon,m,true,pán,B1,"misc,abstract",drak,draka,drakovi,draka,draku,drakovi,drakem,draci,draků,drakům,draky,draci,dracích,draky
drvoštěp,woodcutter,m,true,pán,B1,"people,profession",drvoštěp,drvoštěpa,drvoštěpovi,drvoštěpa,drvoštěpe,drvoštěpovi,drvoštěpem,drvoštěpové,drvoštěpů,drvoštěpům,drvoštěpy,drvoštěpové,drvoštěpech,drvoštěpy
chřipka,flu,f,false,žena,B1,"misc,abstract",chřipka,chřipky,chřipce,chřipku,chřipko,chřipce,chřipkou,chřipky,chřipek,chřipkám,chřipky,chřipky,chřipkách,chřipkami
mast,ointment,f,false,kost,B1,"misc,abstract",mast,masti,masti,mast,masti,masti,mastí,masti,mastí,mastem,masti,masti,mastech,mastmi
rýma,cold,f,false,žena,B1,"misc,abstract",rýma,rýmy,rýmě,rýmu,rýmo,rýmě,rýmou,rýmy,rým,rýmám,rýmy,rýmy,rýmách,rýmami
vládce,ruler,m,true,soudce,B1,"misc,abstract",vládce,vládce,vládci,vládce,vládce,vládci,vládcem,vládci,vládců,vládcům,vládce,vládci,vládcích,vládci
básnička,poem,f,false,žena,B1,"misc,abstract",básnička,básničky,básničce,básničku,básničko,básničce,básničkou,básničky,básniček,básničkám,básničky,básničky,básničkách,básničkami
blog,blog,m,false,hrad,B1,"misc,abstract,readable",blog,blogu,blogu,blog,blogu,blogu,blogem,blogy,blogů,blogům,blogy,blogy,blozích,blogy
dějství,act,n,false,stavení,B1,"misc,abstract",dějství,dějství,dějství,dějství,dějství,dějství,dějstvím,dějství,dějství,dějstvím,dějství,dějství,dějstvích,dějstvími
hlediště,auditorium,n,false,moře,B1,"misc,abstract",hlediště,hlediště,hledišti,hlediště,hlediště,hledišti,hledištěm,hlediště,hledišť,hledištím,hlediště,hlediště,hledištích,hledišti
hodiny,clock,f,false,žena,B1,objects,,,,,,,,hodiny,hodin,hodinám,hodiny,hodiny,hodinách,hodinami
hodinky,watch,f,false,žena,B1,"objects,portable",,,,,,,,hodinky,hodinek,hodinkám,hodinky,hodinky,hodinkách,hodinkami
knihomol,book-worm,m,true,pán,B1,"misc,people",knihomol,knihomola,knihomolovi,knihomola,knihomole,knihomolovi,knihomolem,knihomolové,knihomolů,knihomolům,knihomoly,knihomolové,knihomolech,knihomoly
koláž,collage,f,false,píseň,B1,"misc,abstract",koláž,koláže,koláži,koláž,koláži,koláži,koláží,koláže,koláží,kolážím,koláže,koláže,kolážích,kolážemi
muzikál,musical,m,false,hrad,B1,"misc,abstract",muzikál,muzikálu,muzikálu,muzikál,muzikále,muzikále,muzikálem,muzikály,muzikálů,muzikálům,muzikály,muzikály,muzikálech,muzikály
nota,(musical) note,f,false,žena,B1,"misc,abstract",nota,noty,notě,notu,noto,notě,notou,noty,not,notám,noty,noty,notách,notami
odtažení,towing-away,n,false,stavení,B1,"misc,abstract",odtažení,odtažení,odtažení,odtažení,odtažení,odtažení,odtažením,odtažení,odtažení,odtažením,odtažení,odtažení,odtaženích,odtaženími
opona,curtain,f,false,žena,B1,"misc,abstract,objects",opona,opony,oponě,oponu,opono,oponě,oponou,opony,opon,oponám,opony,opony,oponách,oponami
symfonie,symphony,f,false,růže,B1,"misc,abstract",symfonie,symfonie,symfonii,symfonii,symfonie,symfonii,symfonií,symfonie,symfonií,symfoniím,symfonie,symfonie,symfoniích,symfoniemi
trapas,awkward situation,m,false,hrad,B1,"misc,event,feeling",trapas,trapasu,trapasu,trapas,trapase,trapase,trapasem,trapasy,trapasů,trapasům,trapasy,trapasy,trapasech,trapasy
účes,haircut,m,false,hrad,B1,body,účes,účesu,účesu,účes,účese,účesu,účesem,účesy,účesů,účesům,účesy,účesy,účesech,účesy
uklidnění,calming-down,n,false,stavení,B1,"misc,abstract",uklidnění,uklidnění,uklidnění,uklidnění,uklidnění,uklidnění,uklidněním,uklidnění,uklidnění,uklidněním,uklidnění,uklidnění,uklidněních,uklidněními
uváděč,usher,m,true,muž,B1,"misc,abstract",uváděč,uváděče,uváděči,uváděče,uváděči,uváděči,uváděčem,uváděči,uváděčů,uváděčům,uváděče,uváděči,uváděčích,uváděči
vstupenka,entry-ticket,f,false,žena,B1,"objects,portable",vstupenka,vstupenky,vstupence,vstupenku,vstupenko,vstupence,vstupenkou,vstupenky,vstupenek,vstupenkám,vstupenky,vstupenky,vstupenkách,vstupenkami
zácpa,traffic-jam,f,false,žena,B1,"misc,abstract",zácpa,zácpy,zácpě,zácpu,zácpo,zácpě,zácpou,zácpy,zácp,zácpám,zácpy,zácpy,zácpách,zácpami
flegmatik,phlegmatic person,m,true,pán,B1,"misc,people",flegmatik,flegmatika,flegmatikovi,flegmatika,flegmatiku,flegmatikovi,flegmatikem,flegmatici,flegmatiků,flegmatikům,flegmatiky,flegmatici,flegmaticích,flegmatiky
cholerik,hot-headed person,m,true,pán,B1,"misc,people",cholerik,cholerika,cholerikovi,cholerika,choleriku,cholerikovi,cholerikem,cholerici,choleriků,cholerikům,choleriky,cholerici,cholericích,choleriky
melancholik,melancholy person,m,true,pán,B1,"misc,people",melancholik,melancholika,melancholikovi,melancholika,melancholiku,melancholikovi,melancholikem,melancholici,melancholiků,melancholikům,melancholiky,melancholici,melancholicích,melancholiky
podobnost,resemblance,f,false,kost,B1,"misc,abstract",podobnost,podobnosti,podobnosti,podobnost,podobnosti,podobnosti,podobností,podobnosti,podobností,podobnostem,podobnosti,podobnosti,podobnostech,podobnostmi
porod,birth,m,false,hrad,B1,"misc,abstract",porod,porodu,porodu,porod,porode,porodu,porodem,porody,porodů,porodům,porody,porody,porodech,porody
porodnice,maternity ward,f,false,růže,B1,"places,v_place",porodnice,porodnice,porodnici,porodnici,porodnice,porodnici,porodnicí,porodnice,porodnic,porodnicím,porodnice,porodnice,porodnicích,porodnicemi
pudl,poodle,m,true,pán,B1,animals,pudl,pudla,pudlovi,pudla,pudle,pudlovi,pudlem,pudlové,pudlů,pudlům,pudly,pudlové,pudlech,pudly
sangvinik,sanguine person,m,true,pán,B1,"misc,people",sangvinik,sangvinika,sangvinikovi,sangvinika,sangviniku,sangvinikovi,sangvinikem,sangvinici,sangviniků,sangvinikům,sangviniky,sangvinici,sangvinicích,sangviniky
čtenářka,reader,f,false,žena,B1,"misc,abstract",čtenářka,čtenářky,čtenářce,čtenářku,čtenářko,čtenářce,čtenářkou,čtenářky,čtenářek,čtenářkám,čtenářky,čtenářky,čtenářkách,čtenářkami
empétrojka,MP3,f,false,žena,B1,"misc,abstract",empétrojka,empétrojky,empétrojce,empétrojku,empétrojko,empétrojce,empétrojkou,empétrojky,empétrojek,empétrojkám,empétrojky,empétrojky,empétrojkách,empétrojkami
inzerát,(classified) ad,m,false,hrad,B1,"misc,abstract",inzerát,inzerátu,inzerátu,inzerát,inzeráte,inzerátě,inzerátem,inzeráty,inzerátů,inzerátům,inzeráty,inzeráty,inzerátech,inzeráty
křížovka,crossword,f,false,žena,B1,objects,křížovka,křížovky,křížovce,křížovku,křížovko,křížovce,křížovkou,křížovky,křížovek,křížovkám,křížovky,křížovky,křížovkách,křížovkami
kvíz,quiz,m,false,hrad,B1,"misc,abstract",kvíz,kvízu,kvízu,kvíz,kvíze,kvízu,kvízem,kvízy,kvízů,kvízům,kvízy,kvízy,kvízech,kvízy
národnost,nationality,f,false,kost,B1,"misc,abstract",národnost,národnosti,národnosti,národnost,národnosti,národnosti,národností,národnosti,národností,národnostem,národnosti,národnosti,národnostech,národnostmi
notebook,laptop,m,false,hrad,B1,"misc,abstract",notebook,notebooku,notebooku,notebook,notebooku,notebooku,notebookem,notebooky,notebooků,notebookům,notebooky,notebooky,noteboocích,notebooky
noviny,newspaper,f,false,žena,B1,"objects,readable,portable",,,,,,,,noviny,novin,novinám,noviny,noviny,novinách,novinami
předpověď,forecast,f,false,kost,B1,"misc,abstract",předpověď,předpovědi,předpovědi,předpověď,předpovědi,předpovědi,předpovědí,předpovědi,předpovědí,předpovědím,předpovědi,předpovědi,předpovědích,předpověďmi
recenze,review,f,false,růže,B1,"misc,abstract",recenze,recenze,recenzi,recenzi,recenze,recenzi,recenzí,recenze,recenzí,recenzím,recenze,recenze,recenzích,recenzemi
reportáž,report,f,false,píseň,B1,"misc,abstract",reportáž,reportáže,reportáži,reportáž,reportáži,reportáži,reportáží,reportáže,reportáží,reportážím,reportáže,reportáže,reportážích,reportážemi
bankomat,bank machine,m,false,hrad,B1,objects,bankomat,bankomatu,bankomatu,bankomat,bankomate,bankomatu,bankomatem,bankomaty,bankomatů,bankomatům,bankomaty,bankomaty,bankomatech,bankomaty
charita,charity,f,false,žena,B1,"misc,abstract",charita,charity,charitě,charitu,charito,charitě,charitou,charity,charit,charitám,charity,charity,charitách,charitami
chudoba,poverty,f,false,žena,B1,"misc,abstract",chudoba,chudoby,chudobě,chudobu,chudobo,chudobě,chudobou,chudoby,chudob,chudobám,chudoby,chudoby,chudobách,chudobami
přepych,luxury,m,false,hrad,B1,"misc,abstract",přepych,přepychu,přepychu,přepych,přepychu,přepychu,přepychem,přepychy,přepychů,přepychům,přepychy,přepychy,přepyších,přepychy
tragédie,tragedy,f,false,růže,B1,"misc,event",tragédie,tragédie,tragédii,tragédii,tragédie,tragédii,tragédií,tragédie,tragédií,tragédiím,tragédie,tragédie,tragédiích,tragédiemi
alergie,allergy,f,false,růže,B1,"misc,abstract",alergie,alergie,alergii,alergii,alergie,alergii,alergií,alergie,alergií,alergiím,alergie,alergie,alergiích,alergiemi
ekologie,ecology,f,false,růže,B1,"misc,abstract",ekologie,ekologie,ekologii,ekologii,ekologie,ekologii,ekologií,ekologie,ekologií,ekologiím,ekologie,ekologie,ekologiích,ekologiemi
farma,farm,f,false,žena,B1,"places,na_place",farma,farmy,farmě,farmu,farmo,farmě,farmou,farmy,farem,farmám,farmy,farmy,farmách,farmami
globalizace,globalization,f,false,růže,B1,"misc,abstract",globalizace,globalizace,globalizaci,globalizaci,globalizace,globalizaci,globalizací,globalizace,globalizací,globalizacím,globalizace,globalizace,globalizacích,globalizacemi
oteplování,warming,n,false,stavení,B1,abstract,oteplování,oteplování,oteplování,oteplování,oteplování,oteplování,oteplováním,oteplování,oteplování,oteplováním,oteplování,oteplování,oteplováních,oteplováními
prales,primeval/virgin forest,m,false,hrad,B1,"nature,places,v_place,flora",prales,pralesa,pralesu,prales,pralese,pralese,pralesem,pralesy,pralesů,pralesům,pralesy,pralesy,pralesích,pralesy
přísada,additive,f,false,žena,B1,"misc,abstract",přísada,přísady,přísadě,přísadu,přísado,přísadě,přísadou,přísady,přísad,přísadám,přísady,přísady,přísadách,přísadami
saponát,(chemical) detergent,m,false,hrad,B1,"misc,abstract",saponát,saponátu,saponátu,saponát,saponáte,saponátě,saponátem,saponáty,saponátů,saponátům,saponáty,saponáty,saponátech,saponáty
terorismus,terrorism,m,false,hrad,B1,"misc,abstract",terorismus,terorismu,terorismu,terorismus,terorisme,terorismu,terorismem,terorismy,terorismů,terorismům,terorismy,terorismy,terorismech,terorismy
zemětřesení,earthquake,n,false,stavení,B1,"nature,geological",zemětřesení,zemětřesení,zemětřesení,zemětřesení,zemětřesení,zemětřesení,zemětřesením,zemětřesení,zemětřesení,zemětřesením,zemětřesení,zemětřesení,zemětřeseních,zemětřeseními
znečištění,pollution,n,false,stavení,B1,"misc,abstract",znečištění,znečištění,znečištění,znečištění,znečištění,znečištění,znečištěním,znečištění,znečištění,znečištěním,znečištění,znečištění,znečištěních,znečištěními
žárovka,light-bulb,f,false,žena,B1,"misc,abstract,objects,portable",žárovka,žárovky,žárovce,žárovku,žárovko,žárovce,žárovkou,žárovky,žárovek,žárovkám,žárovky,žárovky,žárovkách,žárovkami
aukce,auction,f,false,růže,B1,"misc,abstract",aukce,aukce,aukci,aukci,aukce,aukci,aukcí,aukce,aukcí,aukcím,aukce,aukce,aukcích,aukcemi
dostih,horse race,m,false,hrad,B1,"misc,event,gathering",dostih,dostihu,dostihu,dostih,dostihu,dostihu,dostihem,dostihy,dostihů,dostihům,dostihy,dostihy,dostizích,dostihy
dražba,auction,f,false,žena,B1,"misc,abstract",dražba,dražby,dražbě,dražbu,dražbo,dražbě,dražbou,dražby,dražeb,dražbám,dražby,dražby,dražbách,dražbami
faktura,invoice,f,false,žena,B1,"misc,abstract",faktura,faktury,faktuře,fakturu,fakturo,faktuře,fakturou,faktury,faktur,fakturám,faktury,faktury,fakturách,fakturami
investování,investing,n,false,stavení,B1,"misc,abstract",investování,investování,investování,investování,investování,investování,investováním,investování,investování,investováním,investování,investování,investováních,investováními
sladkost,sweet,f,false,kost,B1,"misc,abstract",sladkost,sladkosti,sladkosti,sladkost,sladkosti,sladkosti,sladkostí,sladkosti,sladkostí,sladkostem,sladkosti,sladkosti,sladkostech,sladkostmi
účetnictví,accounting,n,false,stavení,B1,"misc,abstract",účetnictví,účetnictví,účetnictví,účetnictví,účetnictví,účetnictví,účetnictvím,účetnictví,účetnictví,účetnictvím,účetnictví,účetnictví,účetnictvích,účetnictvími
bačkora,slipper,f,false,žena,B1,"objects,clothing,portable",bačkora,bačkory,bačkoře,bačkoru,bačkoro,bačkoře,bačkorou,bačkory,bačkor,bačkorám,bačkory,bačkory,bačkorách,bačkorami
brýle,glasses,f,false,růže,B1,"objects,portable",,,,,,,,brýle,brýlí,brýlím,brýle,brýle,brýlích,brýlemi
džíny,jeans,f,false,žena,B1,"misc,abstract,clothing,portable,objects",,,,,,,,džíny,džín,džínám,džíny,džíny,džínách,džínami
halenka,blouse,f,false,žena,B1,"misc,clothing",halenka,halenky,halence,halenku,halenko,halence,halenkou,halenky,halenek,halenkám,halenky,halenky,halenkách,halenkami
kapuce,hood,f,false,růže,B1,"misc,abstract,clothing,portable,objects",kapuce,kapuce,kapuci,kapuci,kapuce,kapuci,kapucí,kapuce,kapucí,kapucím,kapuce,kapuce,kapucích,kapucemi
kožešina,fur,f,false,žena,B1,"misc,abstract,clothing,portable,objects",kožešina,kožešiny,kožešině,kožešinu,kožešino,kožešině,kožešinou,kožešiny,kožešin,kožešinám,kožešiny,kožešiny,kožešinách,kožešinami
kožich,fur-coat,m,false,hrad,B1,"objects,portable",kožich,kožichu,kožichu,kožich,kožichu,kožichu,kožichem,kožichy,kožichů,kožichům,kožichy,kožichy,kožiších,kožichy
kraťasy,shorts,m,false,hrad,B1,"misc,clothing",,,,,,,,kraťasy,kraťasů,kraťasům,kraťasy,kraťasy,kraťasech,kraťasy
mikina,sweatshirt,f,false,žena,B1,"objects,clothing,portable",mikina,mikiny,mikině,mikinu,mikino,mikině,mikinou,mikiny,mikin,mikinám,mikiny,mikiny,mikinách,mikinami
náušnice,ear-ring,f,false,růže,B1,"objects,portable",náušnice,náušnice,náušnici,náušnici,náušnice,náušnici,náušnicí,náušnice,náušnic,náušnicím,náušnice,náušnice,náušnicích,náušnicemi
nohavice,trouser leg,f,false,růže,B1,objects,nohavice,nohavice,nohavici,nohavici,nohavice,nohavici,nohavicí,nohavice,nohavic,nohavicím,nohavice,nohavice,nohavicích,nohavicemi
pantofle,slipper,f,false,růže,B1,clothing,pantofle,pantofle,pantofli,pantofli,pantofle,pantofli,pantoflí,pantofle,pantoflí,pantoflím,pantofle,pantofle,pantoflích,pantoflemi
pásek,belt,m,false,hrad,B1,"misc,abstract,clothing,portable,objects",pásek,pásku,pásku,pásek,pásku,pásku,páskem,pásky,pásků,páskům,pásky,pásky,páscích,pásky
plavky,swimsuit,f,false,žena,B1,"misc,clothing",,,,,,,,plavky,plavek,plavkám,plavky,plavky,plavkách,plavkami
podkolenka,knee-socks,f,false,žena,B1,clothing,podkolenka,podkolenky,podkolence,podkolenku,podkolenko,podkolence,podkolenkou,podkolenky,podkolenek,podkolenkám,podkolenky,podkolenky,podkolenkách,podkolenkami
sandál,sandal,m,false,hrad,B1,"misc,abstract,clothing,portable,objects",sandál,sandálu,sandálu,sandál,sandále,sandále,sandálem,sandály,sandálů,sandálům,sandály,sandály,sandálech,sandály
šála,scarf,f,false,žena,B1,"misc,abstract,clothing,portable,objects",šála,šály,šále,šálu,šálo,šále,šálou,šály,šál,šálám,šály,šály,šálách,šálami
šaty,clothes,m,false,hrad,B1,clothing,,,,,,,,šaty,šatů,šatům,šaty,šaty,šatech,šaty
šortky,shorts,f,false,žena,B1,"misc,abstract,clothing,portable,objects",,,,,,,,šortky,šortek,šortkám,šortky,šortky,šortkách,šortkami
tepláky,sweatpants,m,false,hrad,B1,"objects,clothing,portable",,,,,,,,tepláky,tepláků,teplákům,tepláky,tepláky,teplácích,tepláky
výstřih,neckline,m,false,hrad,B1,"clothing,body",výstřih,výstřihu,výstřihu,výstřih,výstřihu,výstřihu,výstřihem,výstřihy,výstřihů,výstřihům,výstřihy,výstřihy,výstřizích,výstřihy
zip,zipper,m,false,hrad,B1,"misc,abstract",zip,zipu,zipu,zip,zipe,zipu,zipem,zipy,zipů,zipům,zipy,zipy,zipech,zipy
bankovka,bank-note,f,false,žena,B1,"objects,portable",bankovka,bankovky,bankovce,bankovku,bankovko,bankovce,bankovkou,bankovky,bankovek,bankovkám,bankovky,bankovky,bankovkách,bankovkami
bon,voucher,m,false,hrad,B1,"misc,abstract",bon,bonu,bonu,bon,bone,bonu,bonem,bony,bonů,bonům,bony,bony,bonech,bony
dějepis,history,m,false,hrad,B1,"misc,abstract",dějepis,dějepisu,dějepisu,dějepis,dějepise,dějepise,dějepisem,dějepisy,dějepisů,dějepisům,dějepisy,dějepisy,dějepisech,dějepisy
dějiny,history,f,false,žena,B1,"misc,abstract",,,,,,,,dějiny,dějin,dějinám,dějiny,dějiny,dějinách,dějinami
komunismus,communism,m,false,hrad,B1,"misc,abstract",komunismus,komunismu,komunismu,komunismus,komunisme,komunismu,komunismem,komunismy,komunismů,komunismům,komunismy,komunismy,komunismech,komunismy
korupce,corruption,f,false,růže,B1,"misc,abstract",korupce,korupce,korupci,korupci,korupce,korupci,korupcí,korupce,korupcí,korupcím,korupce,korupce,korupcích,korupcemi
odhalení,unveiling,n,false,stavení,B1,"misc,abstract",odhalení,odhalení,odhalení,odhalení,odhalení,odhalení,odhalením,odhalení,odhalení,odhalením,odhalení,odhalení,odhaleních,odhaleními
okupace,occupation,f,false,růže,B1,"abstract,event",okupace,okupace,okupaci,okupaci,okupace,okupaci,okupací,okupace,okupací,okupacím,okupace,okupace,okupacích,okupacemi
pomník,monument,m,false,hrad,B1,"misc,abstract,objects",pomník,pomníku,pomníku,pomník,pomníku,pomníku,pomníkem,pomníky,pomníků,pomníkům,pomníky,pomníky,pomnících,pomníky
puč,putsch,m,false,stroj,B1,"misc,abstract",puč,puče,puči,puč,puči,puči,pučem,puče,pučů,pučům,puče,puče,pučích,puči
represe,repression,f,false,růže,B1,"misc,abstract",represe,represe,represi,represi,represe,represi,represí,represe,represí,represím,represe,represe,represích,represemi
samizdat,samizdat,m,false,hrad,B1,"misc,abstract",samizdat,samizdatu,samizdatu,samizdat,samizdate,samizdatu,samizdatem,samizdaty,samizdatů,samizdatům,samizdaty,samizdaty,samizdatech,samizdaty
socialismus,socialism,m,false,hrad,B1,"misc,abstract",socialismus,socialismu,socialismu,socialismus,socialisme,socialismu,socialismem,socialismy,socialismů,socialismům,socialismy,socialismy,socialismech,socialismy
tuzex,foreign-currency store during communism,m,false,hrad,B1,"places,v_place",tuzex,tuzexu,tuzexu,tuzex,tuzexe,tuzexu,tuzexem,tuzexy,tuzexů,tuzexům,tuzexy,tuzexy,tuzexech,tuzexy
volby,elections,f,false,žena,B1,"misc,event",,,,,,,,volby,voleb,volbám,volby,volby,volbách,volbami
avantgarda,Avant-garde,f,false,žena,B1,abstract,avantgarda,avantgardy,avantgardě,avantgardu,avantgardo,avantgardě,avantgardou,avantgardy,avantgard,avantgardám,avantgardy,avantgardy,avantgardách,avantgardami
básnířka,poet,f,false,žena,B1,"misc,abstract",básnířka,básnířky,básnířce,básnířku,básnířko,básnířce,básnířkou,básnířky,básnířek,básnířkám,básnířky,básnířky,básnířkách,básnířkami
buřič,fire-brand,m,true,muž,B1,"misc,abstract",buřič,buřiče,buřiči,buřiče,buřiči,buřiči,buřičem,buřiči,buřičů,buřičům,buřiče,buřiči,buřičích,buřiči
dramatik,playwright,m,true,pán,B1,"misc,abstract,profession",dramatik,dramatika,dramatikovi,dramatika,dramatiku,dramatikovi,dramatikem,dramatici,dramatiků,dramatikům,dramatiky,dramatici,dramaticích,dramatiky
génius,genius,m,true,pán,B1,"misc,abstract",génius,génia,géniovi,génia,génie,géniovi,géniem,géniové,géniů,géniům,génie,géniové,géniích,génii
kreslíř,someone who draws,m,true,muž,B1,"misc,abstract",kreslíř,kreslíře,kreslíři,kreslíře,kreslíři,kreslíři,kreslířem,kreslíři,kreslířů,kreslířům,kreslíře,kreslíři,kreslířích,kreslíři
pravopis,orthography,m,false,hrad,B1,"misc,abstract",pravopis,pravopisu,pravopisu,pravopis,pravopise,pravopise,pravopisem,pravopisy,pravopisů,pravopisům,pravopisy,pravopisy,pravopisech,pravopisy
próza,prose,f,false,žena,B1,"misc,abstract",próza,prózy,próze,prózu,prózo,próze,prózou,prózy,próz,prózám,prózy,prózy,prózách,prózami
prozaik,prose-writer,m,true,pán,B1,"misc,people",prozaik,prozaika,prozaikovi,prozaika,prozaiku,prozaikovi,prozaikem,prozaici,prozaiků,prozaikům,prozaiky,prozaici,prozaicích,prozaiky
realismus,Realism,m,false,hrad,B1,"misc,abstract",realismus,realismu,realismu,realismus,realisme,realismu,realismem,realismy,realismů,realismům,realismy,realismy,realismech,realismy
romantismus,Romanticism,m,false,hrad,B1,abstract,romantismus,romantismu,romantismu,romantismus,romantisme,romantismu,romantismem,romantismy,romantismů,romantismům,romantismy,romantismy,romantismech,romantismy
surrealismus,Surrealism,m,false,hrad,B1,"misc,abstract",surrealismus,surrealismu,surrealismu,surrealismus,surrealisme,surrealismu,surrealismem,surrealismy,surrealismů,surrealismům,surrealismy,surrealismy,surrealismech,surrealismy
underground,underground,m,false,hrad,B1,"misc,abstract",underground,undergroundu,undergroundu,underground,undergrounde,undergroundu,undergroundem,undergroundy,undergroundů,undergroundům,undergroundy,undergroundy,undergroundech,undergroundy
žánr,genre,m,false,hrad,B1,"misc,abstract",žánr,žánru,žánru,žánr,žánre,žánru,žánrem,žánry,žánrů,žánrům,žánry,žánry,žánrech,žánry
přírůstek,increment/increase,m,false,hrad,B2,"misc,abstract",přírůstek,přírůstku,přírůstku,přírůstek,přírůstku,přírůstku,přírůstkem,přírůstky,přírůstků,přírůstkům,přírůstky,přírůstky,přírůstcích,přírůstky
přehmat,blunder/misstep,m,false,hrad,B2,"misc,abstract",přehmat,přehmatu,přehmatu,přehmat,přehmate,přehmatu,přehmatem,přehmaty,přehmatů,přehmatům,přehmaty,přehmaty,přehmatech,přehmaty
průlom,breakthrough,m,false,hrad,B2,"misc,abstract",průlom,průlomu,průlomu,průlom,průlome,průlomu,průlomem,průlomy,průlomů,průlomům,průlomy,průlomy,průlomech,průlomy
příslib,pledge/promise,m,false,hrad,B2,"misc,abstract",příslib,příslibu,příslibu,příslib,příslibe,příslibu,příslibem,přísliby,příslibů,příslibům,přísliby,přísliby,příslibech,přísliby
přebytek,surplus/excess,m,false,hrad,B2,"misc,abstract",přebytek,přebytku,přebytku,přebytek,přebytku,přebytku,přebytkem,přebytky,přebytků,přebytkům,přebytky,přebytky,přebytcích,přebytky
ústupek,concession,m,false,hrad,B2,"misc,abstract",ústupek,ústupku,ústupku,ústupek,ústupku,ústupku,ústupkem,ústupky,ústupků,ústupkům,ústupky,ústupky,ústupcích,ústupky
záchvěv,tremor/shiver,m,false,hrad,B2,abstract,záchvěv,záchvěvu,záchvěvu,záchvěv,záchvěve,záchvěvu,záchvěvem,záchvěvy,záchvěvů,záchvěvům,záchvěvy,záchvěvy,záchvěvech,záchvěvy
průnik,penetration/intersection,m,false,hrad,B2,"misc,abstract",průnik,průniku,průniku,průnik,průniku,průniku,průnikem,průniky,průniků,průnikům,průniky,průniky,průnicích,průniky
výčet,enumeration/list,m,false,hrad,B2,"misc,abstract",výčet,výčtu,výčtu,výčet,výčte,výčtu,výčtem,výčty,výčtů,výčtům,výčty,výčty,výčtech,výčty
průtah,delay/procrastination,m,false,hrad,B2,abstract,průtah,průtahu,průtahu,průtah,průtahu,průtahu,průtahem,průtahy,průtahů,průtahům,průtahy,průtahy,průtazích,průtahy
peníz,coin,m,false,stroj,B2,"objects,portable",peníz,peníze,penízi,peníz,penízi,penízi,penízem,peníze,penízů,penízům,peníze,peníze,penízích,penízi
hřebíček,clove (spice),m,false,hrad,B2,food,hřebíček,hřebíčku,hřebíčku,hřebíček,hřebíčku,hřebíčku,hřebíčkem,hřebíčky,hřebíčků,hřebíčkům,hřebíčky,hřebíčky,hřebíčcích,hřebíčky
výtěžek,yield/proceeds,m,false,hrad,B2,"misc,abstract",výtěžek,výtěžku,výtěžku,výtěžek,výtěžku,výtěžku,výtěžkem,výtěžky,výtěžků,výtěžkům,výtěžky,výtěžky,výtěžcích,výtěžky
krajíc,slice (of bread),m,false,stroj,B2,food,krajíc,krajíce,krajíci,krajíc,krajíci,krajíci,krajícem,krajíce,krajíců,krajícům,krajíce,krajíce,krajících,krajíci
chirurg,surgeon,m,true,pán,B2,"people,profession",chirurg,chirurga,chirurgovi,chirurga,chirurgu,chirurgovi,chirurgem,chirurgové,chirurgů,chirurgům,chirurgy,chirurgové,chirurzích,chirurgy
archeolog,archaeologist,m,true,pán,B2,people,archeolog,archeologa,archeologovi,archeologa,archeologu,archeologovi,archeologem,archeologové,archeologů,archeologům,archeology,archeologové,archeolozích,archeology
diplomat,diplomat,m,true,pán,B2,"people,profession",diplomat,diplomata,diplomatovi,diplomata,diplomate,diplomatovi,diplomatem,diplomaté,diplomatů,diplomatům,diplomaty,diplomaté,diplomatech,diplomaty
podvodník,fraudster/con artist,m,true,pán,B2,people,podvodník,podvodníka,podvodníkovi,podvodníka,podvodníku,podvodníkovi,podvodníkem,podvodníci,podvodníků,podvodníkům,podvodníky,podvodníci,podvodnících,podvodníky
vyjednavač,negotiator,m,true,muž,B2,people,vyjednavač,vyjednavače,vyjednavači,vyjednavače,vyjednavači,vyjednavači,vyjednavačem,vyjednavači,vyjednavačů,vyjednavačům,vyjednavače,vyjednavači,vyjednavačích,vyjednavači
viník,culprit/offender,m,true,pán,B2,people,viník,viníka,viníkovi,viníka,viníku,viníkovi,viníkem,viníci,viníků,viníkům,viníky,viníci,vinících,viníky
dědic,heir,m,true,muž,B2,family,dědic,dědice,dědici,dědice,dědici,dědici,dědicem,dědici,dědiců,dědicům,dědice,dědici,dědicích,dědici
zmocněnec,authorized representative,m,true,muž,B2,people,zmocněnec,zmocněnce,zmocněnci,zmocněnce,zmocněnče,zmocněnci,zmocněncem,zmocněnci,zmocněnců,zmocněncům,zmocněnce,zmocněnci,zmocněncích,zmocněnci
poručník,guardian,m,true,pán,B2,people,poručník,poručníka,poručníkovi,poručníka,poručníku,poručníkovi,poručníkem,poručníci,poručníků,poručníkům,poručníky,poručníci,poručnících,poručníky
ochránce,protector/defender,m,true,soudce,B2,people,ochránce,ochránce,ochránci,ochránce,ochránce,ochránci,ochráncem,ochránci,ochránců,ochráncům,ochránce,ochránci,ochráncích,ochránci
strážce,guard/watchman,m,true,soudce,B2,people,strážce,strážce,strážci,strážce,strážce,strážci,strážcem,strážci,strážců,strážcům,strážce,strážci,strážcích,strážci
rádce,advisor/counselor,m,true,soudce,B2,people,rádce,rádce,rádci,rádce,rádce,rádci,rádcem,rádci,rádců,rádcům,rádce,rádci,rádcích,rádci
badatel,researcher/scholar,m,true,muž,B2,people,badatel,badatele,badateli,badatele,badateli,badateli,badatelem,badatelé,badatelů,badatelům,badatele,badatelé,badatelích,badateli
zprostředkovatel,mediator/broker,m,true,muž,B2,people,zprostředkovatel,zprostředkovatele,zprostředkovateli,zprostředkovatele,zprostředkovateli,zprostředkovateli,zprostředkovatelem,zprostředkovatelé,zprostředkovatelů,zprostředkovatelům,zprostředkovatele,zprostředkovatelé,zprostředkovatelích,zprostředkovateli
gymnasta,gymnast,m,true,předseda,B2,people,gymnasta,gymnasty,gymnastovi,gymnastu,gymnasto,gymnastovi,gymnastou,gymnasté,gymnastů,gymnastům,gymnasty,gymnasté,gymnastech,gymnasty
pianista,pianist,m,true,předseda,B2,people,pianista,pianisty,pianistovi,pianistu,pianisto,pianistovi,pianistou,pianisté,pianistů,pianistům,pianisty,pianisté,pianistech,pianisty
aktivista,activist,m,true,předseda,B2,people,aktivista,aktivisty,aktivistovi,aktivistu,aktivisto,aktivistovi,aktivistou,aktivisté,aktivistů,aktivistům,aktivisty,aktivisté,aktivistech,aktivisty
idealista,idealist,m,true,předseda,B2,people,idealista,idealisty,idealistovi,idealistu,idealisto,idealistovi,idealistou,idealisté,idealistů,idealistům,idealisty,idealisté,idealistech,idealisty
houslista,violinist,m,true,předseda,B2,people,houslista,houslisty,houslistovi,houslistu,houslisto,houslistovi,houslistou,houslisté,houslistů,houslistům,houslisty,houslisté,houslistech,houslisty
husita,Hussite,m,true,předseda,B2,people,husita,husity,husitovi,husitu,husito,husitovi,husitou,husité,husitů,husitům,husity,husité,husitech,husity
pochoutka,delicacy/treat,f,false,žena,B2,food,pochoutka,pochoutky,pochoutce,pochoutku,pochoutko,pochoutce,pochoutkou,pochoutky,pochoutek,pochoutkám,pochoutky,pochoutky,pochoutkách,pochoutkami
pozvánka,invitation,f,false,žena,B2,"misc,objects,readable,portable",pozvánka,pozvánky,pozvánce,pozvánku,pozvánko,pozvánce,pozvánkou,pozvánky,pozvánek,pozvánkám,pozvánky,pozvánky,pozvánkách,pozvánkami
pohlednice,postcard,f,false,růže,B2,"objects,readable,portable",pohlednice,pohlednice,pohlednici,pohlednici,pohlednice,pohlednici,pohlednicí,pohlednice,pohlednic,pohlednicím,pohlednice,pohlednice,pohlednicích,pohlednicemi
zástěrka,apron,f,false,žena,B2,objects,zástěrka,zástěrky,zástěrce,zástěrku,zástěrko,zástěrce,zástěrkou,zástěrky,zástěrek,zástěrkám,zástěrky,zástěrky,zástěrkách,zástěrkami
výloha,shop window/expense,f,false,žena,B2,"misc,objects",výloha,výlohy,výloze,výlohu,výloho,výloze,výlohou,výlohy,výloh,výlohám,výlohy,výlohy,výlohách,výlohami
přepážka,counter/partition,f,false,žena,B2,objects,přepážka,přepážky,přepážce,přepážku,přepážko,přepážce,přepážkou,přepážky,přepážek,přepážkám,přepážky,přepážky,přepážkách,přepážkami
útrata,expense/spending,f,false,žena,B2,"misc,abstract",útrata,útraty,útratě,útratu,útrato,útratě,útratou,útraty,útrat,útratám,útraty,útraty,útratách,útratami
přirážka,surcharge,f,false,žena,B2,"misc,abstract",přirážka,přirážky,přirážce,přirážku,přirážko,přirážce,přirážkou,přirážky,přirážek,přirážkám,přirážky,přirážky,přirážkách,přirážkami
obžaloba,indictment/prosecution,f,false,žena,B2,"misc,abstract",obžaloba,obžaloby,obžalobě,obžalobu,obžalobo,obžalobě,obžalobou,obžaloby,obžalob,obžalobám,obžaloby,obžaloby,obžalobách,obžalobami
výstraha,warning/caution,f,false,žena,B2,"misc,abstract",výstraha,výstrahy,výstraze,výstrahu,výstraho,výstraze,výstrahou,výstrahy,výstrah,výstrahám,výstrahy,výstrahy,výstrahách,výstrahami
záštita,patronage/auspices,f,false,žena,B2,"misc,abstract",záštita,záštity,záštitě,záštitu,záštito,záštitě,záštitou,záštity,záštit,záštitám,záštity,záštity,záštitách,záštitami
záplata,patch,f,false,žena,B2,objects,záplata,záplaty,záplatě,záplatu,záplato,záplatě,záplatou,záplaty,záplat,záplatám,záplaty,záplaty,záplatách,záplatami
úhrada,payment/reimbursement,f,false,žena,B2,"misc,abstract",úhrada,úhrady,úhradě,úhradu,úhrado,úhradě,úhradou,úhrady,úhrad,úhradám,úhrady,úhrady,úhradách,úhradami
stolice,stool/seat,f,false,růže,B2,"objects,sittable",stolice,stolice,stolici,stolici,stolice,stolici,stolicí,stolice,stolic,stolicím,stolice,stolice,stolicích,stolicemi
svatyně,sanctuary/shrine,f,false,růže,B2,"places,v_place",svatyně,svatyně,svatyni,svatyni,svatyně,svatyni,svatyní,svatyně,svatyní,svatyním,svatyně,svatyně,svatyních,svatyněmi
opatrnost,caution/prudence,f,false,kost,B2,"misc,abstract",opatrnost,opatrnosti,opatrnosti,opatrnost,opatrnosti,opatrnosti,opatrností,opatrnosti,opatrností,opatrnostem,opatrnosti,opatrnosti,opatrnostech,opatrnostmi
zvědavost,curiosity,f,false,kost,B2,"misc,abstract,feeling",zvědavost,zvědavosti,zvědavosti,zvědavost,zvědavosti,zvědavosti,zvědavostí,zvědavosti,zvědavostí,zvědavostem,zvědavosti,zvědavosti,zvědavostech,zvědavostmi
nedbalost,negligence/carelessness,f,false,kost,B2,"misc,abstract",nedbalost,nedbalosti,nedbalosti,nedbalost,nedbalosti,nedbalosti,nedbalostí,nedbalosti,nedbalostí,nedbalostem,nedbalosti,nedbalosti,nedbalostech,nedbalostmi
lhostejnost,indifference/apathy,f,false,kost,B2,"misc,abstract,feeling",lhostejnost,lhostejnosti,lhostejnosti,lhostejnost,lhostejnosti,lhostejnosti,lhostejností,lhostejnosti,lhostejností,lhostejnostem,lhostejnosti,lhostejnosti,lhostejnostech,lhostejnostmi
ješitnost,vanity/conceit,f,false,kost,B2,"misc,abstract",ješitnost,ješitnosti,ješitnosti,ješitnost,ješitnosti,ješitnosti,ješitností,ješitnosti,ješitností,ješitnostem,ješitnosti,ješitnosti,ješitnostech,ješitnostmi
vděčnost,gratitude/thankfulness,f,false,kost,B2,"misc,abstract,feeling",vděčnost,vděčnosti,vděčnosti,vděčnost,vděčnosti,vděčnosti,vděčností,vděčnosti,vděčností,vděčnostem,vděčnosti,vděčnosti,vděčnostech,vděčnostmi
svévolnost,arbitrariness/willfulness,f,false,kost,B2,"misc,abstract",svévolnost,svévolnosti,svévolnosti,svévolnost,svévolnosti,svévolnosti,svévolností,svévolnosti,svévolností,svévolnostem,svévolnosti,svévolnosti,svévolnostech,svévolnostmi
marnost,futility/vanity,f,false,kost,B2,"misc,abstract",marnost,marnosti,marnosti,marnost,marnosti,marnosti,marností,marnosti,marností,marnostem,marnosti,marnosti,marnostech,marnostmi
zručnost,dexterity/skill,f,false,kost,B2,"misc,abstract",zručnost,zručnosti,zručnosti,zručnost,zručnosti,zručnosti,zručností,zručnosti,zručností,zručnostem,zručnosti,zručnosti,zručnostech,zručnostmi
lstivost,cunning/craftiness,f,false,kost,B2,"misc,abstract",lstivost,lstivosti,lstivosti,lstivost,lstivosti,lstivosti,lstivostí,lstivosti,lstivostí,lstivostem,lstivosti,lstivosti,lstivostech,lstivostmi
neohroženost,fearlessness/intrepidity,f,false,kost,B2,"misc,abstract",neohroženost,neohroženosti,neohroženosti,neohroženost,neohroženosti,neohroženosti,neohrožeností,neohroženosti,neohrožeností,neohroženostem,neohroženosti,neohroženosti,neohroženostech,neohroženostmi
doupě,den/lair,n,false,kuře,B2,"nature,places,v_place",doupě,doupěte,doupěti,doupě,doupě,doupěti,doupětem,doupata,doupat,doupatům,doupata,doupata,doupatech,doupaty
brko,straw (drinking),n,false,město,B2,objects,brko,brka,brku,brko,brko,brku,brkem,brka,brk,brkům,brka,brka,brkách,brky
platidlo,currency/means of payment,n,false,město,B2,"misc,objects,portable",platidlo,platidla,platidlu,platidlo,platidlo,platidle,platidlem,platidla,platidel,platidlům,platidla,platidla,platidlech,platidly
pečivo,pastry/baked goods,n,false,město,B2,"food,weighable,sliceable",pečivo,pečiva,pečivu,pečivo,pečivo,pečivu,pečivem,pečiva,pečiv,pečivům,pečiva,pečiva,pečivech,pečivy
tržiště,marketplace,n,false,moře,B2,"places,na_place",tržiště,tržiště,tržišti,tržiště,tržiště,tržišti,tržištěm,tržiště,tržišť,tržištím,tržiště,tržiště,tržištích,tržišti
pohřebiště,burial ground/cemetery,n,false,moře,B2,"places,na_place",pohřebiště,pohřebiště,pohřebišti,pohřebiště,pohřebiště,pohřebišti,pohřebištěm,pohřebiště,pohřebišť,pohřebištím,pohřebiště,pohřebiště,pohřebištích,pohřebišti
cvičiště,training ground,n,false,moře,B2,"places,na_place",cvičiště,cvičiště,cvičišti,cvičiště,cvičiště,cvičišti,cvičištěm,cvičiště,cvičišť,cvičištím,cvičiště,cvičiště,cvičištích,cvičišti
dějiště,scene (of events),n,false,moře,B2,"places,na_place",dějiště,dějiště,dějišti,dějiště,dějiště,dějišti,dějištěm,dějiště,dějišť,dějištím,dějiště,dějiště,dějištích,dějišti
kolbiště,arena/jousting ground,n,false,moře,B2,"places,na_place",kolbiště,kolbiště,kolbišti,kolbiště,kolbiště,kolbišti,kolbištěm,kolbiště,kolbišť,kolbištím,kolbiště,kolbiště,kolbištích,kolbišti
jehně,lamb,n,false,kuře,B2,"animals,food",jehně,jehněte,jehněti,jehně,jehně,jehněti,jehnětem,jehňata,jehňat,jehňatům,jehňata,jehňata,jehňatech,jehňaty
sele,piglet,n,false,kuře,B2,animals,sele,selete,seleti,sele,sele,seleti,seletem,selata,selat,selatům,selata,selata,selatech,selaty
štěně,puppy,n,false,kuře,B2,animals,štěně,štěněte,štěněti,štěně,štěně,štěněti,štěnětem,štěňata,štěňat,štěňatům,štěňata,štěňata,štěňatech,štěňaty
kotě,kitten,n,false,kuře,B2,animals,kotě,kotěte,kotěti,kotě,kotě,kotěti,kotětem,koťata,koťat,koťatům,koťata,koťata,koťatech,koťaty
rajče,tomato,n,false,kuře,B2,food,rajče,rajčete,rajčeti,rajče,rajče,rajčeti,rajčetem,rajčata,rajčat,rajčatům,rajčata,rajčata,rajčatech,rajčaty
koště,broom,n,false,kuře,B2,objects,koště,koštěte,koštěti,koště,koště,koštěti,koštětem,košťata,košťat,košťatům,košťata,košťata,košťatech,košťaty
vysvědčení,report card/certificate,n,false,stavení,B2,"misc,objects",vysvědčení,vysvědčení,vysvědčení,vysvědčení,vysvědčení,vysvědčení,vysvědčením,vysvědčení,vysvědčení,vysvědčením,vysvědčení,vysvědčení,vysvědčeních,vysvědčeními
odškodnění,compensation/indemnification,n,false,stavení,B2,"misc,abstract",odškodnění,odškodnění,odškodnění,odškodnění,odškodnění,odškodnění,odškodněním,odškodnění,odškodnění,odškodněním,odškodnění,odškodnění,odškodněních,odškodněními
pronásledování,persecution/pursuit,n,false,stavení,B2,"misc,abstract",pronásledování,pronásledování,pronásledování,pronásledování,pronásledování,pronásledování,pronásledováním,pronásledování,pronásledování,pronásledováním,pronásledování,pronásledování,pronásledováních,pronásledováními
přestěhování,relocation/moving,n,false,stavení,B2,"misc,abstract",přestěhování,přestěhování,přestěhování,přestěhování,přestěhování,přestěhování,přestěhováním,přestěhování,přestěhování,přestěhováním,přestěhování,přestěhování,přestěhováních,přestěhováními
nadání,talent/gift,n,false,stavení,B2,"misc,abstract",nadání,nadání,nadání,nadání,nadání,nadání,nadáním,nadání,nadání,nadáním,nadání,nadání,nadáních,nadáními
usnesení,resolution/decree,n,false,stavení,B2,"misc,abstract",usnesení,usnesení,usnesení,usnesení,usnesení,usnesení,usnesením,usnesení,usnesení,usnesením,usnesení,usnesení,usneseních,usneseními
uskutečnění,realization/fulfillment,n,false,stavení,B2,"misc,abstract",uskutečnění,uskutečnění,uskutečnění,uskutečnění,uskutečnění,uskutečnění,uskutečněním,uskutečnění,uskutečnění,uskutečněním,uskutečnění,uskutečnění,uskutečněních,uskutečněními
zprostředkování,mediation/brokerage,n,false,stavení,B2,"misc,abstract",zprostředkování,zprostředkování,zprostředkování,zprostředkování,zprostředkování,zprostředkování,zprostředkováním,zprostředkování,zprostředkování,zprostředkováním,zprostředkování,zprostředkování,zprostředkováních,zprostředkováními
povědomí,awareness,n,false,stavení,B2,"misc,abstract",povědomí,povědomí,povědomí,povědomí,povědomí,povědomí,povědomím,povědomí,povědomí,povědomím,povědomí,povědomí,povědomích,povědomími
odhodlání,determination/resolve,n,false,stavení,B2,"misc,abstract",odhodlání,odhodlání,odhodlání,odhodlání,odhodlání,odhodlání,odhodláním,odhodlání,odhodlání,odhodláním,odhodlání,odhodlání,odhodláních,odhodláními
spiknutí,conspiracy/plot,n,false,stavení,B2,"misc,abstract",spiknutí,spiknutí,spiknutí,spiknutí,spiknutí,spiknutí,spiknutím,spiknutí,spiknutí,spiknutím,spiknutí,spiknutí,spiknutích,spiknutími
pohoršení,outrage/scandal,n,false,stavení,B2,"misc,abstract",pohoršení,pohoršení,pohoršení,pohoršení,pohoršení,pohoršení,pohoršením,pohoršení,pohoršení,pohoršením,pohoršení,pohoršení,pohoršeních,pohoršeními
rozhořčení,indignation/outrage,n,false,stavení,B2,"misc,abstract",rozhořčení,rozhořčení,rozhořčení,rozhořčení,rozhořčení,rozhořčení,rozhořčením,rozhořčení,rozhořčení,rozhořčením,rozhořčení,rozhořčení,rozhořčeních,rozhořčeními
bažina,swamp/marsh,f,false,žena,B2,"nature,places,v_place",bažina,bažiny,bažině,bažinu,bažino,bažině,bažinou,bažiny,bažin,bažinám,bažiny,bažiny,bažinách,bažinami
útes,cliff/crag,m,false,hrad,B2,"nature,places,na_place",útes,útesu,útesu,útes,útese,útese,útesem,útesy,útesů,útesům,útesy,útesy,útesech,útesy
ledovec,glacier,m,false,stroj,B2,"nature,places,na_place",ledovec,ledovce,ledovci,ledovec,ledovci,ledovci,ledovcem,ledovce,ledovců,ledovcům,ledovce,ledovce,ledovcích,ledovci
průsmyk,mountain pass,m,false,hrad,B2,"nature,places,v_place",průsmyk,průsmyku,průsmyku,průsmyk,průsmyku,průsmyku,průsmykem,průsmyky,průsmyků,průsmykům,průsmyky,průsmyky,průsmycích,průsmyky
vyslanec,envoy/ambassador,m,true,muž,B2,people,vyslanec,vyslance,vyslanci,vyslance,vyslanče,vyslanci,vyslancem,vyslanci,vyslanců,vyslancům,vyslance,vyslanci,vyslancích,vyslanci
věřitel,creditor,m,true,muž,B2,people,věřitel,věřitele,věřiteli,věřitele,věřiteli,věřiteli,věřitelem,věřitelé,věřitelů,věřitelům,věřitele,věřitelé,věřitelích,věřiteli
dlužník,debtor,m,true,pán,B2,people,dlužník,dlužníka,dlužníkovi,dlužníka,dlužníku,dlužníkovi,dlužníkem,dlužníci,dlužníků,dlužníkům,dlužníky,dlužníci,dlužnících,dlužníky
šarlatán,charlatan/quack,m,true,pán,B2,people,šarlatán,šarlatána,šarlatánovi,šarlatána,šarlatáne,šarlatánovi,šarlatánem,šarlatáni,šarlatánů,šarlatánům,šarlatány,šarlatáni,šarlatánech,šarlatány
sklepení,vault/cellar,n,false,stavení,B2,"places,v_place",sklepení,sklepení,sklepení,sklepení,sklepení,sklepení,sklepením,sklepení,sklepení,sklepením,sklepení,sklepení,sklepeních,sklepeními
nábřeží,embankment/waterfront,n,false,stavení,B2,"places,na_place",nábřeží,nábřeží,nábřeží,nábřeží,nábřeží,nábřeží,nábřežím,nábřeží,nábřeží,nábřežím,nábřeží,nábřeží,nábřežích,nábřežími
šlacha,tendon/sinew,f,false,žena,B2,body,šlacha,šlachy,šlaše,šlachu,šlacho,šlaše,šlachou,šlachy,šlach,šlachám,šlachy,šlachy,šlachách,šlachami
čelist,jaw,f,false,kost,B2,body,čelist,čelisti,čelisti,čelist,čelisti,čelisti,čelistí,čelisti,čelistí,čelistem,čelisti,čelisti,čelistech,čelistmi
koření,spices/seasoning,n,false,stavení,B2,food,koření,koření,koření,koření,koření,koření,kořením,koření,koření,kořením,koření,koření,kořeních,kořeními
uzenina,cured meat/deli meat,f,false,žena,B2,food,uzenina,uzeniny,uzenině,uzeninu,uzenino,uzenině,uzeninou,uzeniny,uzenin,uzeninám,uzeniny,uzeniny,uzeninách,uzeninami
úsvit,dawn/daybreak,m,false,hrad,B2,"time,nature,calendar_unit",úsvit,úsvitu,úsvitu,úsvit,úsvite,úsvitě,úsvitem,úsvity,úsvitů,úsvitům,úsvity,úsvity,úsvitech,úsvity
soumrak,dusk/twilight,m,false,hrad,B2,"time,nature,calendar_unit",soumrak,soumraku,soumraku,soumrak,soumraku,soumraku,soumrakem,soumraky,soumraků,soumrakům,soumraky,soumraky,soumracích,soumraky
mezidobí,interim/interval,n,false,stavení,B2,"time,era",mezidobí,mezidobí,mezidobí,mezidobí,mezidobí,mezidobí,mezidobím,mezidobí,mezidobí,mezidobím,mezidobí,mezidobí,mezidobích,mezidobími
přívěs,trailer,m,false,hrad,B2,transportation,přívěs,přívěsu,přívěsu,přívěs,přívěse,přívěsu,přívěsem,přívěsy,přívěsů,přívěsům,přívěsy,přívěsy,přívěsech,přívěsy
trajekt,ferry,m,false,hrad,B2,transportation,trajekt,trajektu,trajektu,trajekt,trajekte,trajektu,trajektem,trajekty,trajektů,trajektům,trajekty,trajekty,trajektech,trajekty
gondola,gondola,f,false,žena,B2,transportation,gondola,gondoly,gondole,gondolu,gondolo,gondole,gondolou,gondoly,gondol,gondolám,gondoly,gondoly,gondolách,gondolami
gazela,gazelle,f,false,žena,B2,animals,gazela,gazely,gazele,gazelu,gazelo,gazele,gazelou,gazely,gazel,gazelám,gazely,gazely,gazelách,gazelami
jestřáb,hawk,m,true,pán,B2,animals,jestřáb,jestřába,jestřábovi,jestřába,jestřábe,jestřábovi,jestřábem,jestřábové,jestřábů,jestřábům,jestřáby,jestřábové,jestřábech,jestřáby
podstavec,pedestal/stand,m,false,stroj,B2,objects,podstavec,podstavce,podstavci,podstavec,podstavci,podstavci,podstavcem,podstavce,podstavců,podstavcům,podstavce,podstavce,podstavcích,podstavci
obojek,collar (for animals),m,false,hrad,B2,objects,obojek,obojku,obojku,obojek,obojku,obojku,obojkem,obojky,obojků,obojkům,obojky,obojky,obojcích,obojky
závaží,weight/counterweight,n,false,stavení,B2,objects,závaží,závaží,závaží,závaží,závaží,závaží,závažím,závaží,závaží,závažím,závaží,závaží,závažích,závažími
přezka,buckle,f,false,žena,B2,"objects,portable",přezka,přezky,přezce,přezku,přezko,přezce,přezkou,přezky,přezek,přezkám,přezky,přezky,přezkách,přezkami
hmoždíř,mortar (bowl),m,false,stroj,B2,objects,hmoždíř,hmoždíře,hmoždíři,hmoždíř,hmoždíři,hmoždíři,hmoždířem,hmoždíře,hmoždířů,hmoždířům,hmoždíře,hmoždíře,hmoždířích,hmoždíři
velkomyslnost,generosity/magnanimity,f,false,kost,B2,"misc,abstract",velkomyslnost,velkomyslnosti,velkomyslnosti,velkomyslnost,velkomyslnosti,velkomyslnosti,velkomyslností,velkomyslnosti,velkomyslností,velkomyslnostem,velkomyslnosti,velkomyslnosti,velkomyslnostech,velkomyslnostmi
uhlazenost,refinement/polish,f,false,kost,B2,"misc,abstract",uhlazenost,uhlazenosti,uhlazenosti,uhlazenost,uhlazenosti,uhlazenosti,uhlazeností,uhlazenosti,uhlazeností,uhlazenostem,uhlazenosti,uhlazenosti,uhlazenostech,uhlazenostmi
zdrženlivost,restraint/temperance,f,false,kost,B2,"misc,abstract",zdrženlivost,zdrženlivosti,zdrženlivosti,zdrženlivost,zdrženlivosti,zdrženlivosti,zdrženlivostí,zdrženlivosti,zdrženlivostí,zdrženlivostem,zdrženlivosti,zdrženlivosti,zdrženlivostech,zdrženlivostmi
bezúhonnost,integrity/blamelessness,f,false,kost,B2,"misc,abstract",bezúhonnost,bezúhonnosti,bezúhonnosti,bezúhonnost,bezúhonnosti,bezúhonnosti,bezúhonností,bezúhonnosti,bezúhonností,bezúhonnostem,bezúhonnosti,bezúhonnosti,bezúhonnostech,bezúhonnostmi
záda,back,n,false,město,A1,"body,surface_body",,,,,,,,záda,zád,zádům,záda,záda,zádech,zády
dveře,door,f,false,růže,A1,objects,,,,,,,,dveře,dveří,dveřím,dveře,dveře,dveřích,dveřmi
kalhoty,trousers,f,false,žena,A2,clothing,,,,,,,,kalhoty,kalhot,kalhotám,kalhoty,kalhoty,kalhotách,kalhotami
peníze,money,m,false,stroj,A1,"misc,abstract",,,,,,,,peníze,peněz,penězům,peníze,peníze,penězích,penězi
hranolky,fries,m,false,hrad,A1,food,,,,,,,,hranolky,hranolků,hranolkům,hranolky,hranolky,hranolcích,hranolky
banán,banana (fruit),m,false,hrad,A1,"food,sliceable",banán,banánu,banánu,banán,banáne,banánu,banánem,banány,banánů,banánům,banány,banány,banánech,banány
brokolice,broccoli,f,false,růže,A1,food,brokolice,brokolice,brokolici,brokolici,brokolice,brokolici,brokolicí,brokolice,brokolic,brokolicím,brokolice,brokolice,brokolicích,brokolicemi
chaos,chaos (state of disorder),m,false,hrad,A1,abstract,chaos,chaosu,chaosu,chaos,chaose,chaosu,chaosem,chaosy,chaosů,chaosům,chaosy,chaosy,chaosech,chaosy
citron,lemon,m,false,hrad,A1,food,citron,citronu,citronu,citron,citrone,citroně,citronem,citrony,citronů,citronům,citrony,citrony,citronech,citrony
jogurt,yogurt,m,false,hrad,A1,food,jogurt,jogurtu,jogurtu,jogurt,jogurte,jogurtu,jogurtem,jogurty,jogurtů,jogurtům,jogurty,jogurty,jogurtech,jogurty
kakao,cocoa,n,false,město,A1,"food,drink",kakao,kakaa,kakau,kakao,kakao,kakau,kakaem,kakaa,kakaí,kakaům,kakaa,kakaa,kakaech,kakay
majonéza,mayonnaise (dressing),f,false,žena,A1,food,majonéza,majonézy,majonéze,majonézu,majonézo,majonéze,majonézou,majonézy,majonéz,majonézám,majonézy,majonézy,majonézách,majonézami
minerálka,water (mineral water),f,false,žena,A1,"food,drink",minerálka,minerálky,minerálce,minerálku,minerálko,minerálce,minerálkou,minerálky,minerálek,minerálkám,minerálky,minerálky,minerálkách,minerálkami
okurka,cucumber,f,false,žena,A1,food,okurka,okurky,okurce,okurku,okurko,okurce,okurkou,okurky,okurek,okurkám,okurky,okurky,okurkách,okurkami
plurál,plural,m,false,hrad,A1,abstract,plurál,plurálu,plurálu,plurál,plurále,plurále,plurálem,plurály,plurálů,plurálům,plurály,plurály,plurálech,plurály
profesorka,female professor,f,false,žena,A1,"people,profession",profesorka,profesorky,profesorce,profesorku,profesorko,profesorce,profesorkou,profesorky,profesorek,profesorkám,profesorky,profesorky,profesorkách,profesorkami
rohlík,roll (a form of bread),m,false,hrad,A1,food,rohlík,rohlíku,rohlíku,rohlík,rohlíku,rohlíku,rohlíkem,rohlíky,rohlíků,rohlíkům,rohlíky,rohlíky,rohlících,rohlíky
salám,salami,m,false,hrad,A1,"food,weighable,sliceable",salám,salámu,salámu,salám,saláme,salámu,salámem,salámy,salámů,salámům,salámy,salámy,salámech,salámy
studentka,student,f,false,žena,A1,profession,studentka,studentky,studentce,studentku,studentko,studentce,studentkou,studentky,studentek,studentkám,studentky,studentky,studentkách,studentkami
supermarket,supermarket,m,false,hrad,A1,"places,v_place",supermarket,supermarketu,supermarketu,supermarket,supermarkete,supermarketu,supermarketem,supermarkety,supermarketů,supermarketům,supermarkety,supermarkety,supermarketech,supermarkety
taxík,"taxi, cab",m,false,hrad,A1,"transportation,vehicle",taxík,taxíku,taxíku,taxík,taxíku,taxíku,taxíkem,taxíky,taxíků,taxíkům,taxíky,taxíky,taxících,taxíky
toaleta,"toilet (formal), restroom",f,false,žena,A1,"places,v_place,indoor",toaleta,toalety,toaletě,toaletu,toaleto,toaletě,toaletou,toalety,toalet,toaletám,toalety,toalety,toaletách,toaletami
zmrzlina,ice cream,f,false,žena,A1,food,zmrzlina,zmrzliny,zmrzlině,zmrzlinu,zmrzlino,zmrzlině,zmrzlinou,zmrzliny,zmrzlin,zmrzlinám,zmrzliny,zmrzliny,zmrzlinách,zmrzlinami
asistentka,female assistant,f,false,žena,A1,"people,profession",asistentka,asistentky,asistentce,asistentku,asistentko,asistentce,asistentkou,asistentky,asistentek,asistentkám,asistentky,asistentky,asistentkách,asistentkami
bratranec,cousin (male),m,true,muž,A1,"family,people",bratranec,bratrance,bratranci,bratrance,bratranče,bratranci,bratrancem,bratranci,bratranců,bratrancům,bratrance,bratranci,bratrancích,bratranci
diář,planner (notebook),m,false,stroj,A1,"objects,readable,portable",diář,diáře,diáři,diář,diáři,diáři,diářem,diáře,diářů,diářům,diáře,diáře,diářích,diáři
hrnek,"mug, cup (vessel for drinking)",m,false,hrad,A1,objects,hrnek,hrnku,hrnku,hrnek,hrnku,hrnku,hrnkem,hrnky,hrnků,hrnkům,hrnky,hrnky,hrncích,hrnky
kolegyně,female colleague,f,false,růže,A1,"family,people",kolegyně,kolegyně,kolegyni,kolegyni,kolegyně,kolegyni,kolegyní,kolegyně,kolegyní,kolegyním,kolegyně,kolegyně,kolegyních,kolegyněmi
milionář,millionaire,m,true,muž,A1,people,milionář,milionáře,milionáři,milionáře,milionáři,milionáři,milionářem,milionáři,milionářů,milionářům,milionáře,milionáři,milionářích,milionáři
milionářka,female equivalent of milionář,f,true,žena,A1,people,milionářka,milionářky,milionářce,milionářku,milionářko,milionářce,milionářkou,milionářky,milionářek,milionářkám,milionářky,milionářky,milionářkách,milionářkami
optimista,optimist,m,true,předseda,A1,people,optimista,optimisty,optimistovi,optimistu,optimisto,optimistovi,optimistou,optimisté,optimistů,optimistům,optimisty,optimisté,optimistech,optimisty
optimistka,female optimist,f,true,žena,A1,people,optimistka,optimistky,optimistce,optimistku,optimistko,optimistce,optimistkou,optimistky,optimistek,optimistkám,optimistky,optimistky,optimistkách,optimistkami
paní,"lady, Mrs., madam",f,false,žena,A1,"family,people",paní,paní,paní,paní,paní,paní,paní,paní,paní,paním,paní,paní,paních,paními
partnerka,female equivalent of partner,f,false,žena,A1,"family,people",partnerka,partnerky,partnerce,partnerku,partnerko,partnerce,partnerkou,partnerky,partnerek,partnerkám,partnerky,partnerky,partnerkách,partnerkami
pesimista,pessimist,m,true,předseda,A1,people,pesimista,pesimisty,pesimistovi,pesimistu,pesimisto,pesimistovi,pesimistou,pesimisté,pesimistů,pesimistům,pesimisty,pesimisté,pesimistech,pesimisty
pesimistka,female pessimist,f,true,žena,A1,people,pesimistka,pesimistky,pesimistce,pesimistku,pesimistko,pesimistce,pesimistkou,pesimistky,pesimistek,pesimistkám,pesimistky,pesimistky,pesimistkách,pesimistkami
premiérka,female prime minister,f,true,žena,A1,"misc,people,profession",premiérka,premiérky,premiérce,premiérku,premiérko,premiérce,premiérkou,premiérky,premiérek,premiérkám,premiérky,premiérky,premiérkách,premiérkami
prezidentka,president (female),f,false,žena,A1,"people,profession",prezidentka,prezidentky,prezidentce,prezidentku,prezidentko,prezidentce,prezidentkou,prezidentky,prezidentek,prezidentkám,prezidentky,prezidentky,prezidentkách,prezidentkami
puberťačka,teenage girl,f,true,žena,A1,"family,people",puberťačka,puberťačky,puberťačce,puberťačku,puberťačko,puberťačce,puberťačkou,puberťačky,puberťaček,puberťačkám,puberťačky,puberťačky,puberťačkách,puberťačkami
puberťák,"teenager, adolescent",m,true,pán,A1,people,puberťák,puberťáka,puberťákovi,puberťáka,puberťáku,puberťákovi,puberťákem,puberťáci,puberťáků,puberťákům,puberťáky,puberťáci,puberťácích,puberťáky
pán,Mr,m,true,pán,A1,"family,people",pán,pána,pánovi,pána,pane,pánovi,pánem,páni,pánů,pánům,pány,páni,pánech,pány
sekretář,secretary,m,true,muž,A1,"family,people,profession",sekretář,sekretáře,sekretáři,sekretáře,sekretáři,sekretáři,sekretářem,sekretáře,sekretářů,sekretářům,sekretáře,sekretáře,sekretářích,sekretáři
sekretářka,secretary (person who handles general clerical work),f,true,žena,A1,"family,people,profession",sekretářka,sekretářky,sekretářce,sekretářku,sekretářko,sekretářce,sekretářkou,sekretářky,sekretářek,sekretářkám,sekretářky,sekretářky,sekretářkách,sekretářkami
sestřenice,cousin,f,false,růže,A1,family,sestřenice,sestřenice,sestřenici,sestřenici,sestřenice,sestřenici,sestřenicí,sestřenice,sestřenic,sestřenicím,sestřenice,sestřenice,sestřenicích,sestřenicemi
sportovkyně,"sportswoman, female athlete",f,true,růže,A1,people,sportovkyně,sportovkyně,sportovkyni,sportovkyni,sportovkyně,sportovkyni,sportovkyní,sportovkyně,sportovkyní,sportovkyním,sportovkyně,sportovkyně,sportovkyních,sportovkyněmi
vegetarián,vegetarian,m,true,pán,A1,people,vegetarián,vegetariána,vegetariánovi,vegetariána,vegetariáne,vegetariánovi,vegetariánem,vegetariánové,vegetariánů,vegetariánům,vegetariány,vegetariánové,vegetariánech,vegetariány
vegetariánka,vegetarian (female),f,false,žena,A1,people,vegetariánka,vegetariánky,vegetariánce,vegetariánku,vegetariánko,vegetariánce,vegetariánkou,vegetariánky,vegetariánek,vegetariánkám,vegetariánky,vegetariánky,vegetariánkách,vegetariánkami
vnuk,grandson,m,true,pán,A1,family,vnuk,vnuka,vnukovi,vnuka,vnuku,vnukovi,vnukem,vnuci,vnuků,vnukům,vnuky,vnuci,vnucích,vnuky
vnučka,granddaughter,f,true,žena,A1,family,vnučka,vnučky,vnučce,vnučku,vnučko,vnučce,vnučkou,vnučky,vnuček,vnučkám,vnučky,vnučky,vnučkách,vnučkami
balet,ballet,m,false,hrad,A1,objects,balet,baletu,baletu,balet,balete,baletu,baletem,balety,baletů,baletům,balety,balety,baletech,balety
basketbal,basketball (the sport),m,false,hrad,A1,abstract,basketbal,basketbalu,basketbalu,basketbal,basketbale,basketbale,basketbalem,basketbaly,basketbalů,basketbalům,basketbaly,basketbaly,basketbalech,basketbaly
detektivka,detective story,f,false,žena,A1,"objects,readable,portable",detektivka,detektivky,detektivce,detektivku,detektivko,detektivce,detektivkou,detektivky,detektivek,detektivkám,detektivky,detektivky,detektivkách,detektivkami
diskotéka,disco,f,false,žena,A1,"event,places,v_place",diskotéka,diskotéky,diskotéce,diskotéku,diskotéko,diskotéce,diskotékou,diskotéky,diskoték,diskotékám,diskotéky,diskotéky,diskotékách,diskotékami
golf,golf (a ball game),m,false,hrad,A1,abstract,golf,golfu,golfu,golf,golfe,golfu,golfem,golfy,golfů,golfům,golfy,golfy,golfech,golfy
jóga,yoga,f,false,žena,A1,"misc,abstract",jóga,jógy,józe,jógu,jógo,józe,jógou,jógy,jóg,jógám,jógy,jógy,jógách,jógami
kurz,course (period of learning),m,false,hrad,A1,abstract,kurz,kurzu,kurzu,kurz,kurze,kurze,kurzem,kurzy,kurzů,kurzům,kurzy,kurzy,kurzech,kurzy
lekce,"lesson, lessons",f,false,růže,A1,abstract,lekce,lekce,lekci,lekci,lekce,lekci,lekcí,lekce,lekcí,lekcím,lekce,lekce,lekcích,lekcemi
mítink,meeting,m,false,hrad,A1,abstract,mítink,mítinku,mítinku,mítink,mítinku,mítinku,mítinkem,mítinky,mítinků,mítinkům,mítinky,mítinky,mítincích,mítinky
volejbal,volleyball (sport or game),m,false,hrad,A1,abstract,volejbal,volejbalu,volejbalu,volejbal,volejbale,volejbale,volejbalem,volejbaly,volejbalů,volejbalům,volejbaly,volejbaly,volejbalech,volejbaly
cizinka,female foreigner,f,false,žena,A1,people,cizinka,cizinky,cizince,cizinku,cizinko,cizince,cizinkou,cizinky,cizinek,cizinkám,cizinky,cizinky,cizinkách,cizinkami
cukrárna,cake shop,f,false,žena,A1,"places,v_place",cukrárna,cukrárny,cukrárně,cukrárnu,cukrárno,cukrárně,cukrárnou,cukrárny,cukráren,cukrárnám,cukrárny,cukrárny,cukrárnách,cukrárnami
fotografka,female photographer,f,false,žena,A1,"people,profession",fotografka,fotografky,fotografce,fotografku,fotografko,fotografce,fotografkou,fotografky,fotografek,fotografkám,fotografky,fotografky,fotografkách,fotografkami
šéfka,female boss,f,false,žena,A1,"people,profession",šéfka,šéfky,šéfce,šéfku,šéfko,šéfce,šéfkou,šéfky,šéfek,šéfkám,šéfky,šéfky,šéfkách,šéfkami
biftek,steak (slice of beef),m,false,hrad,A1,food,biftek,bifteku,bifteku,biftek,bifteku,bifteku,biftekem,bifteky,bifteků,biftekům,bifteky,bifteky,biftecích,bifteky
dezert,dessert,m,false,hrad,A1,"food,meal",dezert,dezertu,dezertu,dezert,dezerte,dezertu,dezertem,dezerty,dezertů,dezertům,dezerty,dezerty,dezertech,dezerty
dieta,diet,f,false,žena,A1,abstract,dieta,diety,dietě,dietu,dieto,dietě,dietou,diety,diet,dietám,diety,diety,dietách,dietami
džus,juice,m,false,hrad,A1,"food,drink",džus,džusu,džusu,džus,džuse,džusu,džusem,džusy,džusů,džusům,džusy,džusy,džusech,džusy
kapr,carp,m,true,pán,A1,"animals,food",kapr,kapra,kaprovi,kapra,kapře,kaprovi,kaprem,kapři,kaprů,kaprům,kapry,kapři,kaprech,kapry
kola,cola,f,false,žena,A1,"food,drink",kola,koly,kole,kolu,kolo,kole,kolou,koly,kol,kolám,koly,koly,kolách,kolami
limonáda,soft drink,f,false,žena,A1,"food,drink",limonáda,limonády,limonádě,limonádu,limonádo,limonádě,limonádou,limonády,limonád,limonádám,limonády,limonády,limonádách,limonádami
matematika,mathematics,f,false,žena,A1,abstract,matematika,matematiky,matematice,matematiku,matematiko,matematice,matematikou,matematiky,matematik,matematikám,matematiky,matematiky,matematikách,matematikami
moučník,"cake, dessert, pastry",m,false,hrad,A1,"food,meal",moučník,moučníku,moučníku,moučník,moučníku,moučníku,moučníkem,moučníky,moučníků,moučníkům,moučníky,moučníky,moučnících,moučníky
omeleta,omelette,f,false,žena,A1,"food,meal",omeleta,omelety,omeletě,omeletu,omeleto,omeletě,omeletou,omelety,omelet,omeletám,omelety,omelety,omeletách,omeletami
předkrm,"appetizer, hors d'oeuvre, starter",m,false,hrad,A1,"meal,food",předkrm,předkrmu,předkrmu,předkrm,předkrme,předkrmu,předkrmem,předkrmy,předkrmů,předkrmům,předkrmy,předkrmy,předkrmech,předkrmy
roláda,Swiss roll,f,false,žena,A1,"food,sliceable",roláda,rolády,roládě,roládu,roládo,roládě,roládou,rolády,rolád,roládám,rolády,rolády,roládách,roládami
rýže,rice,f,false,růže,A1,"food,weighable",rýže,rýže,rýži,rýži,rýže,rýži,rýží,rýže,rýží,rýžím,rýže,rýže,rýžích,rýžemi
smetana,cream (the dairy product),f,false,žena,A1,food,smetana,smetany,smetaně,smetanu,smetano,smetaně,smetanou,smetany,smetan,smetanám,smetany,smetany,smetanách,smetanami
šlehačka,whipped cream,f,false,žena,A1,food,šlehačka,šlehačky,šlehačce,šlehačku,šlehačko,šlehačce,šlehačkou,šlehačky,šlehaček,šlehačkám,šlehačky,šlehačky,šlehačkách,šlehačkami
špageta,spaghetti,f,false,žena,A1,food,špageta,špagety,špagetě,špagetu,špageto,špagetě,špagetou,špagety,špaget,špagetám,špagety,špagety,špagetách,špagetami
šunka,ham (thigh of a hog cured for food),f,false,žena,A1,"food,weighable,sliceable",šunka,šunky,šunce,šunku,šunko,šunce,šunkou,šunky,šunek,šunkám,šunky,šunky,šunkách,šunkami
žízeň,thirst,f,false,píseň,A1,abstract,žízeň,žízně,žízni,žízeň,žízni,žízni,žízní,žízně,žízní,žízním,žízně,žízně,žízních,žízněmi
američanka,American woman,f,true,žena,A1,"people,nationality",američanka,američanky,američance,američanku,američanko,američance,američankou,američanky,američanek,američankám,američanky,američanky,američankách,američankami
angličanka,Englishwoman,f,true,žena,A1,"people,nationality",angličanka,angličanky,angličance,angličanku,angličanko,angličance,angličankou,angličanky,angličanek,angličankám,angličanky,angličanky,angličankách,angličankami
knír,mustache,m,false,hrad,A1,body,knír,kníru,kníru,knír,kníre,kníru,knírem,kníry,knírů,knírům,kníry,kníry,knírech,kníry
koňak,cognac (brandy),m,false,hrad,A1,"food,drink",koňak,koňaku,koňaku,koňak,koňaku,koňaku,koňakem,koňaky,koňaků,koňakům,koňaky,koňaky,koňacích,koňaky
kosmetika,cosmetics,f,false,žena,A1,objects,kosmetika,kosmetiky,kosmetice,kosmetiku,kosmetiko,kosmetice,kosmetikou,kosmetiky,kosmetik,kosmetikám,kosmetiky,kosmetiky,kosmetikách,kosmetikami
nekuřák,non-smoker,m,true,pán,A1,people,nekuřák,nekuřáka,nekuřákovi,nekuřáka,nekuřáku,nekuřákovi,nekuřákem,nekuřáci,nekuřáků,nekuřákům,nekuřáky,nekuřáci,nekuřácích,nekuřáky
nekuřáčka,female non-smoker,f,true,žena,A1,people,nekuřáčka,nekuřáčky,nekuřáčce,nekuřáčku,nekuřáčko,nekuřáčce,nekuřáčkou,nekuřáčky,nekuřáček,nekuřáčkám,nekuřáčky,nekuřáčky,nekuřáčkách,nekuřáčkami
parfém,perfume (substance),m,false,hrad,A1,"objects,portable",parfém,parfému,parfému,parfém,parféme,parfému,parfémem,parfémy,parfémů,parfémům,parfémy,parfémy,parfémech,parfémy
pračka,"washing machine, washer",f,false,žena,A1,objects,pračka,pračky,pračce,pračku,pračko,pračce,pračkou,pračky,praček,pračkám,pračky,pračky,pračkách,pračkami
ambasáda,embassy (organization),f,false,žena,A1,"places,na_place",ambasáda,ambasády,ambasádě,ambasádu,ambasádo,ambasádě,ambasádou,ambasády,ambasád,ambasádám,ambasády,ambasády,ambasádách,ambasádami
rande,"date, appointment (meeting with a lover or potential lover)",n,false,moře,A1,abstract,rande,rande,rande,rande,rande,rande,randem,rande,rande,randem,rande,rande,rande,rande
vinárna,wine bar,f,false,žena,A1,"places,v_place",vinárna,vinárny,vinárně,vinárnu,vinárno,vinárně,vinárnou,vinárny,vináren,vinárnám,vinárny,vinárny,vinárnách,vinárnami
ananas,pineapple,m,false,hrad,A1,food,ananas,ananasu,ananasu,ananas,ananase,ananasu,ananasem,ananasy,ananasů,ananasům,ananasy,ananasy,ananasech,ananasy
bronchitida,bronchitis,f,false,žena,A1,abstract,bronchitida,bronchitidy,bronchitidě,bronchitidu,bronchitido,bronchitidě,bronchitidou,bronchitidy,bronchitid,bronchitidám,bronchitidy,bronchitidy,bronchitidách,bronchitidami
esemeska,text message,f,false,žena,A1,readable,esemeska,esemesky,esemesce,esemesku,esemesko,esemesce,esemeskou,esemesky,esemesek,esemeskám,esemesky,esemesky,esemeskách,esemeskami
lékárna,pharmacy,f,false,žena,A1,"places,v_place",lékárna,lékárny,lékárně,lékárnu,lékárno,lékárně,lékárnou,lékárny,lékáren,lékárnám,lékárny,lékárny,lékárnách,lékárnami
migréna,migraine,f,false,žena,A1,abstract,migréna,migrény,migréně,migrénu,migréno,migréně,migrénou,migrény,migrén,migrénám,migrény,migrény,migrénách,migrénami
sanitka,ambulance (emergency vehicle),f,false,žena,A1,"transportation,vehicle",sanitka,sanitky,sanitce,sanitku,sanitko,sanitce,sanitkou,sanitky,sanitek,sanitkám,sanitky,sanitky,sanitkách,sanitkami
viróza,viral infection,f,false,žena,A1,abstract,viróza,virózy,viróze,virózu,virózo,viróze,virózou,virózy,viróz,virózám,virózy,virózy,virózách,virózami
drogerie,"drugstore (toiletries, household goods)",f,false,růže,A1,"objects,places,v_place",drogerie,drogerie,drogerii,drogerii,drogerie,drogerii,drogerií,drogerie,drogerií,drogeriím,drogerie,drogerie,drogeriích,drogeriemi
fontána,fountain (artificial water feature),f,false,žena,A1,"places,v_place",fontána,fontány,fontáně,fontánu,fontáno,fontáně,fontánou,fontány,fontán,fontánám,fontány,fontány,fontánách,fontánami
holič,barber,m,true,muž,A1,"people,profession",holič,holiče,holiči,holiče,holiči,holiči,holičem,holiči,holičů,holičům,holiče,holiči,holičích,holiči
jízdenka,ticket (pass for transportation),f,false,žena,A1,"abstract,travel",jízdenka,jízdenky,jízdence,jízdenku,jízdenko,jízdence,jízdenkou,jízdenky,jízdenek,jízdenkám,jízdenky,jízdenky,jízdenkách,jízdenkami
letenka,"plane ticket, airline ticket",f,false,žena,A1,travel,letenka,letenky,letence,letenku,letenko,letence,letenkou,letenky,letenek,letenkám,letenky,letenky,letenkách,letenkami
penze,pension (retirement benefit),f,false,růže,A1,objects,penze,penze,penzi,penzi,penze,penzi,penzí,penze,penzí,penzím,penze,penze,penzích,penzemi
poliklinika,health center providing ambulant care,f,false,žena,A1,"places,na_place",poliklinika,polikliniky,poliklinice,polikliniku,polikliniko,poliklinice,poliklinikou,polikliniky,poliklinik,poliklinikám,polikliniky,polikliniky,poliklinikách,poliklinikami
polopenze,half board (hotel rate),f,false,růže,A1,"abstract,travel",polopenze,polopenze,polopenzi,polopenzi,polopenze,polopenzi,polopenzí,polopenze,polopenzí,polopenzím,polopenze,polopenze,polopenzích,polopenzemi
stravování,catering,n,false,stavení,A1,"misc,abstract",stravování,stravování,stravování,stravování,stravování,stravování,stravováním,stravování,stravování,stravováním,stravování,stravování,stravováních,stravováními
zavazadlo,baggage (luggage; traveling equipment),n,false,město,A1,"objects,travel",zavazadlo,zavazadla,zavazadlu,zavazadlo,zavazadlo,zavazadle,zavazadlem,zavazadla,zavazadel,zavazadlům,zavazadla,zavazadla,zavazadlech,zavazadly
zákusek,dessert,m,false,hrad,A1,"food,meal",zákusek,zákusku,zákusku,zákusek,zákusku,zákusku,zákuskem,zákusky,zákusků,zákuskům,zákusky,zákusky,zákuscích,zákusky
celebrita,celebrity (famous person),f,false,žena,A2,people,celebrita,celebrity,celebritě,celebritu,celebrito,celebritě,celebritou,celebrity,celebrit,celebritám,celebrity,celebrity,celebritách,celebritami
jahoda,strawberry (fruit),f,false,žena,A2,food,jahoda,jahody,jahodě,jahodu,jahodo,jahodě,jahodou,jahody,jahod,jahodám,jahody,jahody,jahodách,jahodami
katedrála,cathedral,f,false,žena,A2,"places,v_place",katedrála,katedrály,katedrále,katedrálu,katedrálo,katedrále,katedrálou,katedrály,katedrál,katedrálám,katedrály,katedrály,katedrálách,katedrálami
kečup,ketchup,m,false,hrad,A2,food,kečup,kečupu,kečupu,kečup,kečupe,kečupu,kečupem,kečupy,kečupů,kečupům,kečupy,kečupy,kečupech,kečupy
krém,cream,m,false,hrad,A2,food,krém,krému,krému,krém,kréme,krému,krémem,krémy,krémů,krémům,krémy,krémy,krémech,krémy
kuchař,"cook, chef",m,true,muž,A2,profession,kuchař,kuchaře,kuchaři,kuchaře,kuchaři,kuchaři,kuchařem,kuchaři,kuchařů,kuchařům,kuchaře,kuchaři,kuchařích,kuchaři
kuchařka,female cook,f,false,žena,A2,"objects,profession",kuchařka,kuchařky,kuchařce,kuchařku,kuchařko,kuchařce,kuchařkou,kuchařky,kuchařek,kuchařkám,kuchařky,kuchařky,kuchařkách,kuchařkami
lyžař,skier (someone who practices skiing),m,true,muž,A2,"people,profession",lyžař,lyžaře,lyžaři,lyžaře,lyžaři,lyžaři,lyžařem,lyžaři,lyžařů,lyžařům,lyžaře,lyžaři,lyžařích,lyžaři
lyžařka,female skier,f,false,žena,A2,"people,profession",lyžařka,lyžařky,lyžařce,lyžařku,lyžařko,lyžařce,lyžařkou,lyžařky,lyžařek,lyžařkám,lyžařky,lyžařky,lyžařkách,lyžařkami
lžička,teaspoon,f,false,žena,A2,"objects,portable",lžička,lžičky,lžičce,lžičku,lžičko,lžičce,lžičkou,lžičky,lžiček,lžičkám,lžičky,lžičky,lžičkách,lžičkami
maniak,maniac,m,true,pán,A2,people,maniak,maniaka,maniakovi,maniaka,maniaku,maniakovi,maniakem,maniaci,maniaků,maniakům,maniaky,maniaci,maniacích,maniaky
maniačka,female maniac,f,true,žena,A2,people,maniačka,maniačky,maniačce,maniačku,maniačko,maniačce,maniačkou,maniačky,maniaček,maniačkám,maniačky,maniačky,maniačkách,maniačkami
med,"honey (thick, viscous, sweet liquid made by bees)",m,false,hrad,A2,food,med,medu,medu,med,mede,medu,medem,medy,medů,medům,medy,medy,medech,medy
pepř,pepper (spice),m,false,stroj,A1,food,pepř,pepře,pepři,pepř,pepři,pepři,pepřem,pepře,pepřů,pepřům,pepře,pepře,pepřích,pepři
porce,"serving, portion",f,false,růže,A2,meal,porce,porce,porci,porci,porce,porci,porcí,porce,porcí,porcím,porce,porce,porcích,porcemi
skřivánek,skylark,m,true,pán,A2,animals,skřivánek,skřivánka,skřivánkovi,skřivánka,skřivánku,skřivánkovi,skřivánkem,skřivánci,skřivánků,skřivánkům,skřivánky,skřivánci,skřiváncích,skřivánky
slanina,bacon,f,false,žena,A2,"food,weighable,sliceable",slanina,slaniny,slanině,slaninu,slanino,slanině,slaninou,slaniny,slanin,slaninám,slaniny,slaniny,slaninách,slaninami
sova,owl (strigiform),f,false,žena,A2,animals,sova,sovy,sově,sovu,sovo,sově,sovou,sovy,sov,sovám,sovy,sovy,sovách,sovami
strýček,uncle (affectionate),m,true,pán,A2,"misc,people,family",strýček,strýčka,strýčkovi,strýčka,strýčku,strýčkovi,strýčkem,strýčci,strýčků,strýčkům,strýčky,strýčci,strýčcích,strýčky
tchyně,mother-in-law,f,false,růže,A2,family,tchyně,tchyně,tchyni,tchyni,tchyně,tchyni,tchyní,tchyně,tchyní,tchyním,tchyně,tchyně,tchyních,tchyněmi
tchán,father-in-law,m,true,pán,A2,family,tchán,tchána,tchánovi,tchána,tcháne,tchánovi,tchánem,tchánové,tchánů,tchánům,tchány,tchánové,tchánech,tchány
tvaroh,quark (a soft creamy cheese),m,false,hrad,A2,"food,weighable",tvaroh,tvarohu,tvarohu,tvaroh,tvarohu,tvarohu,tvarohem,tvarohy,tvarohů,tvarohům,tvarohy,tvarohy,tvarozích,tvarohy
zelí,cabbage,n,false,stavení,A2,"food,weighable",zelí,zelí,zelí,zelí,zelí,zelí,zelím,zelí,zelí,zelím,zelí,zelí,zelích,zelími
čočka,lentil (food),f,true,žena,A1,"food,weighable",čočka,čočky,čočce,čočku,čočko,čočce,čočkou,čočky,čoček,čočkám,čočky,čočky,čočkách,čočkami
švagr,brother-in-law,m,true,pán,A2,family,švagr,švagra,švagrovi,švagra,švagře,švagrovi,švagrem,švagři,švagrů,švagrům,švagry,švagři,švagrech,švagry
švagrová,sister-in-law,f,false,žena,A2,family,švagrová,švagrové,švagrové,švagrovou,švagrová,švagrové,švagrovou,švagrové,švagrových,švagrovým,švagrové,švagrové,švagrových,švagrovými
stromeček,"little tree, Christmas tree",m,false,hrad,A2,objects,stromeček,stromečku,stromečku,stromeček,stromečku,stromečku,stromečkem,stromečky,stromečků,stromečkům,stromečky,stromečky,stromečcích,stromečky
úklid,"cleaning, cleanup",m,false,hrad,A2,"misc,objects",úklid,úklidu,úklidu,úklid,úklide,úklidu,úklidem,úklidy,úklidů,úklidům,úklidy,úklidy,úklidech,úklidy
cyklista,"cyclist, biker, bicycle rider",m,true,předseda,A2,people,cyklista,cyklisty,cyklistovi,cyklistu,cyklisto,cyklistovi,cyklistou,cyklisté,cyklistů,cyklistům,cyklisty,cyklisté,cyklistech,cyklisty
cyklistka,"female cyclist, biker, bicycle rider",f,true,žena,A2,people,cyklistka,cyklistky,cyklistce,cyklistku,cyklistko,cyklistce,cyklistkou,cyklistky,cyklistek,cyklistkám,cyklistky,cyklistky,cyklistkách,cyklistkami
džungle,jungle,f,false,růže,A2,"nature,places,v_place",džungle,džungle,džungli,džungli,džungle,džungli,džunglí,džungle,džunglí,džunglím,džungle,džungle,džunglích,džunglemi
exploze,explosion,f,false,růže,A2,"event,abstract",exploze,exploze,explozi,explozi,exploze,explozi,explozí,exploze,explozí,explozím,exploze,exploze,explozích,explozemi
krokodýl,crocodile,m,true,pán,A2,animals,krokodýl,krokodýla,krokodýlovi,krokodýla,krokodýle,krokodýlovi,krokodýlem,krokodýlové,krokodýlů,krokodýlům,krokodýly,krokodýlové,krokodýlech,krokodýly
odlet,departure (departure of a plane),m,false,hrad,A2,"abstract,travel",odlet,odletu,odletu,odlet,odlete,odletu,odletem,odlety,odletů,odletům,odlety,odlety,odletech,odlety
pirát,pirate,m,true,pán,A2,people,pirát,piráta,pirátovi,piráta,piráte,pirátovi,pirátem,piráti,pirátů,pirátům,piráty,piráti,pirátech,piráty
přestup,"changing (from one train, bus etc to another)",m,false,hrad,A2,travel,přestup,přestupu,přestupu,přestup,přestupe,přestupu,přestupem,přestupy,přestupů,přestupům,přestupy,přestupy,přestupech,přestupy
realista,realist,m,true,předseda,A2,people,realista,realisty,realistovi,realistu,realisto,realistovi,realistou,realisté,realistů,realistům,realisty,realisté,realistech,realisty
realistka,female realist,f,true,žena,A2,people,realistka,realistky,realistce,realistku,realistko,realistce,realistkou,realistky,realistek,realistkám,realistky,realistky,realistkách,realistkami
semafor,traffic light,m,false,hrad,A2,objects,semafor,semaforu,semaforu,semafor,semafore,semaforu,semaforem,semafory,semaforů,semaforům,semafory,semafory,semaforech,semafory
sopka,volcano,f,false,žena,A2,"nature,geological",sopka,sopky,sopce,sopku,sopko,sopce,sopkou,sopky,sopek,sopkám,sopky,sopky,sopkách,sopkami
kytarista,guitarist,m,true,předseda,A2,"people,profession",kytarista,kytaristy,kytaristovi,kytaristu,kytaristo,kytaristovi,kytaristou,kytaristé,kytaristů,kytaristům,kytaristy,kytaristé,kytaristech,kytaristy
kytaristka,female guitarist,f,true,žena,A2,"people,profession",kytaristka,kytaristky,kytaristce,kytaristku,kytaristko,kytaristce,kytaristkou,kytaristky,kytaristek,kytaristkám,kytaristky,kytaristky,kytaristkách,kytaristkami
směnárna,bureau de change,f,false,žena,A2,"places,v_place",směnárna,směnárny,směnárně,směnárnu,směnárno,směnárně,směnárnou,směnárny,směnáren,směnárnám,směnárny,směnárny,směnárnách,směnárnami
tělocvična,gym,f,false,žena,A2,"places,v_place",tělocvična,tělocvičny,tělocvičně,tělocvičnu,tělocvično,tělocvičně,tělocvičnou,tělocvičny,tělocvičen,tělocvičnám,tělocvičny,tělocvičny,tělocvičnách,tělocvičnami
upír,vampire,m,true,pán,A2,people,upír,upíra,upírovi,upíra,upíre,upírovi,upírem,upíři,upírů,upírům,upíry,upíři,upírech,upíry
ordinace,"office, doctor's office",f,false,růže,A2,"places,v_place",ordinace,ordinace,ordinaci,ordinaci,ordinace,ordinaci,ordinací,ordinace,ordinací,ordinacím,ordinace,ordinace,ordinacích,ordinacemi
bouřka,thunderstorm,f,false,žena,A2,"nature,weather",bouřka,bouřky,bouřce,bouřku,bouřko,bouřce,bouřkou,bouřky,bouřek,bouřkám,bouřky,bouřky,bouřkách,bouřkami
broskev,peach,f,false,píseň,A2,food,broskev,broskve,broskvi,broskev,broskvi,broskvi,broskví,broskve,broskví,broskvím,broskve,broskve,broskvích,broskvemi
intuice,intuition,f,false,růže,A2,abstract,intuice,intuice,intuici,intuici,intuice,intuici,intuicí,intuice,intuic,intuicím,intuice,intuice,intuicích,intuicemi
losos,salmon,m,true,pán,A2,food,losos,lososa,lososovi,lososa,losose,lososovi,lososem,lososové,lososů,lososům,lososy,lososové,lososech,lososy
náledí,"black ice (thin, dangeous slippery film of ice on a surface)",n,false,stavení,A2,"nature,weather",náledí,náledí,náledí,náledí,náledí,náledí,náledím,náledí,náledí,náledím,náledí,náledí,náledích,náledími
pavouk,spider,m,true,pán,A2,animals,pavouk,pavouka,pavoukovi,pavouka,pavouku,pavoukovi,pavoukem,pavouci,pavouků,pavoukům,pavouky,pavouci,pavoucích,pavouky
rybíz,currant,m,false,hrad,A2,food,rybíz,rybízu,rybízu,rybíz,rybíze,rybízu,rybízem,rybízy,rybízů,rybízům,rybízy,rybízy,rybízech,rybízy
sud,barrel,m,false,hrad,A2,objects,sud,sudu,sudu,sud,sude,sudě,sudem,sudy,sudů,sudům,sudy,sudy,sudech,sudy
velryba,whale (large sea mammal),f,false,žena,A2,animals,velryba,velryby,velrybě,velrybu,velrybo,velrybě,velrybou,velryby,velryb,velrybám,velryby,velryby,velrybách,velrybami
kabinka,"booth, cubicle",f,false,žena,A2,objects,kabinka,kabinky,kabince,kabinku,kabinko,kabince,kabinkou,kabinky,kabinek,kabinkám,kabinky,kabinky,kabinkách,kabinkami
klientka,female client,f,true,žena,A2,people,klientka,klientky,klientce,klientku,klientko,klientce,klientkou,klientky,klientek,klientkám,klientky,klientky,klientkách,klientkami
kravata,"tie, necktie",f,false,žena,A2,"objects,clothing,portable",kravata,kravaty,kravatě,kravatu,kravato,kravatě,kravatou,kravaty,kravat,kravatám,kravaty,kravaty,kravatách,kravatami
moderátor,"host (US), presenter (UK)",m,true,pán,A2,"misc,abstract",moderátor,moderátora,moderátorovi,moderátora,moderátore,moderátorovi,moderátorem,moderátoři,moderátorů,moderátorům,moderátory,moderátoři,moderátorech,moderátory
moderátorka,"female host (US), presenter (UK)",f,false,žena,A2,"misc,people,profession",moderátorka,moderátorky,moderátorce,moderátorku,moderátorko,moderátorce,moderátorkou,moderátorky,moderátorek,moderátorkám,moderátorky,moderátorky,moderátorkách,moderátorkami
zavináč,rollmop,m,false,stroj,A2,food,zavináč,zavináče,zavináči,zavináč,zavináči,zavináči,zavináčem,zavináče,zavináčů,zavináčům,zavináče,zavináče,zavináčích,zavináči
blůza,blouse,f,false,žena,A2,clothing,blůza,blůzy,blůze,blůzu,blůzo,blůze,blůzou,blůzy,blůz,blůzám,blůzy,blůzy,blůzách,blůzami
komik,comedian,m,true,pán,A2,people,komik,komika,komikovi,komika,komiku,komikovi,komikem,komici,komiků,komikům,komiky,komici,komicích,komiky
komička,female comedian,f,true,žena,A2,people,komička,komičky,komičce,komičku,komičko,komičce,komičkou,komičky,komiček,komičkám,komičky,komičky,komičkách,komičkami
konzerva,"tin, can",f,false,žena,A2,objects,konzerva,konzervy,konzervě,konzervu,konzervo,konzervě,konzervou,konzervy,konzerv,konzervám,konzervy,konzervy,konzervách,konzervami
punkerka,female punk,f,true,žena,A2,people,punkerka,punkerky,punkerce,punkerku,punkerko,punkerce,punkerkou,punkerky,punkerek,punkerkám,punkerky,punkerky,punkerkách,punkerkami
rolák,turtleneck,m,false,hrad,A1,clothing,rolák,roláku,roláku,rolák,roláku,roláku,rolákem,roláky,roláků,rolákům,roláky,roláky,rolácích,roláky
svetr,sweater; pullover,m,false,hrad,A2,"objects,clothing,portable",svetr,svetru,svetru,svetr,svetre,svetru,svetrem,svetry,svetrů,svetrům,svetry,svetry,svetrech,svetry
triko,T-shirt,n,false,město,A2,"misc,objects",triko,trika,triku,triko,triko,triku,trikem,trika,trik,trikům,trika,trika,trikách,triky
citrón,lemon,m,false,hrad,A1,food,citrón,citrónu,citrónu,citrón,citróne,citrónu,citrónem,citróny,citrónů,citrónům,citróny,citróny,citrónech,citróny
doktorát,doctorate,m,false,hrad,A2,abstract,doktorát,doktorátu,doktorátu,doktorát,doktoráte,doktorátě,doktorátem,doktoráty,doktorátů,doktorátům,doktoráty,doktoráty,doktorátech,doktoráty
elektronika,electronics,f,false,žena,A2,objects,elektronika,elektroniky,elektronice,elektroniku,elektroniko,elektronice,elektronikou,elektroniky,elektronik,elektronikám,elektroniky,elektroniky,elektronikách,elektronikami
hořčice,"mustard (plant, genus Sinapis)",f,true,růže,A1,food,hořčice,hořčice,hořčici,hořčici,hořčice,hořčici,hořčicí,hořčice,hořčic,hořčicím,hořčice,hořčice,hořčicích,hořčicemi
hádka,quarrel (dispute),f,false,žena,A2,abstract,hádka,hádky,hádce,hádku,hádko,hádce,hádkou,hádky,hádek,hádkám,hádky,hádky,hádkách,hádkami
inkoust,ink,m,false,hrad,A2,objects,inkoust,inkoustu,inkoustu,inkoust,inkouste,inkoustě,inkoustem,inkousty,inkoustů,inkoustům,inkousty,inkousty,inkoustech,inkousty
kosmetička,female beautician,f,true,žena,A2,"family,people,profession",kosmetička,kosmetičky,kosmetičce,kosmetičku,kosmetičko,kosmetičce,kosmetičkou,kosmetičky,kosmetiček,kosmetičkám,kosmetičky,kosmetičky,kosmetičkách,kosmetičkami
křen,horseradish,m,false,hrad,A1,food,křen,křenu,křenu,křen,křene,křenu,křenem,křeny,křenů,křenům,křeny,křeny,křenech,křeny
mýdlo,soap,n,false,město,A2,objects,mýdlo,mýdla,mýdlu,mýdlo,mýdlo,mýdle,mýdlem,mýdla,mýdel,mýdlům,mýdla,mýdla,mýdlech,mýdly
příbor,cutlery,m,false,hrad,A2,objects,příbor,příboru,příboru,příbor,příbore,příboru,příborem,příbory,příborů,příborům,příbory,příbory,příborech,příbory
raketa,rocket,f,false,žena,A2,objects,raketa,rakety,raketě,raketu,raketo,raketě,raketou,rakety,raket,raketám,rakety,rakety,raketách,raketami
sendvič,sandwich,m,false,stroj,A2,food,sendvič,sendviče,sendviči,sendvič,sendviči,sendviči,sendvičem,sendviče,sendvičů,sendvičům,sendviče,sendviče,sendvičích,sendviči
technik,technologist,m,true,pán,A2,"people,profession",technik,technika,technikovi,technika,techniku,technikovi,technikem,technici,techniků,technikům,techniky,technici,technicích,techniky
technička,female technician,f,true,žena,A2,"family,people,profession",technička,techničky,techničce,techničku,techničko,techničce,techničkou,techničky,techniček,techničkám,techničky,techničky,techničkách,techničkami
tuňák,tuna,m,true,pán,A2,food,tuňák,tuňáka,tuňákovi,tuňáka,tuňáku,tuňákovi,tuňákem,tuňáci,tuňáků,tuňákům,tuňáky,tuňáci,tuňácích,tuňáky
vidlička,fork,f,false,žena,A2,"objects,portable",vidlička,vidličky,vidličce,vidličku,vidličko,vidličce,vidličkou,vidličky,vidliček,vidličkám,vidličky,vidličky,vidličkách,vidličkami
čajovna,"teahouse, tearoom",f,false,žena,A2,"places,v_place",čajovna,čajovny,čajovně,čajovnu,čajovno,čajovně,čajovnou,čajovny,čajoven,čajovnám,čajovny,čajovny,čajovnách,čajovnami
česnek,garlic,m,false,hrad,A2,"food,weighable",česnek,česneku,česneku,česnek,česneku,česneku,česnekem,česneky,česneků,česnekům,česneky,česneky,česnecích,česneky
šach,chess,m,false,hrad,A1,"misc,objects",šach,šachu,šachu,šach,šachu,šachu,šachem,šachy,šachů,šachům,šachy,šachy,šachách,šachy
špenát,spinach,m,false,hrad,A2,"food,weighable",špenát,špenátu,špenátu,špenát,špenáte,špenátě,špenátem,špenáty,špenátů,špenátům,špenáty,špenáty,špenátech,špenáty
kastelán,castellan (governor or caretaker of a castle),m,true,pán,A2,"profession,people",kastelán,kastelána,kastelánovi,kastelána,kasteláne,kastelánovi,kastelánem,kasteláni,kastelánů,kastelánům,kastelány,kasteláni,kastelánech,kastelány
cestovatel,traveller,m,true,muž,A2,people,cestovatel,cestovatele,cestovateli,cestovatele,cestovateli,cestovateli,cestovatelem,cestovatelé,cestovatelů,cestovatelům,cestovatele,cestovatelé,cestovatelích,cestovateli
filmář,filmmaker,m,true,muž,A2,"people,profession",filmář,filmáře,filmáři,filmáře,filmáři,filmáři,filmářem,filmáři,filmářů,filmářům,filmáře,filmáři,filmářích,filmáři
filmářka,female filmmaker,f,true,žena,A2,"people,profession",filmářka,filmářky,filmářce,filmářku,filmářko,filmářce,filmářkou,filmářky,filmářek,filmářkám,filmářky,filmářky,filmářkách,filmářkami
ocásek,little tail,m,false,hrad,A2,objects,ocásek,ocásku,ocásku,ocásek,ocásku,ocásku,ocáskem,ocásky,ocásků,ocáskům,ocásky,ocásky,ocáscích,ocásky
včela,bee,f,false,žena,A2,animals,včela,včely,včele,včelu,včelo,včele,včelou,včely,včel,včelám,včely,včely,včelách,včelami
včelka,little bee,f,true,žena,A2,animals,včelka,včelky,včelce,včelku,včelko,včelce,včelkou,včelky,včelek,včelkám,včelky,včelky,včelkách,včelkami
čumáček,little snout,m,false,hrad,A2,objects,čumáček,čumáčku,čumáčku,čumáček,čumáčku,čumáčku,čumáčkem,čumáčky,čumáčků,čumáčkům,čumáčky,čumáčky,čumáčcích,čumáčky
ježek,hedgehog (mammal),m,true,pán,A2,animals,ježek,ježka,ježkovi,ježka,ježku,ježkovi,ježkem,ježci,ježků,ježkům,ježky,ježci,ježcích,ježky
kamínek,"pebble, little stone",m,false,hrad,A2,objects,kamínek,kamínku,kamínku,kamínek,kamínku,kamínku,kamínkem,kamínky,kamínků,kamínkům,kamínky,kamínky,kamíncích,kamínky
křeček,hamster,m,true,pán,A2,animals,křeček,křečka,křečkovi,křečka,křečku,křečkovi,křečkem,křečci,křečků,křečkům,křečky,křečci,křečcích,křečky
ubrousek,napkin,m,false,hrad,A2,"objects,portable",ubrousek,ubrousku,ubrousku,ubrousek,ubrousku,ubrousku,ubrouskem,ubrousky,ubrousků,ubrouskům,ubrousky,ubrousky,ubrouscích,ubrousky
oříšek,little nut,m,false,hrad,A2,"objects,portable",oříšek,oříšku,oříšku,oříšek,oříšku,oříšku,oříškem,oříšky,oříšků,oříškům,oříšky,oříšky,oříšcích,oříšky
úplněk,full moon (moon when it is in opposition to the sun),m,false,hrad,A2,"nature,celestial",úplněk,úplňku,úplňku,úplněk,úplňku,úplňku,úplňkem,úplňky,úplňků,úplňkům,úplňky,úplňky,úplňcích,úplňky
masér,masseur,m,true,pán,A2,"people,profession",masér,maséra,masérovi,maséra,masére,masérovi,masérem,maséři,masérů,masérům,maséry,maséři,masérech,maséry
předsudek,prejudice,m,false,hrad,A2,abstract,předsudek,předsudku,předsudku,předsudek,předsudku,předsudku,předsudkem,předsudky,předsudků,předsudkům,předsudky,předsudky,předsudcích,předsudky
horolezec,mountaineer,m,true,muž,A2,"people,profession",horolezec,horolezce,horolezci,horolezce,horolezče,horolezci,horolezcem,horolezci,horolezců,horolezcům,horolezce,horolezci,horolezcích,horolezci
letání,flying,n,false,stavení,A2,"misc,abstract",letání,letání,letání,letání,letání,letání,letáním,letání,letání,letáním,letání,letání,letáních,letáními
míček,small ball,m,false,hrad,A2,"objects,portable",míček,míčku,míčku,míček,míčku,míčku,míčkem,míčky,míčků,míčkům,míčky,míčky,míčcích,míčky
kašel,cough,m,false,stroj,A2,abstract,kašel,kašle,kašli,kašel,kašli,kašli,kašlem,kašle,kašlů,kašlům,kašle,kašle,kašlích,kašli
titulek,"subtitle, caption (textual versions of the dialog in films)",m,false,hrad,A2,readable,titulek,titulku,titulku,titulek,titulku,titulku,titulkem,titulky,titulků,titulkům,titulky,titulky,titulcích,titulky
bezdomovec,homeless person,m,true,muž,A2,people,bezdomovec,bezdomovce,bezdomovci,bezdomovce,bezdomovče,bezdomovci,bezdomovcem,bezdomovci,bezdomovců,bezdomovcům,bezdomovce,bezdomovci,bezdomovcích,bezdomovci
ekolog,ecologist,m,true,pán,A2,profession,ekolog,ekologa,ekologovi,ekologa,ekologu,ekologovi,ekologem,ekologové,ekologů,ekologům,ekology,ekologové,ekolozích,ekology
ekoložka,female ecologist,f,false,žena,A2,"people,profession",ekoložka,ekoložky,ekoložce,ekoložku,ekoložko,ekoložce,ekoložkou,ekoložky,ekoložek,ekoložkám,ekoložky,ekoložky,ekoložkách,ekoložkami
majitelka,female owner,f,true,žena,A2,"people,profession",majitelka,majitelky,majitelce,majitelku,majitelko,majitelce,majitelkou,majitelky,majitelek,majitelkám,majitelky,majitelky,majitelkách,majitelkami
ocet,vinegar,m,false,hrad,A2,food,ocet,octu,octu,ocet,octe,octu,octem,octy,octů,octům,octy,octy,octech,octy
podnikatelka,female entrepreneur,f,true,žena,A2,"people,profession",podnikatelka,podnikatelky,podnikatelce,podnikatelku,podnikatelko,podnikatelce,podnikatelkou,podnikatelky,podnikatelek,podnikatelkám,podnikatelky,podnikatelky,podnikatelkách,podnikatelkami
zaměstnavatelka,female employer,f,true,žena,A2,"people,profession",zaměstnavatelka,zaměstnavatelky,zaměstnavatelce,zaměstnavatelku,zaměstnavatelko,zaměstnavatelce,zaměstnavatelkou,zaměstnavatelky,zaměstnavatelek,zaměstnavatelkám,zaměstnavatelky,zaměstnavatelky,zaměstnavatelkách,zaměstnavatelkami
límec,collar,m,false,stroj,A2,objects,límec,límce,límci,límec,límci,límci,límcem,límce,límců,límcům,límce,límce,límcích,límci
návrhář,designer,m,true,muž,A2,"people,profession",návrhář,návrháře,návrháři,návrháře,návrháři,návrháři,návrhářem,návrháři,návrhářů,návrhářům,návrháře,návrháři,návrhářích,návrháři
návrhářka,female designer,f,true,žena,A2,"people,profession",návrhářka,návrhářky,návrhářce,návrhářku,návrhářko,návrhářce,návrhářkou,návrhářky,návrhářek,návrhářkám,návrhářky,návrhářky,návrhářkách,návrhářkami
podpatek,heel (part of shoe),m,false,hrad,A2,abstract,podpatek,podpatku,podpatku,podpatek,podpatku,podpatku,podpatkem,podpatky,podpatků,podpatkům,podpatky,podpatky,podpatcích,podpatky
zákaznice,female customer,f,true,růže,A2,people,zákaznice,zákaznice,zákaznici,zákaznici,zákaznice,zákaznici,zákaznicí,zákaznice,zákaznic,zákaznicím,zákaznice,zákaznice,zákaznicích,zákaznicemi
esejista,essayist,m,true,předseda,A2,"people,profession",esejista,esejisty,esejistovi,esejistu,esejisto,esejistovi,esejistou,esejisté,esejistů,esejistům,esejisty,esejisté,esejistech,esejisty
esejistka,female essayist,f,true,žena,A2,"people,profession",esejistka,esejistky,esejistce,esejistku,esejistko,esejistce,esejistkou,esejistky,esejistek,esejistkám,esejistky,esejistky,esejistkách,esejistkami
publicista,"publicist (a journalist, often a commentator)",m,true,předseda,A2,"people,profession",publicista,publicisty,publicistovi,publicistu,publicisto,publicistovi,publicistou,publicisté,publicistů,publicistům,publicisty,publicisté,publicistech,publicisty
publicistka,"female publicist (a journalist, often a commentator)",f,true,žena,A2,"people,profession",publicistka,publicistky,publicistce,publicistku,publicistko,publicistce,publicistkou,publicistky,publicistek,publicistkám,publicistky,publicistky,publicistkách,publicistkami
představitelka,female representative,f,true,žena,A2,"people,profession",představitelka,představitelky,představitelce,představitelku,představitelko,představitelce,představitelkou,představitelky,představitelek,představitelkám,představitelky,představitelky,představitelkách,představitelkami
překladatel,translator (person),m,true,muž,A2,"family,people,profession",překladatel,překladatele,překladateli,překladatele,překladateli,překladateli,překladatelem,překladatelé,překladatelů,překladatelům,překladatele,překladatelé,překladatelích,překladateli
překladatelka,female translator,f,true,žena,A2,"people,profession",překladatelka,překladatelky,překladatelce,překladatelku,překladatelko,překladatelce,překladatelkou,překladatelky,překladatelek,překladatelkám,překladatelky,překladatelky,překladatelkách,překladatelkami
scénárista,scriptwriter,m,true,předseda,A2,"people,profession",scénárista,scénáristy,scénáristovi,scénáristu,scénáristo,scénáristovi,scénáristou,scénáristé,scénáristů,scénáristům,scénáristy,scénáristé,scénáristech,scénáristy
scénáristka,female scriptwriter,f,true,žena,A2,"people,profession",scénáristka,scénáristky,scénáristce,scénáristku,scénáristko,scénáristce,scénáristkou,scénáristky,scénáristek,scénáristkám,scénáristky,scénáristky,scénáristkách,scénáristkami
textář,lyricist,m,true,muž,A2,"people,profession",textář,textáře,textáři,textáře,textáři,textáři,textářem,textáři,textářů,textářům,textáře,textáři,textářích,textáři
zakladatelka,female founder,f,true,žena,A2,"people,profession",zakladatelka,zakladatelky,zakladatelce,zakladatelku,zakladatelko,zakladatelce,zakladatelkou,zakladatelky,zakladatelek,zakladatelkám,zakladatelky,zakladatelky,zakladatelkách,zakladatelkami
úryvek,"passage, extract",m,false,hrad,A2,readable,úryvek,úryvku,úryvku,úryvek,úryvku,úryvku,úryvkem,úryvky,úryvků,úryvkům,úryvky,úryvky,úryvcích,úryvky
konzultace,consultation,f,false,růže,A1,"abstract,misc",konzultace,konzultace,konzultaci,konzultaci,konzultace,konzultaci,konzultací,konzultace,konzultací,konzultacím,konzultace,konzultace,konzultacích,konzultacemi
krokety,croquettes,f,false,žena,A1,food,,,,,,,,krokety,kroket,kroketám,krokety,krokety,kroketách,kroketami
benzin,gasoline,m,false,hrad,A1,"misc,abstract",benzin,benzinu,benzinu,benzin,benzine,benzinu,benzinem,benziny,benzinů,benzinům,benziny,benziny,benzinech,benziny
vitamin,vitamin,m,false,hrad,A1,"misc,abstract",vitamin,vitaminu,vitaminu,vitamin,vitamine,vitaminu,vitaminem,vitaminy,vitaminů,vitaminům,vitaminy,vitaminy,vitaminech,vitaminy
ústa,mouth,n,false,město,A1,body,,,,,,,,ústa,úst,ústům,ústa,ústa,ústech,ústy
telenovela,soap opera,f,false,žena,A1,"misc,abstract",telenovela,telenovely,telenovele,telenovelu,telenovelo,telenovele,telenovelou,telenovely,telenovel,telenovelám,telenovely,telenovely,telenovelách,telenovelami
pórek,leek,m,false,hrad,A2,food,pórek,pórku,pórku,pórek,pórku,pórku,pórkem,pórky,pórků,pórkům,pórky,pórky,pórcích,pórky
sáček,small bag,m,false,hrad,A2,"objects,portable",sáček,sáčku,sáčku,sáček,sáčku,sáčku,sáčkem,sáčky,sáčků,sáčkům,sáčky,sáčky,sáčcích,sáčky
princ,prince,m,true,muž,A1,people,princ,prince,princovi,prince,princi,princovi,princem,princové,princů,princům,prince,princové,princích,princi
přijezd,arrival,m,false,hrad,A2,abstract,přijezd,příjezdu,příjezdu,přijezd,příjezde,příjezdu,příjezdem,příjezdy,příjezdů,příjezdům,příjezdy,příjezdy,příjezdech,příjezdy
přílet,arrival (by air),m,false,hrad,A1,abstract,přílet,příletu,příletu,přílet,příletu,příletu,příletem,přílety,příletů,příletům,přílety,přílety,příletech,přílety
bufet,buffet,m,false,hrad,A2,"places,v_place",bufet,bufetu,bufetu,bufet,bufete,bufetu,bufetem,bufety,bufetů,bufetům,bufety,bufety,bufetech,bufety
taxislužba,taxi service,f,false,žena,A2,transportation,taxislužba,taxislužby,taxislužbě,taxislužbu,taxislužbo,taxislužbě,taxislužbou,taxislužby,taxislužeb,taxislužbám,taxislužby,taxislužby,taxislužbách,taxislužbami
punker,punk,m,true,pán,A2,people,punker,punkera,punkerovi,punkera,punkere,punkerovi,punkerem,punkeři,punkerů,punkerům,punkery,punkeři,punkerech,punkery
balon,balloon,m,false,hrad,A2,"objects,portable",balon,balonu,balonu,balon,balone,balonu,balonem,balony,balonů,balonům,balony,balony,balonech,balony
biliár,billiards,m,false,hrad,A2,"misc,abstract",biliár,biliáru,biliáru,biliár,biliáre,biliáru,biliárem,biliáry,biliárů,biliárům,biliáry,biliáry,biliárech,biliáry
karamel,caramel,m,false,hrad,A2,food,karamel,karamelu,karamelu,karamel,karamele,karamelu,karamelem,karamely,karamelů,karamelům,karamely,karamely,karamelech,karamely
salón,salon,m,false,hrad,A2,"places,v_place",salón,salónu,salónu,salón,salóne,salónu,salónem,salóny,salónů,salónům,salóny,salóny,salónech,salóny
šampon,shampoo,m,false,hrad,A2,"objects,portable",šampon,šamponu,šamponu,šampon,šampone,šamponu,šamponem,šampony,šamponů,šamponům,šampony,šampony,šamponech,šampony
korálek,bead,m,false,hrad,A2,"objects,portable",korálek,korálku,korálku,korálek,korálku,korálku,korálkem,korálky,korálků,korálkům,korálky,korálky,korálcích,korálky
mikuláš,Saint Nicholas,m,true,muž,A2,"event,people",mikuláš,mikuláše,mikuláši,mikuláše,mikuláši,mikuláši,mikulášem,mikulášové,mikulášů,mikulášům,mikuláše,mikulášové,mikuláších,mikuláši
přízeň,favor,f,false,píseň,B2,abstract,přízeň,přízně,přízni,přízeň,přízni,přízni,přízní,přízně,přízní,přízním,přízně,přízně,přízních,přízněmi
tkáň,tissue,f,false,píseň,B2,body,tkáň,tkáně,tkáni,tkáň,tkáni,tkáni,tkání,tkáně,tkání,tkáním,tkáně,tkáně,tkáních,tkáněmi
laň,doe,f,false,píseň,B1,animals,laň,laně,lani,laň,lani,lani,laní,laně,laní,laním,laně,laně,laních,laněmi
nůžky,scissors,f,false,žena,A2,objects,,,,,,,,nůžky,nůžek,nůžkám,nůžky,nůžky,nůžkách,nůžkami
narozeniny,birthday,f,false,žena,A1,"misc,abstract",,,,,,,,narozeniny,narozenin,narozeninám,narozeniny,narozeniny,narozeninách,narozeninami
špagety,spaghetti,f,false,žena,A1,food,,,,,,,,špagety,špaget,špagetám,špagety,špagety,špagetách,špagetami
vražda,murder,f,false,žena,A2,misc,vražda,vraždy,vraždě,vraždu,vraždo,vraždě,vraždou,vraždy,vražd,vraždám,vraždy,vraždy,vraždách,vraždami
sex,sex,m,false,hrad,A2,misc,sex,sexu,sexu,sex,sexe,sexu,sexem,sexy,sexů,sexům,sexy,sexy,sexech,sexy
infocentrum,information center,n,false,město,A1,"misc,places,v_place",infocentrum,infocentra,infocentru,infocentrum,infocentrum,infocentru,infocentrem,infocentra,infocenter,infocentrům,infocentra,infocentra,infocentrech,infocentry
pan,Mr,m,true,pán,A1,"misc,people",pan,pana,panu,pana,pane,panu,panem,páni,pánů,pánům,pány,páni,pánech,pány
číšník,waiter,m,true,pán,A1,"misc,people,profession",číšník,číšníka,číšníkovi,číšníka,číšníku,číšníkovi,číšníkem,číšníci,číšníků,číšníkům,číšníky,číšníci,číšnících,číšníky
espresso,espresso,n,false,město,A1,"misc,food,drink",espresso,espressa,espressu,espresso,espresso,espressu,espressem,espressa,espress,espressům,espressa,espressa,espressech,espressy
spolužačka,female classmate,f,false,žena,A1,"misc,people",spolužačka,spolužačky,spolužačce,spolužačku,spolužačko,spolužačce,spolužačkou,spolužačky,spolužaček,spolužačkám,spolužačky,spolužačky,spolužačkách,spolužačkami
číšnice,waitress,f,false,růže,A1,"misc,people,profession",číšnice,číšnice,číšnici,číšnici,číšnice,číšnici,číšnicí,číšnice,číšnic,číšnicím,číšnice,číšnice,číšnicích,číšnicemi
vizitka,business card,f,false,žena,A1,"misc,objects,portable",vizitka,vizitky,vizitce,vizitku,vizitko,vizitce,vizitkou,vizitky,vizitek,vizitkám,vizitky,vizitky,vizitkách,vizitkami
podtržítko,underscore,n,false,město,A1,misc,podtržítko,podtržítka,podtržítku,podtržítko,podtržítko,podtržítku,podtržítkem,podtržítka,podtržítek,podtržítkům,podtržítka,podtržítka,podtržítkách,podtržítky
pomlčka,dash,f,false,žena,A1,misc,pomlčka,pomlčky,pomlčce,pomlčku,pomlčko,pomlčce,pomlčkou,pomlčky,pomlček,pomlčkám,pomlčky,pomlčky,pomlčkách,pomlčkami
lektorka,female instructor,f,false,žena,A1,"misc,people,profession",lektorka,lektorky,lektorce,lektorku,lektorko,lektorce,lektorkou,lektorky,lektorek,lektorkám,lektorky,lektorky,lektorkách,lektorkami
servírka,waitress,f,false,žena,A1,"misc,people,profession",servírka,servírky,servírce,servírku,servírko,servírce,servírkou,servírky,servírek,servírkám,servírky,servírky,servírkách,servírkami
email,email,m,false,hrad,A1,"misc,readable",email,emailu,emailu,email,emaile,emailu,emailem,emaily,emailů,emailům,emaily,emaily,emailech,emaily
áčko,metro line A,n,false,město,A1,"misc,transportation,vehicle",áčko,áčka,áčku,áčko,áčko,áčku,áčkem,áčka,áček,áčkům,áčka,áčka,áčkách,áčky
béčko,metro line B,n,false,město,A1,"misc,transportation,vehicle",béčko,béčka,béčku,béčko,béčko,béčku,béčkem,béčka,béček,béčkům,béčka,béčka,béčkách,béčky
céčko,metro line C,n,false,město,A1,"misc,transportation,vehicle",céčko,céčka,céčku,céčko,céčko,céčku,céčkem,céčka,céček,céčkům,céčka,céčka,céčkách,céčky
smajlík,smiley,m,false,hrad,A1,misc,smajlík,smajlíku,smajlíku,smajlík,smajlíku,smajlíku,smajlíkem,smajlíky,smajlíků,smajlíkům,smajlíky,smajlíky,smajlících,smajlíky
guláš,goulash,m,false,stroj,A1,"misc,food",guláš,guláše,guláši,guláš,guláši,guláši,gulášem,guláše,gulášů,gulášům,guláše,guláše,guláších,guláši
palačinka,pancake,f,false,žena,A1,"misc,food",palačinka,palačinky,palačince,palačinku,palačinko,palačince,palačinkou,palačinky,palačinek,palačinkám,palačinky,palačinky,palačinkách,palačinkami
hranolek,french fry,m,false,hrad,A1,"misc,food",hranolek,hranolku,hranolku,hranolek,hranolku,hranolku,hranolkem,hranolky,hranolků,hranolkům,hranolky,hranolky,hranolcích,hranolky
brambora,potato,f,false,žena,A1,"misc,food,weighable",brambora,brambory,bramboře,bramboru,bramboro,bramboře,bramborou,brambory,brambor,bramborám,brambory,brambory,bramborách,bramborami
cola,cola,f,false,žena,A1,"misc,food,drink",cola,coly,cole,colu,colo,cole,colou,coly,col,colám,coly,coly,colách,colami
houska,bread roll,f,false,žena,A1,"misc,food",houska,housky,housce,housku,housko,housce,houskou,housky,housek,houskám,housky,housky,houskách,houskami
neteř,niece,f,false,píseň,A1,"misc,family,people",neteř,neteře,neteři,neteř,neteři,neteři,neteří,neteře,neteří,neteřím,neteře,neteře,neteřích,neteřemi
vdovec,widower,m,true,muž,A1,"misc,people",vdovec,vdovce,vdovci,vdovce,vdovče,vdovci,vdovcem,vdovci,vdovců,vdovcům,vdovce,vdovci,vdovcích,vdovci
synovec,nephew,m,true,muž,A1,"misc,family,people",synovec,synovce,synovci,synovce,synovče,synovci,synovcem,synovci,synovců,synovcům,synovce,synovci,synovcích,synovci
automechanik,car mechanic,m,true,pán,A1,"misc,people,profession",automechanik,automechanika,automechanikovi,automechanika,automechaniku,automechanikovi,automechanikem,automechanici,automechaniků,automechanikům,automechaniky,automechanici,automechanicích,automechaniky
zeť,son-in-law,m,true,muž,A1,"misc,family,people",zeť,zetě,zeti,zetě,zeti,zeti,zetěm,zeťové,zeťů,zeťům,zetě,zeťové,zetích,zeti
vdova,widow,f,false,žena,A1,"misc,people",vdova,vdovy,vdově,vdovu,vdovo,vdově,vdovou,vdovy,vdov,vdovám,vdovy,vdovy,vdovách,vdovami
snacha,daughter-in-law,f,false,žena,A1,"misc,family,people",snacha,snachy,snaše,snachu,snacho,snaše,snachou,snachy,snach,snachám,snachy,snachy,snachách,snachami
čtvrt,quarter,f,false,kost,A1,misc,čtvrt,čtvrti,čtvrti,čtvrt,čtvrti,čtvrti,čtvrtí,čtvrti,čtvrtí,čtvrtím,čtvrti,čtvrti,čtvrtích,čtvrtěmi
dopoledne,late morning,n,false,moře,A1,"misc,time,calendar_unit",dopoledne,dopoledne,dopoledni,dopoledne,dopoledne,dopoledni,dopolednem,dopoledne,dopolední,dopoledním,dopoledne,dopoledne,dopolednech,dopoledny
auditor,auditor,m,true,pán,A1,"misc,people,profession",auditor,auditora,auditorovi,auditora,auditore,auditorovi,auditorem,auditoři,auditorů,auditorům,auditory,auditoři,auditorech,auditory
techno,techno,n,false,město,A1,misc,techno,techna,technu,techno,techno,technu,technem,,,,,,,
školení,training session,n,false,stavení,A1,"misc,abstract,event,gathering",školení,školení,školení,školení,školení,školení,školením,školení,školení,školením,školení,školení,školeních,školeními
rezervace,reservation,f,false,růže,A1,"misc,abstract",rezervace,rezervace,rezervaci,rezervaci,rezervace,rezervaci,rezervací,rezervace,rezervací,rezervacím,rezervace,rezervace,rezervacích,rezervacemi
aerobik,aerobics,m,false,hrad,A1,"misc,abstract",aerobik,aerobiku,aerobiku,aerobik,aerobiku,aerobiku,aerobikem,aerobiky,aerobiků,aerobikům,aerobiky,aerobiky,aerobicích,aerobiky
zumba,zumba,f,false,žena,A1,"misc,abstract",zumba,zumby,zumbě,zumbu,zumbo,zumbě,zumbou,zumby,zumb,zumbám,zumby,zumby,zumbách,zumbami
půjčovna,rental shop,f,false,žena,A1,"misc,places,v_place",půjčovna,půjčovny,půjčovně,půjčovnu,půjčovno,půjčovně,půjčovnou,půjčovny,půjčoven,půjčovnám,půjčovny,půjčovny,půjčovnách,půjčovnami
textovka,text message,f,false,žena,A1,"misc,readable",textovka,textovky,textovce,textovku,textovko,textovce,textovkou,textovky,textovek,textovkám,textovky,textovky,textovkách,textovkami
spisovatelka,female writer,f,false,žena,A1,"misc,people,profession",spisovatelka,spisovatelky,spisovatelce,spisovatelku,spisovatelko,spisovatelce,spisovatelkou,spisovatelky,spisovatelek,spisovatelkám,spisovatelky,spisovatelky,spisovatelkách,spisovatelkami
skladatelka,female composer,f,false,žena,A1,"misc,people,profession",skladatelka,skladatelky,skladatelce,skladatelku,skladatelko,skladatelce,skladatelkou,skladatelky,skladatelek,skladatelkám,skladatelky,skladatelky,skladatelkách,skladatelkami
dramatička,female playwright,f,false,žena,A1,"misc,people,profession",dramatička,dramatičky,dramatičce,dramatičku,dramatičko,dramatičce,dramatičkou,dramatičky,dramatiček,dramatičkám,dramatičky,dramatičky,dramatičkách,dramatičkami
poschodí,floor,n,false,stavení,A1,"misc,places,v_place",poschodí,poschodí,poschodí,poschodí,poschodí,poschodí,poschodím,poschodí,poschodí,poschodím,poschodí,poschodí,poschodích,poschodími
činžák,apartment building,m,false,hrad,A1,"misc,places,v_place",činžák,činžáku,činžáku,činžák,činžáku,činžáku,činžákem,činžáky,činžáků,činžákům,činžáky,činžáky,činžácích,činžáky
předsíň,entrance hall,f,false,píseň,A1,"misc,places,v_place,indoor",předsíň,předsíně,předsíni,předsíň,předsíni,předsíni,předsíní,předsíně,předsíní,předsíním,předsíně,předsíně,předsíních,předsíněmi
předměstí,suburb,n,false,stavení,A1,"misc,places,na_place",předměstí,předměstí,předměstí,předměstí,předměstí,předměstí,předměstím,předměstí,předměstí,předměstím,předměstí,předměstí,předměstích,předměstími
gauč,couch,m,false,stroj,A1,"misc,objects,sittable",gauč,gauče,gauči,gauč,gauči,gauči,gaučem,gauče,gaučů,gaučům,gauče,gauče,gaučích,gauči
formulář,form,m,false,stroj,A1,"misc,objects,readable,portable",formulář,formuláře,formuláři,formulář,formuláři,formuláři,formulářem,formuláře,formulářů,formulářům,formuláře,formuláře,formulářích,formuláři
balkon,balcony,m,false,hrad,A1,"misc,places,na_place",balkon,balkonu,balkonu,balkon,balkone,balkoně,balkonem,balkony,balkonů,balkonům,balkony,balkony,balkonech,balkony
myčka,dishwasher,f,false,žena,A1,"misc,objects",myčka,myčky,myčce,myčku,myčko,myčce,myčkou,myčky,myček,myčkám,myčky,myčky,myčkách,myčkami
pohovka,sofa,f,false,žena,A1,"misc,objects,sittable",pohovka,pohovky,pohovce,pohovku,pohovko,pohovce,pohovkou,pohovky,pohovek,pohovkám,pohovky,pohovky,pohovkách,pohovkami
sedačka,couch,f,false,žena,A1,"misc,objects,sittable",sedačka,sedačky,sedačce,sedačku,sedačko,sedačce,sedačkou,sedačky,sedaček,sedačkám,sedačky,sedačky,sedačkách,sedačkami
sporák,stove,m,false,hrad,A1,"misc,objects",sporák,sporáku,sporáku,sporák,sporáku,sporáku,sporákem,sporáky,sporáků,sporákům,sporáky,sporáky,sporácích,sporáky
hostel,hostel,m,false,hrad,A1,"misc,places,v_place",hostel,hostelu,hostelu,hostel,hostele,hostelu,hostelem,hostely,hostelů,hostelům,hostely,hostely,hostelech,hostely
kemp,campsite,m,false,hrad,A1,"misc,places,v_place",kemp,kempu,kempu,kemp,kempe,kempu,kempem,kempy,kempů,kempům,kempy,kempy,kempech,kempy
karavan,caravan,m,false,hrad,A1,"misc,transportation,vehicle",karavan,karavanu,karavanu,karavan,karavane,karavanu,karavanem,karavany,karavanů,karavanům,karavany,karavany,karavanech,karavany
egoista,egoist,m,true,předseda,A1,"misc,people",egoista,egoisty,egoistovi,egoistu,egoisto,egoistovi,egoistou,egoisté,egoistů,egoistům,egoisty,egoisté,egoistech,egoisty
šachy,chess,m,false,hrad,A1,"misc,objects",,,,,,,,šachy,šachů,šachům,šachy,šachy,šachách,šachy
squash,squash,m,false,stroj,A1,"misc,abstract",squash,squashe,squashi,squash,squashi,squashi,squashem,squashe,squashů,squashům,squashe,squashe,squashích,squashi
specialita,specialty,f,false,žena,A1,"misc,food",specialita,speciality,specialitě,specialitu,specialito,specialitě,specialitou,speciality,specialit,specialitám,speciality,speciality,specialitách,specialitami
brusle,skate,f,false,růže,A1,"misc,objects",brusle,brusle,brusli,brusli,brusle,brusli,bruslí,brusle,bruslí,bruslím,brusle,brusle,bruslích,bruslemi
zubař,dentist,m,true,muž,A1,"misc,people,profession",zubař,zubaře,zubaři,zubaře,zubaři,zubaři,zubařem,zubaři,zubařů,zubařům,zubaře,zubaři,zubařích,zubaři
náplast,adhesive bandage,f,false,kost,A1,"misc,objects,portable",náplast,náplasti,náplasti,náplast,náplasti,náplasti,náplastí,náplasti,náplastí,náplastem,náplasti,náplasti,náplastech,náplastmi
praktik,general practitioner,m,true,pán,A1,"misc,people,profession",praktik,praktika,praktikovi,praktika,praktiku,praktikovi,praktikem,praktici,praktiků,praktikům,praktiky,praktici,prakticích,praktiky
očař,eye doctor,m,true,muž,A1,"misc,people,profession",očař,očaře,očaři,očaře,očaři,očaři,očařem,očaři,očařů,očařům,očaře,očaři,očařích,očaři
antikoncepce,contraception,f,false,růže,A1,"misc,abstract",antikoncepce,antikoncepce,antikoncepci,antikoncepci,antikoncepce,antikoncepci,antikoncepcí,antikoncepce,antikoncepcí,antikoncepcím,antikoncepce,antikoncepce,antikoncepcích,antikoncepcemi
neurolog,neurologist,m,true,pán,A1,"misc,people,profession",neurolog,neurologa,neurologovi,neurologa,neurologu,neurologovi,neurologem,neurologové,neurologů,neurologům,neurology,neurologové,neurolozích,neurology
výdej,dispensing,m,false,stroj,A1,"misc,abstract",výdej,výdeje,výdeji,výdej,výdeji,výdeji,výdejem,výdeje,výdejů,výdejům,výdeje,výdeje,výdejích,výdeji
plnovous,full beard,m,false,hrad,A1,misc,plnovous,plnovousu,plnovousu,plnovous,plnovouse,plnovousu,plnovousem,plnovousy,plnovousů,plnovousům,plnovousy,plnovousy,plnovousech,plnovousy
kartička,card,f,false,žena,A1,"misc,objects,portable",kartička,kartičky,kartičce,kartičku,kartičko,kartičce,kartičkou,kartičky,kartiček,kartičkám,kartičky,kartičky,kartičkách,kartičkami
antibiotikum,antibiotic,n,false,město,A1,"misc,abstract",antibiotikum,antibiotika,antibiotiku,antibiotikum,antibiotikum,antibiotiku,antibiotikem,antibiotika,antibiotik,antibiotikům,antibiotika,antibiotika,antibiotikách,antibiotiky
antidepresivum,antidepressant,n,false,město,A1,"misc,abstract",antidepresivum,antidepresiva,antidepresivu,antidepresivum,antidepresivum,antidepresivu,antidepresivem,antidepresiva,antidepresiv,antidepresivům,antidepresiva,antidepresiva,antidepresivech,antidepresivy
vitamín,vitamin,m,false,hrad,A1,misc,vitamín,vitamínu,vitamínu,vitamín,vitamíne,vitamínu,vitamínem,vitamíny,vitamínů,vitamínům,vitamíny,vitamíny,vitamínech,vitamíny
průjem,diarrhea,m,false,hrad,A1,"misc,abstract",průjem,průjmu,průjmu,průjem,průjme,průjmu,průjmem,průjmy,průjmů,průjmům,průjmy,průjmy,průjmech,průjmy
diabetes,diabetes,m,false,hrad,A1,"misc,abstract",diabetes,diabetu,diabetu,diabetes,diabete,diabetu,diabetem,diabety,diabetů,diabetům,diabety,diabety,diabetech,diabety
cukrovka,diabetes,f,false,žena,A1,"misc,abstract",cukrovka,cukrovky,cukrovce,cukrovku,cukrovko,cukrovce,cukrovkou,cukrovky,cukrovek,cukrovkám,cukrovky,cukrovky,cukrovkách,cukrovkami
sirup,syrup,m,false,hrad,A1,"misc,food",sirup,sirupu,sirupu,sirup,sirupe,sirupu,sirupem,sirupy,sirupů,sirupům,sirupy,sirupy,sirupech,sirupy
obvaz,bandage,m,false,hrad,A1,"misc,objects,portable",obvaz,obvazu,obvazu,obvaz,obvaze,obvaze,obvazem,obvazy,obvazů,obvazům,obvazy,obvazy,obvazech,obvazy
apendicitida,appendicitis,f,false,žena,A1,"misc,abstract",apendicitida,apendicitidy,apendicitidě,apendicitidu,apendicitido,apendicitidě,apendicitidou,apendicitidy,apendicitid,apendicitidám,apendicitidy,apendicitidy,apendicitidách,apendicitidami
tableta,tablet (pill),f,false,žena,A1,misc,tableta,tablety,tabletě,tabletu,tableto,tabletě,tabletou,tablety,tablet,tabletám,tablety,tablety,tabletách,tabletami
tabletka,pill,f,false,žena,A1,misc,tabletka,tabletky,tabletce,tabletku,tabletko,tabletce,tabletkou,tabletky,tabletek,tabletkám,tabletky,tabletky,tabletkách,tabletkami
obuv,footwear,f,false,kost,A1,misc,obuv,obuvi,obuvi,obuv,obuvi,obuvi,obuví,obuvi,obuví,obuvím,obuvi,obuvi,obuvích,obuvemi
knihkupectví,bookshop,n,false,stavení,A1,"misc,places,v_place",knihkupectví,knihkupectví,knihkupectví,knihkupectví,knihkupectví,knihkupectví,knihkupectvím,knihkupectví,knihkupectví,knihkupectvím,knihkupectví,knihkupectví,knihkupectvích,knihkupectvími
květinářství,flower shop,n,false,stavení,A1,"misc,places,v_place",květinářství,květinářství,květinářství,květinářství,květinářství,květinářství,květinářstvím,květinářství,květinářství,květinářstvím,květinářství,květinářství,květinářstvích,květinářstvími
kašna,fountain,f,false,žena,A1,"misc,places",kašna,kašny,kašně,kašnu,kašno,kašně,kašnou,kašny,kašen,kašnám,kašny,kašny,kašnách,kašnami
rehabilitace,rehabilitation,f,false,růže,A1,"misc,abstract",rehabilitace,rehabilitace,rehabilitaci,rehabilitaci,rehabilitace,rehabilitaci,rehabilitací,rehabilitace,rehabilitací,rehabilitacím,rehabilitace,rehabilitace,rehabilitacích,rehabilitacemi
elektro,electronics store,n,false,město,A1,"misc,places,v_place",elektro,elektra,elektru,elektro,elektro,elektru,elektrem,,,,,,,
papírnictví,stationery shop,n,false,stavení,A1,"misc,places,v_place",papírnictví,papírnictví,papírnictví,papírnictví,papírnictví,papírnictví,papírnictvím,papírnictví,papírnictví,papírnictvím,papírnictví,papírnictví,papírnictvích,papírnictvími
pekařství,bakery,n,false,stavení,A1,"misc,places,v_place",pekařství,pekařství,pekařství,pekařství,pekařství,pekařství,pekařstvím,pekařství,pekařství,pekařstvím,pekařství,pekařství,pekařstvích,pekařstvími
optika,optician's (shop); optics,f,false,žena,A1,"misc,places,v_place",optika,optiky,optice,optiku,optiko,optice,optikou,optiky,optik,optikám,optiky,optiky,optikách,optikami
trafika,newsstand,f,false,žena,A1,"misc,places,v_place",trafika,trafiky,trafice,trafiku,trafiko,trafice,trafikou,trafiky,trafik,trafikám,trafiky,trafiky,trafikách,trafikami
selfíčko,selfie,n,false,město,A2,misc,selfíčko,selfíčka,selfíčku,selfíčko,selfíčko,selfíčku,selfíčkem,selfíčka,selfíček,selfíčkům,selfíčka,selfíčka,selfíčkách,selfíčky
sáňky,sled,f,false,žena,A2,"misc,objects",,,,,,,,sáňky,sáněk,sáňkám,sáňky,sáňky,sáňkách,sáňkami
snowboard,snowboard,m,false,hrad,A2,"misc,objects",snowboard,snowboardu,snowboardu,snowboard,snowboarde,snowboardu,snowboardem,snowboardy,snowboardů,snowboardům,snowboardy,snowboardy,snowboardech,snowboardy
recepce,reception desk,f,false,růže,A2,"misc,places,na_place",recepce,recepce,recepci,recepci,recepce,recepci,recepcí,recepce,recepcí,recepcím,recepce,recepce,recepcích,recepcemi
fitko,gym,n,false,město,A2,"misc,places,v_place",fitko,fitka,fitku,fitko,fitko,fitku,fitkem,fitka,fitek,fitkům,fitka,fitka,fitkách,fitky
boby,bobsled,m,false,hrad,A2,"misc,objects",,,,,,,,boby,bobů,bobům,boby,boby,bobech,boby
nástupiště,platform,n,false,moře,A2,"misc,places,na_place",nástupiště,nástupiště,nástupišti,nástupiště,nástupiště,nástupišti,nástupištěm,nástupiště,nástupišť,nástupištím,nástupiště,nástupiště,nástupištích,nástupišti
nabíječka,charger,f,false,žena,A2,"misc,objects,portable",nabíječka,nabíječky,nabíječce,nabíječku,nabíječko,nabíječce,nabíječkou,nabíječky,nabíječek,nabíječkám,nabíječky,nabíječky,nabíječkách,nabíječkami
fotoaparát,camera,m,false,hrad,A2,"misc,objects,portable",fotoaparát,fotoaparátu,fotoaparátu,fotoaparát,fotoaparáte,fotoaparátu,fotoaparátem,fotoaparáty,fotoaparátů,fotoaparátům,fotoaparáty,fotoaparáty,fotoaparátech,fotoaparáty
foťák,camera,m,false,hrad,A2,"misc,objects,portable",foťák,foťáku,foťáku,foťák,foťáku,foťáku,foťákem,foťáky,foťáků,foťákům,foťáky,foťáky,foťácích,foťáky
oblázek,pebble,m,false,hrad,A2,"misc,objects,portable",oblázek,oblázku,oblázku,oblázek,oblázku,oblázku,oblázkem,oblázky,oblázků,oblázkům,oblázky,oblázky,oblázcích,oblázky
bláto,mud,n,false,město,A2,"misc,nature",bláto,bláta,blátu,bláto,bláto,blátě,blátem,bláta,blát,blátům,bláta,bláta,blátech,bláty
gril,grill,m,false,hrad,A2,"misc,objects",gril,grilu,grilu,gril,grile,grilu,grilem,grily,grilů,grilům,grily,grily,grilech,grily
batoh,backpack,m,false,hrad,A2,"misc,objects,portable",batoh,batohu,batohu,batoh,batohu,batohu,batohem,batohy,batohů,batohům,batohy,batohy,batozích,batohy
úschovna,left-luggage office,f,false,žena,A2,"misc,places,v_place",úschovna,úschovny,úschovně,úschovnu,úschovno,úschovně,úschovnou,úschovny,úschoven,úschovnám,úschovny,úschovny,úschovnách,úschovnami
podchod,underpass,m,false,hrad,A2,"misc,places,v_place",podchod,podchodu,podchodu,podchod,podchode,podchodu,podchodem,podchody,podchodů,podchodům,podchody,podchody,podchodech,podchody
řidičák,driver's license,m,false,hrad,A2,"misc,objects,portable",řidičák,řidičáku,řidičáku,řidičák,řidičáku,řidičáku,řidičákem,řidičáky,řidičáků,řidičákům,řidičáky,řidičáky,řidičácích,řidičáky
rychlík,express train,m,false,hrad,A2,"misc,transportation,vehicle",rychlík,rychlíku,rychlíku,rychlík,rychlíku,rychlíku,rychlíkem,rychlíky,rychlíků,rychlíkům,rychlíky,rychlíky,rychlících,rychlíky
beránek,Easter lamb,m,true,pán,A2,"misc,food",beránek,beránka,beránkovi,beránka,beránku,beránkovi,beránkem,beránci,beránků,beránkům,beránky,beránci,beráncích,beránky
mazanec,Easter bread,m,false,stroj,A2,"misc,food,sliceable",mazanec,mazance,mazanci,mazanec,mazanci,mazanci,mazancem,mazance,mazanců,mazancům,mazance,mazance,mazancích,mazanci
koleda,carol,f,false,žena,A2,"misc,abstract",koleda,koledy,koledě,koledu,koledo,koledě,koledou,koledy,koled,koledám,koledy,koledy,koledách,koledami
chirurgie,surgery,f,false,růže,A2,"misc,abstract",chirurgie,chirurgie,chirurgii,chirurgii,chirurgie,chirurgii,chirurgií,chirurgie,chirurgií,chirurgiím,chirurgie,chirurgie,chirurgiích,chirurgiemi
soustrast,condolences,f,false,kost,A2,"misc,abstract",soustrast,soustrasti,soustrasti,soustrast,soustrasti,soustrasti,soustrastí,soustrasti,soustrastí,soustrastem,soustrasti,soustrasti,soustrastech,soustrastmi
cukroví,Christmas cookies,n,false,stavení,A2,"misc,food",cukroví,cukroví,cukroví,cukroví,cukroví,cukroví,cukrovím,cukroví,cukroví,cukrovím,cukroví,cukroví,cukrovích,cukrovími
bohoslužba,church service,f,false,žena,A2,"misc,event,gathering,quiet_event",bohoslužba,bohoslužby,bohoslužbě,bohoslužbu,bohoslužbo,bohoslužbě,bohoslužbou,bohoslužby,bohoslužeb,bohoslužbám,bohoslužby,bohoslužby,bohoslužbách,bohoslužbami
hod,feast day (Boží hod); throw,m,false,hrad,A2,misc,hod,hodu,hodu,hod,hode,hodu,hodem,hody,hodů,hodům,hody,hody,hodech,hody
chlebíček,open sandwich,m,false,hrad,A2,"misc,food",chlebíček,chlebíčku,chlebíčku,chlebíček,chlebíčku,chlebíčku,chlebíčkem,chlebíčky,chlebíčků,chlebíčkům,chlebíčky,chlebíčky,chlebíčcích,chlebíčky
jednohubka,canapé,f,false,žena,A2,"misc,food",jednohubka,jednohubky,jednohubce,jednohubku,jednohubko,jednohubce,jednohubkou,jednohubky,jednohubek,jednohubkám,jednohubky,jednohubky,jednohubkách,jednohubkami
pizza,pizza,f,false,žena,A2,"misc,food,sliceable",pizza,pizzy,pizze,pizzu,pizzo,pizze,pizzou,pizzy,pizz,pizzám,pizzy,pizzy,pizzách,pizzami
olovo,lead,n,false,město,A2,misc,olovo,olova,olovu,olovo,olovo,olovu,olovem,olova,olov,olovům,olova,olova,olovech,olovy
vánočka,Christmas bread,f,false,žena,A2,"misc,food,sliceable",vánočka,vánočky,vánočce,vánočku,vánočko,vánočce,vánočkou,vánočky,vánoček,vánočkám,vánočky,vánočky,vánočkách,vánočkami
odpadek,piece of trash,m,false,hrad,A2,misc,odpadek,odpadku,odpadku,odpadek,odpadku,odpadku,odpadkem,odpadky,odpadků,odpadkům,odpadky,odpadky,odpadcích,odpadky
manikúra,manicure,f,false,žena,A2,"misc,abstract",manikúra,manikúry,manikúře,manikúru,manikúro,manikúře,manikúrou,manikúry,manikúr,manikúrám,manikúry,manikúry,manikúrách,manikúrami
bábovka,Bundt cake,f,false,žena,A2,"misc,food,sliceable",bábovka,bábovky,bábovce,bábovku,bábovko,bábovce,bábovkou,bábovky,bábovek,bábovkám,bábovky,bábovky,bábovkách,bábovkami
esej,essay,m,false,stroj,A2,"misc,readable",esej,eseje,eseji,esej,eseji,eseji,esejem,eseje,esejů,esejům,eseje,eseje,esejích,eseji
výmluva,excuse,f,false,žena,A2,"misc,abstract",výmluva,výmluvy,výmluvě,výmluvu,výmluvo,výmluvě,výmluvou,výmluvy,výmluv,výmluvám,výmluvy,výmluvy,výmluvách,výmluvami
přísloví,proverb,n,false,stavení,A2,"misc,abstract",přísloví,přísloví,přísloví,přísloví,přísloví,přísloví,příslovím,přísloví,přísloví,příslovím,přísloví,přísloví,příslovích,příslovími
prokrastinace,procrastination,f,false,růže,A2,"misc,abstract",prokrastinace,prokrastinace,prokrastinaci,prokrastinaci,prokrastinace,prokrastinaci,prokrastinací,prokrastinace,prokrastinací,prokrastinacím,prokrastinace,prokrastinace,prokrastinacích,prokrastinacemi
senior,senior citizen,m,true,pán,A2,"misc,people",senior,seniora,seniorovi,seniora,seniore,seniorovi,seniorem,senioři,seniorů,seniorům,seniory,senioři,seniorech,seniory
sněžení,snowfall,n,false,stavení,A2,"misc,abstract",sněžení,sněžení,sněžení,sněžení,sněžení,sněžení,sněžením,sněžení,sněžení,sněžením,sněžení,sněžení,sněženích,sněženími
kosa,scythe (colloquially: bitter cold),f,false,žena,A2,misc,kosa,kosy,kose,kosu,koso,kose,kosou,kosy,kos,kosám,kosy,kosy,kosách,kosami
fyzika,physics,f,false,žena,A2,"misc,abstract",fyzika,fyziky,fyzice,fyziku,fyziko,fyzice,fyzikou,fyziky,fyzik,fyzikám,fyziky,fyziky,fyzikách,fyzikami
kuriozita,curiosity,f,false,žena,A2,"misc,abstract",kuriozita,kuriozity,kuriozitě,kuriozitu,kuriozito,kuriozitě,kuriozitou,kuriozity,kuriozit,kuriozitám,kuriozity,kuriozity,kuriozitách,kuriozitami
plast,plastic,m,false,hrad,A2,misc,plast,plastu,plastu,plast,plaste,plastu,plastem,plasty,plastů,plastům,plasty,plasty,plastech,plasty
ručička,little hand,f,false,žena,A2,"misc,body",ručička,ručičky,ručičce,ručičku,ručičko,ručičce,ručičkou,ručičky,ručiček,ručičkám,ručičky,ručičky,ručičkách,ručičkami
exponát,exhibit,m,false,hrad,A2,"misc,objects",exponát,exponátu,exponátu,exponát,exponáte,exponátu,exponátem,exponáty,exponátů,exponátům,exponáty,exponáty,exponátech,exponáty
superlativ,superlative,m,false,hrad,A2,"misc,abstract",superlativ,superlativu,superlativu,superlativ,superlative,superlativu,superlativem,superlativy,superlativů,superlativům,superlativy,superlativy,superlativech,superlativy
seniorka,senior woman,f,false,žena,A2,"misc,people",seniorka,seniorky,seniorce,seniorku,seniorko,seniorce,seniorkou,seniorky,seniorek,seniorkám,seniorky,seniorky,seniorkách,seniorkami
kadeřník,hairdresser,m,true,pán,A2,"misc,people,profession",kadeřník,kadeřníka,kadeřníkovi,kadeřníka,kadeřníku,kadeřníkovi,kadeřníkem,kadeřníci,kadeřníků,kadeřníkům,kadeřníky,kadeřníci,kadeřnících,kadeřníky
přehrávač,media player,m,false,stroj,A2,"misc,objects",přehrávač,přehrávače,přehrávači,přehrávač,přehrávači,přehrávači,přehrávačem,přehrávače,přehrávačů,přehrávačům,přehrávače,přehrávače,přehrávačích,přehrávači
bankovnictví,banking,n,false,stavení,A2,"misc,abstract",bankovnictví,bankovnictví,bankovnictví,bankovnictví,bankovnictví,bankovnictví,bankovnictvím,bankovnictví,bankovnictví,bankovnictvím,bankovnictví,bankovnictví,bankovnictvích,bankovnictvími
kadeřnice,female hairdresser,f,false,růže,A2,"misc,people,profession",kadeřnice,kadeřnice,kadeřnici,kadeřnici,kadeřnice,kadeřnici,kadeřnicí,kadeřnice,kadeřnic,kadeřnicím,kadeřnice,kadeřnice,kadeřnicích,kadeřnicemi
klávesnice,keyboard,f,false,růže,A2,"misc,objects",klávesnice,klávesnice,klávesnici,klávesnici,klávesnice,klávesnici,klávesnicí,klávesnice,klávesnic,klávesnicím,klávesnice,klávesnice,klávesnicích,klávesnicemi
tablet,tablet,m,false,hrad,A2,"misc,objects,portable",tablet,tabletu,tabletu,tablet,tablete,tabletu,tabletem,tablety,tabletů,tabletům,tablety,tablety,tabletech,tablety
tiskárna,printer,f,false,žena,A2,"misc,objects",tiskárna,tiskárny,tiskárně,tiskárnu,tiskárno,tiskárně,tiskárnou,tiskárny,tiskáren,tiskárnám,tiskárny,tiskárny,tiskárnách,tiskárnami
monitor,monitor,m,false,hrad,A2,"misc,objects",monitor,monitoru,monitoru,monitor,monitore,monitoru,monitorem,monitory,monitorů,monitorům,monitory,monitory,monitorech,monitory
fleška,flash drive,f,false,žena,A2,"misc,objects,portable",fleška,flešky,flešce,flešku,fleško,flešce,fleškou,flešky,flešek,fleškám,flešky,flešky,fleškách,fleškami
ikona,icon,f,false,žena,A2,misc,ikona,ikony,ikoně,ikonu,ikono,ikoně,ikonou,ikony,ikon,ikonám,ikony,ikony,ikonách,ikonami
čtečka,e-reader,f,false,žena,A2,"misc,objects,portable",čtečka,čtečky,čtečce,čtečku,čtečko,čtečce,čtečkou,čtečky,čteček,čtečkám,čtečky,čtečky,čtečkách,čtečkami
software,software,m,false,hrad,A2,"misc,abstract",software,softwaru,softwaru,software,software,softwaru,softwarem,softwary,softwarů,softwarům,softwary,softwary,softwarech,softwary
holička,female barber,f,false,žena,A2,"misc,people,profession",holička,holičky,holičce,holičku,holičko,holičce,holičkou,holičky,holiček,holičkám,holičky,holičky,holičkách,holičkami
kopírka,copier,f,false,žena,A2,"misc,objects",kopírka,kopírky,kopírce,kopírku,kopírko,kopírce,kopírkou,kopírky,kopírek,kopírkám,kopírky,kopírky,kopírkách,kopírkami
zásuvka,socket,f,false,žena,A2,"misc,objects",zásuvka,zásuvky,zásuvce,zásuvku,zásuvko,zásuvce,zásuvkou,zásuvky,zásuvek,zásuvkám,zásuvky,zásuvky,zásuvkách,zásuvkami
reproduktor,speaker,m,false,hrad,A2,"misc,objects",reproduktor,reproduktoru,reproduktoru,reproduktor,reproduktore,reproduktoru,reproduktorem,reproduktory,reproduktorů,reproduktorům,reproduktory,reproduktory,reproduktorech,reproduktory
reprák,speaker,m,false,hrad,A2,"misc,objects",reprák,repráku,repráku,reprák,repráku,repráku,reprákem,repráky,repráků,reprákům,repráky,repráky,reprácích,repráky
zástrčka,plug,f,false,žena,A2,"misc,objects,portable",zástrčka,zástrčky,zástrčce,zástrčku,zástrčko,zástrčce,zástrčkou,zástrčky,zástrček,zástrčkám,zástrčky,zástrčky,zástrčkách,zástrčkami
smartphone,smartphone,m,false,hrad,A2,"misc,objects,portable",smartphone,smartphonu,smartphonu,smartphone,smartphone,smartphonu,smartphonem,smartphony,smartphonů,smartphonům,smartphony,smartphony,smartphonech,smartphony
teenager,teenager,m,true,pán,A2,"misc,people",teenager,teenagera,teenagerovi,teenagera,teenagere,teenagerovi,teenagerem,teenageři,teenagerů,teenagerům,teenagery,teenageři,teenagerech,teenagery
sekáč,second-hand shop (colloquial),m,false,stroj,A2,"misc,places,v_place",sekáč,sekáče,sekáči,sekáč,sekáči,sekáči,sekáčem,sekáče,sekáčů,sekáčům,sekáče,sekáče,sekáčích,sekáči
zlatokop,gold prospector,m,true,pán,A2,"misc,people",zlatokop,zlatokopa,zlatokopovi,zlatokopa,zlatokope,zlatokopovi,zlatokopem,zlatokopi,zlatokopů,zlatokopům,zlatokopy,zlatokopi,zlatokopech,zlatokopy
top,top,m,false,hrad,A2,"misc,objects,clothing",top,topu,topu,top,tope,topu,topem,topy,topů,topům,topy,topy,topech,topy
rebel,rebel,m,true,pán,A2,"misc,people",rebel,rebela,rebelovi,rebela,rebele,rebelovi,rebelem,rebelové,rebelů,rebelům,rebely,rebelové,rebelech,rebely
bloger,blogger,m,true,pán,A2,"misc,people,profession",bloger,blogera,blogerovi,blogera,blogere,blogerovi,blogerem,blogeři,blogerů,blogerům,blogery,blogeři,blogerech,blogery
secondhand,second-hand shop,m,false,hrad,A2,"misc,places,v_place",secondhand,secondhandu,secondhandu,secondhand,secondhande,secondhandu,secondhandem,secondhandy,secondhandů,secondhandům,secondhandy,secondhandy,secondhandech,secondhandy
legíny,leggings,f,false,žena,A2,"misc,clothing",,,,,,,,legíny,legín,legínám,legíny,legíny,legínách,legínami
teniska,sneaker,f,false,žena,A2,"misc,objects,clothing,portable",teniska,tenisky,tenisce,tenisku,tenisko,tenisce,teniskou,tenisky,tenisek,teniskám,tenisky,tenisky,teniskách,teniskami
kapitalismus,capitalism,m,false,hrad,A2,"misc,abstract",kapitalismus,kapitalismu,kapitalismu,kapitalismus,kapitalisme,kapitalismu,kapitalismem,kapitalismy,kapitalismů,kapitalismům,kapitalismy,kapitalismy,kapitalismech,kapitalismy
teenagerka,teenage girl,f,false,žena,A2,"misc,people",teenagerka,teenagerky,teenagerce,teenagerku,teenagerko,teenagerce,teenagerkou,teenagerky,teenagerek,teenagerkám,teenagerky,teenagerky,teenagerkách,teenagerkami
blogerka,female blogger,f,false,žena,A2,"misc,people,profession",blogerka,blogerky,blogerce,blogerku,blogerko,blogerce,blogerkou,blogerky,blogerek,blogerkám,blogerky,blogerky,blogerkách,blogerkami
střih,cut,m,false,hrad,A2,misc,střih,střihu,střihu,střih,střihu,střihu,střihem,střihy,střihů,střihům,střihy,střihy,střizích,střihy
instalatér,plumber,m,true,pán,A2,"misc,people,profession",instalatér,instalatéra,instalatérovi,instalatéra,instalatére,instalatérovi,instalatérem,instalatéři,instalatérů,instalatérům,instalatéry,instalatéři,instalatérech,instalatéry
truhlář,carpenter,m,true,muž,A2,"misc,people,profession",truhlář,truhláře,truhláři,truhláře,truhláři,truhláři,truhlářem,truhláři,truhlářů,truhlářům,truhláře,truhláři,truhlářích,truhláři
umyvadlo,sink,n,false,město,A2,"misc,objects",umyvadlo,umyvadla,umyvadlu,umyvadlo,umyvadlo,umyvadle,umyvadlem,umyvadla,umyvadel,umyvadlům,umyvadla,umyvadla,umyvadlech,umyvadly
zedník,bricklayer,m,true,pán,A2,"misc,people,profession",zedník,zedníka,zedníkovi,zedníka,zedníku,zedníkovi,zedníkem,zedníci,zedníků,zedníkům,zedníky,zedníci,zednících,zedníky
elektrikář,electrician,m,true,muž,A2,"misc,people,profession",elektrikář,elektrikáře,elektrikáři,elektrikáře,elektrikáři,elektrikáři,elektrikářem,elektrikáři,elektrikářů,elektrikářům,elektrikáře,elektrikáři,elektrikářích,elektrikáři
komoda,chest of drawers,f,false,žena,A2,"misc,objects",komoda,komody,komodě,komodu,komodo,komodě,komodou,komody,komod,komodám,komody,komody,komodách,komodami
rybaření,fishing,n,false,stavení,A2,"misc,abstract",rybaření,rybaření,rybaření,rybaření,rybaření,rybaření,rybařením,rybaření,rybaření,rybařením,rybaření,rybaření,rybařeních,rybařeními
zámečník,locksmith,m,true,pán,A2,"misc,people,profession",zámečník,zámečníka,zámečníkovi,zámečníka,zámečníku,zámečníkovi,zámečníkem,zámečníci,zámečníků,zámečníkům,zámečníky,zámečníci,zámečnících,zámečníky
topenář,heating technician,m,true,muž,A2,"misc,people,profession",topenář,topenáře,topenáři,topenáře,topenáři,topenáři,topenářem,topenáři,topenářů,topenářům,topenáře,topenáři,topenářích,topenáři
stolička,stool,f,false,žena,A2,"misc,objects,sittable",stolička,stoličky,stoličce,stoličku,stoličko,stoličce,stoličkou,stoličky,stoliček,stoličkám,stoličky,stoličky,stoličkách,stoličkami
stěhovák,mover,m,true,pán,A2,"misc,people,profession",stěhovák,stěhováka,stěhovákovi,stěhováka,stěhováku,stěhovákovi,stěhovákem,stěhováci,stěhováků,stěhovákům,stěhováky,stěhováci,stěhovácích,stěhováky
řemeslník,craftsman,m,true,pán,A2,"misc,people,profession",řemeslník,řemeslníka,řemeslníkovi,řemeslníka,řemeslníku,řemeslníkovi,řemeslníkem,řemeslníci,řemeslníků,řemeslníkům,řemeslníky,řemeslníci,řemeslnících,řemeslníky
švadlena,seamstress,f,false,žena,A2,"misc,people,profession",švadlena,švadleny,švadleně,švadlenu,švadleno,švadleně,švadlenou,švadleny,švadlen,švadlenám,švadleny,švadleny,švadlenách,švadlenami
pracovnice,female worker,f,false,růže,A2,"misc,people,profession",pracovnice,pracovnice,pracovnici,pracovnici,pracovnice,pracovnici,pracovnicí,pracovnice,pracovnic,pracovnicím,pracovnice,pracovnice,pracovnicích,pracovnicemi
kutil,handyman,m,true,pán,A2,"misc,people",kutil,kutila,kutilovi,kutila,kutile,kutilovi,kutilem,kutilové,kutilů,kutilům,kutily,kutilové,kutilech,kutily
švec,shoemaker,m,true,muž,A2,"misc,people,profession",švec,ševce,ševci,ševce,ševče,ševci,ševcem,ševci,ševců,ševcům,ševce,ševci,ševcích,ševci
pneumatika,tire,f,false,žena,A2,"misc,objects",pneumatika,pneumatiky,pneumatice,pneumatiku,pneumatiko,pneumatice,pneumatikou,pneumatiky,pneumatik,pneumatikám,pneumatiky,pneumatiky,pneumatikách,pneumatikami
obuvník,cobbler,m,true,pán,A2,"misc,people,profession",obuvník,obuvníka,obuvníkovi,obuvníka,obuvníku,obuvníkovi,obuvníkem,obuvníci,obuvníků,obuvníkům,obuvníky,obuvníci,obuvnících,obuvníky
pojistka,fuse,f,false,žena,A2,"misc,objects",pojistka,pojistky,pojistce,pojistku,pojistko,pojistce,pojistkou,pojistky,pojistek,pojistkám,pojistky,pojistky,pojistkách,pojistkami
opravna,repair shop,f,false,žena,A2,"misc,places,v_place",opravna,opravny,opravně,opravnu,opravno,opravně,opravnou,opravny,opraven,opravnám,opravny,opravny,opravnách,opravnami
pumpa,pump; gas station (colloquial),f,false,žena,A2,"misc,places,na_place",pumpa,pumpy,pumpě,pumpu,pumpo,pumpě,pumpou,pumpy,pump,pumpám,pumpy,pumpy,pumpách,pumpami
pedikúra,pedicure,f,false,žena,A2,"misc,abstract",pedikúra,pedikúry,pedikúře,pedikúru,pedikúro,pedikúře,pedikúrou,pedikúry,pedikúr,pedikúrám,pedikúry,pedikúry,pedikúrách,pedikúrami
masérka,masseuse,f,false,žena,A2,"misc,people,profession",masérka,masérky,masérce,masérku,masérko,masérce,masérkou,masérky,masérek,masérkám,masérky,masérky,masérkách,masérkami
komisář,commissioner,m,true,muž,A2,"misc,people,profession",komisář,komisáře,komisáři,komisáře,komisáři,komisáři,komisářem,komisáři,komisářů,komisářům,komisáře,komisáři,komisářích,komisáři
mimino,baby,n,false,město,A2,"misc,family,people",mimino,mimina,miminu,mimino,mimino,miminu,miminem,mimina,mimin,miminům,mimina,mimina,miminech,miminy
miminko,baby,n,false,město,A2,"misc,family,people",miminko,miminka,miminku,miminko,miminko,miminku,miminkem,miminka,miminek,miminkům,miminka,miminka,miminkách,miminky
batole,toddler,n,false,kuře,A2,"misc,people",batole,batolete,batoleti,batole,batole,batoleti,batoletem,batolata,batolat,batolatům,batolata,batolata,batolatech,batolaty
detektiv,detective,m,true,pán,A2,"misc,people,profession",detektiv,detektiva,detektivovi,detektiva,detektive,detektivovi,detektivem,detektivové,detektivů,detektivům,detektivy,detektivové,detektivech,detektivy
emigrace,emigration,f,false,růže,A2,"misc,abstract",emigrace,emigrace,emigraci,emigraci,emigrace,emigraci,emigrací,emigrace,emigrací,emigracím,emigrace,emigrace,emigracích,emigracemi
dvojče,twin,n,false,kuře,A2,"misc,family,people",dvojče,dvojčete,dvojčeti,dvojče,dvojče,dvojčeti,dvojčetem,dvojčata,dvojčat,dvojčatům,dvojčata,dvojčata,dvojčatech,dvojčaty
alkoholik,alcoholic,m,true,pán,A2,"misc,people",alkoholik,alkoholika,alkoholikovi,alkoholika,alkoholiku,alkoholikovi,alkoholikem,alkoholici,alkoholiků,alkoholikům,alkoholiky,alkoholici,alkoholicích,alkoholiky
revolver,revolver,m,false,hrad,A2,"misc,objects,portable",revolver,revolveru,revolveru,revolver,revolvere,revolveru,revolverem,revolvery,revolverů,revolverům,revolvery,revolvery,revolverech,revolvery
vojna,military service,f,false,žena,A2,"misc,abstract",vojna,vojny,vojně,vojnu,vojno,vojně,vojnou,vojny,vojen,vojnám,vojny,vojny,vojnách,vojnami
plavovláska,blonde,f,false,žena,A2,"misc,people",plavovláska,plavovlásky,plavovlásce,plavovlásku,plavovlásko,plavovlásce,plavovláskou,plavovlásky,plavovlásek,plavovláskám,plavovlásky,plavovlásky,plavovláskách,plavovláskami
nacismus,Nazism,m,false,hrad,A2,"misc,abstract",nacismus,nacismu,nacismu,nacismus,nacisme,nacismu,nacismem,nacismy,nacismů,nacismům,nacismy,nacismy,nacismech,nacismy
přelet,overflight,m,false,hrad,A2,misc,přelet,přeletu,přeletu,přelet,přelete,přeletu,přeletem,přelety,přeletů,přeletům,přelety,přelety,přeletech,přelety
slovíčko,little word,n,false,město,A2,misc,slovíčko,slovíčka,slovíčku,slovíčko,slovíčko,slovíčku,slovíčkem,slovíčka,slovíček,slovíčkům,slovíčka,slovíčka,slovíčkách,slovíčky
trojče,triplet,n,false,kuře,A2,"misc,family,people",trojče,trojčete,trojčeti,trojče,trojče,trojčeti,trojčetem,trojčata,trojčat,trojčatům,trojčata,trojčata,trojčatech,trojčaty
dovolení,permission,n,false,stavení,A2,"misc,abstract",dovolení,dovolení,dovolení,dovolení,dovolení,dovolení,dovolením,dovolení,dovolení,dovolením,dovolení,dovolení,dovoleních,dovoleními
brouček,little bug,m,true,pán,A2,"misc,animals",brouček,broučka,broučkovi,broučka,broučku,broučkovi,broučkem,broučci,broučků,broučkům,broučky,broučci,broučcích,broučky
kouření,smoking,n,false,stavení,A2,"misc,abstract",kouření,kouření,kouření,kouření,kouření,kouření,kouřením,kouření,kouření,kouřením,kouření,kouření,kouřeních,kouřeními
parkování,parking,n,false,stavení,A2,"misc,abstract",parkování,parkování,parkování,parkování,parkování,parkování,parkováním,parkování,parkování,parkováním,parkování,parkování,parkováních,parkováními
fotografování,photography,n,false,stavení,A2,"misc,abstract",fotografování,fotografování,fotografování,fotografování,fotografování,fotografování,fotografováním,fotografování,fotografování,fotografováním,fotografování,fotografování,fotografováních,fotografováními
gramatika,grammar,f,false,žena,A2,"misc,abstract",gramatika,gramatiky,gramatice,gramatiku,gramatiko,gramatice,gramatikou,gramatiky,gramatik,gramatikám,gramatiky,gramatiky,gramatikách,gramatikami
ples,ball,m,false,hrad,A2,"misc,event,gathering",ples,plesu,plesu,ples,plese,plese,plesem,plesy,plesů,plesům,plesy,plesy,plesech,plesy
kocourek,little tomcat,m,true,pán,A2,"misc,animals",kocourek,kocourka,kocourkovi,kocourka,kocourku,kocourkovi,kocourkem,kocourci,kocourků,kocourkům,kocourky,kocourci,kocourcích,kocourky
popcorn,popcorn,m,false,hrad,A2,"misc,food",popcorn,popcornu,popcornu,popcorn,popcorne,popcornu,popcornem,popcorny,popcornů,popcornům,popcorny,popcorny,popcornech,popcorny
kočička,kitty,f,false,žena,A2,"misc,animals",kočička,kočičky,kočičce,kočičku,kočičko,kočičce,kočičkou,kočičky,kočiček,kočičkám,kočičky,kočičky,kočičkách,kočičkami
eskalátor,escalator,m,false,hrad,A2,"misc,objects",eskalátor,eskalátoru,eskalátoru,eskalátor,eskalátore,eskalátoru,eskalátorem,eskalátory,eskalátorů,eskalátorům,eskalátory,eskalátory,eskalátorech,eskalátory
medvídek,teddy bear,m,true,pán,A2,"misc,animals",medvídek,medvídka,medvídkovi,medvídka,medvídku,medvídkovi,medvídkem,medvídci,medvídků,medvídkům,medvídky,medvídci,medvídcích,medvídky
vjezd,vehicle entrance,m,false,hrad,A2,misc,vjezd,vjezdu,vjezdu,vjezd,vjezde,vjezdu,vjezdem,vjezdy,vjezdů,vjezdům,vjezdy,vjezdy,vjezdech,vjezdy
beruška,ladybug,f,false,žena,A2,"misc,animals",beruška,berušky,berušce,berušku,beruško,berušce,beruškou,berušky,berušek,beruškám,berušky,berušky,beruškách,beruškami
pusinka,little kiss,f,false,žena,A2,misc,pusinka,pusinky,pusince,pusinku,pusinko,pusince,pusinkou,pusinky,pusinek,pusinkám,pusinky,pusinky,pusinkách,pusinkami
husa,goose,f,false,žena,A2,"misc,animals",husa,husy,huse,husu,huso,huse,husou,husy,hus,husám,husy,husy,husách,husami
chameleon,chameleon,m,true,pán,A2,"misc,animals",chameleon,chameleona,chameleonovi,chameleona,chameleone,chameleonovi,chameleonem,chameleoni,chameleonů,chameleonům,chameleony,chameleoni,chameleonech,chameleony
asketa,ascetic,m,true,předseda,A2,"misc,people",asketa,askety,asketovi,asketu,asketo,asketovi,asketou,asketové,asketů,asketům,askety,asketové,asketech,askety
balení,package,n,false,stavení,A2,misc,balení,balení,balení,balení,balení,balení,balením,balení,balení,balením,balení,balení,baleních,baleními
humr,lobster,m,true,pán,A2,"misc,animals",humr,humra,humrovi,humra,humře,humrovi,humrem,humři,humrů,humrům,humry,humři,humrech,humry
eidam,Edam cheese,m,false,hrad,A2,"misc,food,weighable,sliceable",eidam,eidamu,eidamu,eidam,eidame,eidamu,eidamem,eidamy,eidamů,eidamům,eidamy,eidamy,eidamech,eidamy
hermelín,Camembert,m,false,hrad,A2,"misc,food,sliceable",hermelín,hermelínu,hermelínu,hermelín,hermelíne,hermelínu,hermelínem,hermelíny,hermelínů,hermelínům,hermelíny,hermelíny,hermelínech,hermelíny
paprika,pepper,f,false,žena,A2,"misc,food",paprika,papriky,paprice,papriku,papriko,paprice,paprikou,papriky,paprik,paprikám,papriky,papriky,paprikách,paprikami
mrkev,carrot,f,false,píseň,A2,"misc,food,weighable",mrkev,mrkve,mrkvi,mrkev,mrkvi,mrkvi,mrkví,mrkve,mrkví,mrkvím,mrkve,mrkve,mrkvích,mrkvemi
pánev,frying pan,f,false,píseň,A2,"misc,objects",pánev,pánve,pánvi,pánev,pánvi,pánvi,pánví,pánve,pánví,pánvím,pánve,pánve,pánvích,pánvemi
kafíčko,little coffee,n,false,město,A2,"misc,food,drink",kafíčko,kafíčka,kafíčku,kafíčko,kafíčko,kafíčku,kafíčkem,kafíčka,kafíček,kafíčkům,kafíčka,kafíčka,kafíčkách,kafíčky
pečeně,roast,f,false,růže,A2,"misc,food,sliceable",pečeně,pečeně,pečeni,pečeni,pečeně,pečeni,pečení,pečeně,pečení,pečením,pečeně,pečeně,pečeních,pečeněmi
srdíčko,little heart,n,false,město,A2,misc,srdíčko,srdíčka,srdíčku,srdíčko,srdíčko,srdíčku,srdíčkem,srdíčka,srdíček,srdíčkům,srdíčka,srdíčka,srdíčkách,srdíčky
kalorie,calorie,f,false,růže,A2,"misc,abstract",kalorie,kalorie,kalorii,kalorii,kalorie,kalorii,kalorií,kalorie,kalorií,kaloriím,kalorie,kalorie,kaloriích,kaloriemi
nebíčko,little heaven,n,false,město,A2,misc,nebíčko,nebíčka,nebíčku,nebíčko,nebíčko,nebíčku,nebíčkem,nebíčka,nebíček,nebíčkům,nebíčka,nebíčka,nebíčkách,nebíčky
dekagram,decagram,m,false,hrad,A2,misc,dekagram,dekagramu,dekagramu,dekagram,dekagrame,dekagramu,dekagramem,dekagramy,dekagramů,dekagramům,dekagramy,dekagramy,dekagramech,dekagramy
čtvrtka,"quarter (litre, kilo); drawing card",f,false,žena,A2,misc,čtvrtka,čtvrtky,čtvrtce,čtvrtku,čtvrtko,čtvrtce,čtvrtkou,čtvrtky,čtvrtek,čtvrtkám,čtvrtky,čtvrtky,čtvrtkách,čtvrtkami
plechovka,can,f,false,žena,A2,"misc,objects,portable",plechovka,plechovky,plechovce,plechovku,plechovko,plechovce,plechovkou,plechovky,plechovek,plechovkám,plechovky,plechovky,plechovkách,plechovkami
kousíček,tiny piece,m,false,hrad,A2,misc,kousíček,kousíčku,kousíčku,kousíček,kousíčku,kousíčku,kousíčkem,kousíčky,kousíčků,kousíčkům,kousíčky,kousíčky,kousíčcích,kousíčky
kelímek,cup,m,false,hrad,A2,"misc,objects,portable",kelímek,kelímku,kelímku,kelímek,kelímku,kelímku,kelímkem,kelímky,kelímků,kelímkům,kelímky,kelímky,kelímcích,kelímky
mrkvička,little carrot,f,false,žena,A2,"misc,food",mrkvička,mrkvičky,mrkvičce,mrkvičku,mrkvičko,mrkvičce,mrkvičkou,mrkvičky,mrkviček,mrkvičkám,mrkvičky,mrkvičky,mrkvičkách,mrkvičkami
přípravka,preparatory course,f,false,žena,A2,misc,přípravka,přípravky,přípravce,přípravku,přípravko,přípravce,přípravkou,přípravky,přípravek,přípravkám,přípravky,přípravky,přípravkách,přípravkami
obezita,obesity,f,false,žena,A2,"misc,abstract",obezita,obezity,obezitě,obezitu,obezito,obezitě,obezitou,obezity,obezit,obezitám,obezity,obezity,obezitách,obezitami
joul,joule,m,false,hrad,A2,misc,joul,joulu,joulu,joul,joule,joulu,joulem,jouly,joulů,joulům,jouly,jouly,joulech,jouly
kastrol,saucepan,m,false,hrad,A2,"misc,objects",kastrol,kastrolu,kastrolu,kastrol,kastrole,kastrolu,kastrolem,kastroly,kastrolů,kastrolům,kastroly,kastroly,kastrolech,kastroly
nadváha,overweight,f,false,žena,A2,"misc,abstract",nadváha,nadváhy,nadváze,nadváhu,nadváho,nadváze,nadváhou,nadváhy,nadváh,nadváhám,nadváhy,nadváhy,nadváhách,nadváhami
nepořádek,mess,m,false,hrad,A2,"misc,abstract",nepořádek,nepořádku,nepořádku,nepořádek,nepořádku,nepořádku,nepořádkem,nepořádky,nepořádků,nepořádkům,nepořádky,nepořádky,nepořádcích,nepořádky
želva,turtle,f,false,žena,A2,"misc,animals",želva,želvy,želvě,želvu,želvo,želvě,želvou,želvy,želv,želvám,želvy,želvy,želvách,želvami
želvička,little turtle,f,false,žena,A2,"misc,animals",želvička,želvičky,želvičce,želvičku,želvičko,želvičce,želvičkou,želvičky,želviček,želvičkám,želvičky,želvičky,želvičkách,želvičkami
opice,monkey,f,false,růže,A2,"misc,animals",opice,opice,opici,opici,opice,opici,opicí,opice,opic,opicím,opice,opice,opicích,opicemi
prasátko,piglet,n,false,město,A2,"misc,animals",prasátko,prasátka,prasátku,prasátko,prasátko,prasátku,prasátkem,prasátka,prasátek,prasátkům,prasátka,prasátka,prasátkách,prasátky
králík,rabbit,m,true,pán,A2,"misc,animals",králík,králíka,králíkovi,králíka,králíku,králíkovi,králíkem,králíci,králíků,králíkům,králíky,králíci,králících,králíky
králíček,bunny,m,true,pán,A2,"misc,animals",králíček,králíčka,králíčkovi,králíčka,králíčku,králíčkovi,králíčkem,králíčci,králíčků,králíčkům,králíčky,králíčci,králíčcích,králíčky
chovatel,breeder,m,true,muž,A2,"misc,people,profession",chovatel,chovatele,chovateli,chovatele,chovateli,chovateli,chovatelem,chovatelé,chovatelů,chovatelům,chovatele,chovatelé,chovatelích,chovateli
rybička,little fish,f,false,žena,A2,"misc,animals",rybička,rybičky,rybičce,rybičku,rybičko,rybičce,rybičkou,rybičky,rybiček,rybičkám,rybičky,rybičky,rybičkách,rybičkami
biologie,biology,f,false,růže,A2,"misc,abstract",biologie,biologie,biologii,biologii,biologie,biologii,biologií,biologie,biologií,biologiím,biologie,biologie,biologiích,biologiemi
morčátko,little guinea pig,n,false,město,A2,"misc,animals",morčátko,morčátka,morčátku,morčátko,morčátko,morčátku,morčátkem,morčátka,morčátek,morčátkům,morčátka,morčátka,morčátkách,morčátky
pavouček,little spider,m,true,pán,A2,"misc,animals",pavouček,pavoučka,pavoučkovi,pavoučka,pavoučku,pavoučkovi,pavoučkem,pavoučci,pavoučků,pavoučkům,pavoučky,pavoučci,pavoučcích,pavoučky
svišť,marmot,m,true,muž,A2,"misc,animals",svišť,sviště,svišťovi,sviště,svišti,svišťovi,svištěm,svišti,svišťů,svišťům,sviště,svišti,svištích,svišti
pavilon,pavilion,m,false,hrad,A2,"misc,places,v_place",pavilon,pavilonu,pavilonu,pavilon,pavilone,pavilonu,pavilonem,pavilony,pavilonů,pavilonům,pavilony,pavilony,pavilonech,pavilony
nosorožec,rhinoceros,m,true,muž,A2,"misc,animals",nosorožec,nosorožce,nosorožci,nosorožce,nosorožče,nosorožci,nosorožcem,nosorožci,nosorožců,nosorožcům,nosorožce,nosorožci,nosorožcích,nosorožci
vláček,little train,m,false,hrad,A2,"misc,transportation,vehicle",vláček,vláčku,vláčku,vláček,vláčku,vláčku,vláčkem,vláčky,vláčků,vláčkům,vláčky,vláčky,vláčcích,vláčky
opička,little monkey,f,false,žena,A2,"misc,animals",opička,opičky,opičce,opičku,opičko,opičce,opičkou,opičky,opiček,opičkám,opičky,opičky,opičkách,opičkami
modernizace,modernization,f,false,růže,A2,"misc,abstract",modernizace,modernizace,modernizaci,modernizaci,modernizace,modernizaci,modernizací,modernizace,modernizací,modernizacím,modernizace,modernizace,modernizacích,modernizacemi
papoušek,parrot,m,true,pán,A2,"misc,animals",papoušek,papouška,papouškovi,papouška,papoušku,papouškovi,papouškem,papoušci,papoušků,papouškům,papoušky,papoušci,papoušcích,papoušky
hektar,hectare,m,false,hrad,A2,misc,hektar,hektaru,hektaru,hektar,hektare,hektaru,hektarem,hektary,hektarů,hektarům,hektary,hektary,hektarech,hektary
prasnice,sow,f,false,růže,A2,"misc,animals",prasnice,prasnice,prasnici,prasnici,prasnice,prasnici,prasnicí,prasnice,prasnic,prasnicím,prasnice,prasnice,prasnicích,prasnicemi
terárium,terrarium,n,false,město,A2,"misc,objects",terárium,terária,teráriu,terárium,terárium,teráriu,teráriem,terária,terárií,teráriím,terária,terária,teráriích,terárii
kůzle,baby goat,n,false,kuře,A2,"misc,animals",kůzle,kůzlete,kůzleti,kůzle,kůzle,kůzleti,kůzletem,kůzlata,kůzlat,kůzlatům,kůzlata,kůzlata,kůzlatech,kůzlaty
pejsek,doggie,m,true,pán,A2,"misc,animals",pejsek,pejska,pejskovi,pejska,pejsku,pejskovi,pejskem,pejsci,pejsků,pejskům,pejsky,pejsci,pejscích,pejsky
kanec,boar,m,true,muž,A2,"misc,animals",kanec,kance,kanci,kance,kanče,kanci,kancem,kanci,kanců,kancům,kance,kanci,kancích,kanci
panorama,panorama,n,false,město,A2,misc,panorama,panoramatu,panoramatu,panorama,panorama,panoramatu,panoramatem,panoramata,panoramat,panoramatům,panoramata,panoramata,panoramatech,panoramaty
hříbě,foal,n,false,kuře,A2,"misc,animals",hříbě,hříběte,hříběti,hříbě,hříbě,hříběti,hříbětem,hříbata,hříbat,hříbatům,hříbata,hříbata,hříbatech,hříbaty
vepř,hog,m,true,muž,A2,"misc,animals",vepř,vepře,vepři,vepře,vepři,vepři,vepřem,vepři,vepřů,vepřům,vepře,vepři,vepřích,vepři
tele,calf,n,false,kuře,A2,"misc,animals",tele,telete,teleti,tele,tele,teleti,teletem,telata,telat,telatům,telata,telata,telatech,telaty
mazlíček,pet,m,true,pán,A2,"misc,animals",mazlíček,mazlíčka,mazlíčkovi,mazlíčka,mazlíčku,mazlíčkovi,mazlíčkem,mazlíčci,mazlíčků,mazlíčkům,mazlíčky,mazlíčci,mazlíčcích,mazlíčky
ptáček,little bird,m,true,pán,A2,"misc,animals",ptáček,ptáčka,ptáčkovi,ptáčka,ptáčku,ptáčkovi,ptáčkem,ptáčci,ptáčků,ptáčkům,ptáčky,ptáčci,ptáčcích,ptáčky
house,gosling,n,false,kuře,A2,"misc,animals",house,housete,houseti,house,house,houseti,housetem,housata,housat,housatům,housata,housata,housatech,housaty
porcelán,porcelain,m,false,hrad,A2,misc,porcelán,porcelánu,porcelánu,porcelán,porceláne,porcelánu,porcelánem,porcelány,porcelánů,porcelánům,porcelány,porcelány,porcelánech,porcelány
gaviál,gharial,m,true,pán,A2,"misc,animals",gaviál,gaviála,gaviálovi,gaviála,gaviále,gaviálovi,gaviálem,gaviálové,gaviálů,gaviálům,gaviály,gaviálové,gaviálech,gaviály
lov,hunt,m,false,hrad,A2,"misc,abstract",lov,lovu,lovu,lov,love,lovu,lovem,lovy,lovů,lovům,lovy,lovy,lovech,lovy
lanovka,cable car,f,false,žena,A2,"misc,transportation,vehicle",lanovka,lanovky,lanovce,lanovku,lanovko,lanovce,lanovkou,lanovky,lanovek,lanovkám,lanovky,lanovky,lanovkách,lanovkami
kolibřík,hummingbird,m,true,pán,A2,"misc,animals",kolibřík,kolibříka,kolibříkovi,kolibříka,kolibříku,kolibříkovi,kolibříkem,kolibříci,kolibříků,kolibříkům,kolibříky,kolibříci,kolibřících,kolibříky
medúza,jellyfish,f,false,žena,A2,"misc,animals",medúza,medúzy,medúze,medúzu,medúzo,medúze,medúzou,medúzy,medúz,medúzám,medúzy,medúzy,medúzách,medúzami
kohout,rooster,m,true,pán,A2,"misc,animals",kohout,kohouta,kohoutovi,kohouta,kohoute,kohoutovi,kohoutem,kohouti,kohoutů,kohoutům,kohouty,kohouti,kohoutech,kohouty
hroch,hippopotamus,m,true,pán,A2,"misc,animals",hroch,hrocha,hrochovi,hrocha,hrochu,hrochovi,hrochem,hroši,hrochů,hrochům,hrochy,hroši,hroších,hrochy
jelen,deer,m,true,pán,A2,"misc,animals",jelen,jelena,jelenovi,jelena,jelene,jelenovi,jelenem,jeleni,jelenů,jelenům,jeleny,jeleni,jelenech,jeleny
liška,fox,f,false,žena,A2,"misc,animals",liška,lišky,lišce,lišku,liško,lišce,liškou,lišky,lišek,liškám,lišky,lišky,liškách,liškami
zebra,zebra,f,false,žena,A2,"misc,animals",zebra,zebry,zebře,zebru,zebro,zebře,zebrou,zebry,zeber,zebrám,zebry,zebry,zebrách,zebrami
tygr,tiger,m,true,pán,A2,"misc,animals",tygr,tygra,tygrovi,tygra,tygře,tygrovi,tygrem,tygři,tygrů,tygrům,tygry,tygři,tygrech,tygry
žirafa,giraffe,f,false,žena,A2,"misc,animals",žirafa,žirafy,žirafě,žirafu,žirafo,žirafě,žirafou,žirafy,žiraf,žirafám,žirafy,žirafy,žirafách,žirafami
fena,female dog,f,false,žena,A2,"misc,animals",fena,feny,feně,fenu,feno,feně,fenou,feny,fen,fenám,feny,feny,fenách,fenami
býk,bull,m,true,pán,A2,"misc,animals",býk,býka,býkovi,býka,býku,býkovi,býkem,býci,býků,býkům,býky,býci,býcích,býky
kobyla,mare,f,false,žena,A2,"misc,animals",kobyla,kobyly,kobyle,kobylu,kobylo,kobyle,kobylou,kobyly,kobyl,kobylám,kobyly,kobyly,kobylách,kobylami
kozel,billy goat,m,true,pán,A2,"misc,animals",kozel,kozla,kozlu,kozla,kozle,kozlu,kozlem,kozlové,kozlů,kozlům,kozly,kozlové,kozlech,kozly
klisna,mare,f,false,žena,A2,"misc,animals",klisna,klisny,klisně,klisnu,klisno,klisně,klisnou,klisny,klisen,klisnám,klisny,klisny,klisnách,klisnami
houser,gander,m,true,pán,A2,"misc,animals",houser,housera,houserovi,housera,housere,houserovi,houserem,houseři,houserů,houserům,housery,houseři,houserech,housery
ovce,sheep,f,false,růže,A2,"misc,animals",ovce,ovce,ovci,ovci,ovce,ovci,ovcí,ovce,ovcí,ovcím,ovce,ovce,ovcích,ovcemi
beran,ram,m,true,pán,A2,"misc,animals",beran,berana,beranovi,berana,berane,beranovi,beranem,berani,beranů,beranům,berany,berani,beranech,berany
externista,external worker,m,true,předseda,A2,"misc,people,profession",externista,externisty,externistovi,externistu,externisto,externistovi,externistou,externisté,externistů,externistům,externisty,externisté,externistech,externisty
zaplacení,payment,n,false,stavení,A2,"misc,abstract",zaplacení,zaplacení,zaplacení,zaplacení,zaplacení,zaplacení,zaplacením,zaplacení,zaplacení,zaplacením,zaplacení,zaplacení,zaplaceních,zaplaceními
personalista,HR specialist,m,true,předseda,A2,"misc,people,profession",personalista,personalisty,personalistovi,personalistu,personalisto,personalistovi,personalistou,personalisté,personalistů,personalistům,personalisty,personalisté,personalistech,personalisty
vaření,cooking,n,false,stavení,A2,"misc,abstract",vaření,vaření,vaření,vaření,vaření,vaření,vařením,vaření,vaření,vařením,vaření,vaření,vařeních,vařeními
fakturant,invoice clerk,m,true,pán,A2,"misc,people,profession",fakturant,fakturanta,fakturantovi,fakturanta,fakturante,fakturantovi,fakturantem,fakturanti,fakturantů,fakturantům,fakturanty,fakturanti,fakturantech,fakturanty
oblékání,dressing,n,false,stavení,A2,"misc,abstract",oblékání,oblékání,oblékání,oblékání,oblékání,oblékání,oblékáním,oblékání,oblékání,oblékáním,oblékání,oblékání,oblékáních,oblékáními
směna,shift,f,false,žena,A2,"misc,time,duration",směna,směny,směně,směnu,směno,směně,směnou,směny,směn,směnám,směny,směny,směnách,směnami
stáž,internship,f,false,píseň,A2,"misc,abstract",stáž,stáže,stáži,stáž,stáži,stáži,stáží,stáže,stáží,stážím,stáže,stáže,stážích,stážemi
praní,laundry,n,false,stavení,A2,"misc,abstract",praní,praní,praní,praní,praní,praní,praním,praní,praní,praním,praní,praní,praních,praními
úvazek,working hours (full-/part-time position),m,false,hrad,A2,"misc,abstract",úvazek,úvazku,úvazku,úvazek,úvazku,úvazku,úvazkem,úvazky,úvazků,úvazkům,úvazky,úvazky,úvazcích,úvazky
benefit,benefit,m,false,hrad,A2,"misc,abstract",benefit,benefitu,benefitu,benefit,benefite,benefitu,benefitem,benefity,benefitů,benefitům,benefity,benefity,benefitech,benefity
samostatnost,independence,f,false,kost,A2,"misc,abstract",samostatnost,samostatnosti,samostatnosti,samostatnost,samostatnosti,samostatnosti,samostatností,samostatnosti,samostatností,samostatnostem,samostatnosti,samostatnosti,samostatnostech,samostatnostmi
fixa,marker,f,false,žena,A2,"misc,objects,portable",fixa,fixy,fixe,fixu,fixo,fixe,fixou,fixy,fix,fixám,fixy,fixy,fixách,fixami
fixka,marker,f,false,žena,A2,"misc,objects,portable",fixka,fixky,fixce,fixku,fixko,fixce,fixkou,fixky,fixek,fixkám,fixky,fixky,fixkách,fixkami
rekreace,recreation,f,false,růže,A2,"misc,abstract",rekreace,rekreace,rekreaci,rekreaci,rekreace,rekreaci,rekreací,rekreace,rekreací,rekreacím,rekreace,rekreace,rekreacích,rekreacemi
přesčas,overtime,m,false,hrad,A2,"misc,abstract",přesčas,přesčasu,přesčasu,přesčas,přesčase,přesčase,přesčasem,přesčasy,přesčasů,přesčasům,přesčasy,přesčasy,přesčasech,přesčasy
ohodnocení,evaluation,n,false,stavení,A2,"misc,abstract",ohodnocení,ohodnocení,ohodnocení,ohodnocení,ohodnocení,ohodnocení,ohodnocením,ohodnocení,ohodnocení,ohodnocením,ohodnocení,ohodnocení,ohodnoceních,ohodnoceními
kandidátka,female candidate,f,false,žena,A2,"misc,people",kandidátka,kandidátky,kandidátce,kandidátku,kandidátko,kandidátce,kandidátkou,kandidátky,kandidátek,kandidátkám,kandidátky,kandidátky,kandidátkách,kandidátkami
finance,finances,f,false,růže,A2,"misc,abstract",,,,,,,,finance,financí,financím,finance,finance,financích,financemi
kolektiv,team,m,false,hrad,A2,"misc,abstract",kolektiv,kolektivu,kolektivu,kolektiv,kolektive,kolektivu,kolektivem,kolektivy,kolektivů,kolektivům,kolektivy,kolektivy,kolektivech,kolektivy
certifikát,certificate,m,false,hrad,A2,"misc,objects,readable,portable",certifikát,certifikátu,certifikátu,certifikát,certifikáte,certifikátu,certifikátem,certifikáty,certifikátů,certifikátům,certifikáty,certifikáty,certifikátech,certifikáty
životopis,CV,m,false,hrad,A2,"misc,objects,readable,portable",životopis,životopisu,životopisu,životopis,životopise,životopise,životopisem,životopisy,životopisů,životopisům,životopisy,životopisy,životopisech,životopisy
flexibilita,flexibility,f,false,žena,A2,"misc,abstract",flexibilita,flexibility,flexibilitě,flexibilitu,flexibilito,flexibilitě,flexibilitou,flexibility,flexibilit,flexibilitám,flexibility,flexibility,flexibilitách,flexibilitami
ochota,willingness,f,false,žena,A2,"misc,abstract",ochota,ochoty,ochotě,ochotu,ochoto,ochotě,ochotou,ochoty,ochot,ochotám,ochoty,ochoty,ochotách,ochotami
badminton,badminton,m,false,hrad,A2,"misc,abstract",badminton,badmintonu,badmintonu,badminton,badmintone,badmintonu,badmintonem,badmintony,badmintonů,badmintonům,badmintony,badmintony,badmintonech,badmintony
personalistka,female HR specialist,f,false,žena,A2,"misc,people,profession",personalistka,personalistky,personalistce,personalistku,personalistko,personalistce,personalistkou,personalistky,personalistek,personalistkám,personalistky,personalistky,personalistkách,personalistkami
šátek,scarf,m,false,hrad,A2,"misc,objects,clothing,portable",šátek,šátku,šátku,šátek,šátku,šátku,šátkem,šátky,šátků,šátkům,šátky,šátky,šátcích,šátky
žvýkačka,chewing gum,f,false,žena,A2,"misc,objects,portable",žvýkačka,žvýkačky,žvýkačce,žvýkačku,žvýkačko,žvýkačce,žvýkačkou,žvýkačky,žvýkaček,žvýkačkám,žvýkačky,žvýkačky,žvýkačkách,žvýkačkami
porada,meeting,f,false,žena,A2,"misc,event,gathering",porada,porady,poradě,poradu,porado,poradě,poradou,porady,porad,poradám,porady,porady,poradách,poradami
violoncello,cello,n,false,město,A2,"misc,objects",violoncello,violoncella,violoncellu,violoncello,violoncello,violoncellu,violoncellem,violoncella,violoncell,violoncellům,violoncella,violoncella,violoncellech,violoncelly
disident,dissident,m,true,pán,A2,"misc,people",disident,disidenta,disidentovi,disidenta,disidente,disidentovi,disidentem,disidenti,disidentů,disidentům,disidenty,disidenti,disidentech,disidenty
lingvista,linguist,m,true,předseda,A2,"misc,people,profession",lingvista,lingvisty,lingvistovi,lingvistu,lingvisto,lingvistovi,lingvistou,lingvisté,lingvistů,lingvistům,lingvisty,lingvisté,lingvistech,lingvisty
vynálezce,inventor,m,true,soudce,A2,"misc,people,profession",vynálezce,vynálezce,vynálezci,vynálezce,vynálezce,vynálezci,vynálezcem,vynálezci,vynálezců,vynálezcům,vynálezce,vynálezci,vynálezcích,vynálezci
cimrmanologie,Cimrmanology,f,false,růže,A2,"misc,abstract",cimrmanologie,cimrmanologie,cimrmanologii,cimrmanologii,cimrmanologie,cimrmanologii,cimrmanologií,cimrmanologie,cimrmanologií,cimrmanologiím,cimrmanologie,cimrmanologie,cimrmanologiích,cimrmanologiemi
pravdivost,truthfulness,f,false,kost,A2,"misc,abstract",pravdivost,pravdivosti,pravdivosti,pravdivost,pravdivosti,pravdivosti,pravdivostí,pravdivosti,pravdivostí,pravdivostem,pravdivosti,pravdivosti,pravdivostech,pravdivostmi
pedagog,educator,m,true,pán,A2,"misc,people,profession",pedagog,pedagoga,pedagogovi,pedagoga,pedagogu,pedagogovi,pedagogem,pedagogové,pedagogů,pedagogům,pedagogy,pedagogové,pedagozích,pedagogy
porotce,juror,m,true,soudce,A2,"misc,people",porotce,porotce,porotci,porotce,porotce,porotci,porotcem,porotci,porotců,porotcům,porotce,porotci,porotcích,porotci
předprodej,advance sale,m,false,stroj,A2,"misc,abstract",předprodej,předprodeje,předprodeji,předprodej,předprodeji,předprodeji,předprodejem,předprodeje,předprodejů,předprodejům,předprodeje,předprodeje,předprodejích,předprodeji
taktika,tactics,f,false,žena,A2,"misc,abstract",taktika,taktiky,taktice,taktiku,taktiko,taktice,taktikou,taktiky,taktik,taktikám,taktiky,taktiky,taktikách,taktikami
lehkost,lightness,f,false,kost,A2,"misc,abstract",lehkost,lehkosti,lehkosti,lehkost,lehkosti,lehkosti,lehkostí,lehkosti,lehkostí,lehkostem,lehkosti,lehkosti,lehkostech,lehkostmi
sochař,sculptor,m,true,muž,A2,"misc,people,profession",sochař,sochaře,sochaři,sochaře,sochaři,sochaři,sochařem,sochaři,sochařů,sochařům,sochaře,sochaři,sochařích,sochaři
klavírista,pianist,m,true,předseda,A2,"misc,people,profession",klavírista,klavíristy,klavíristovi,klavíristu,klavíristo,klavíristovi,klavíristou,klavíristé,klavíristů,klavíristům,klavíristy,klavíristé,klavíristech,klavíristy
taxikář,taxi driver,m,true,muž,A2,"misc,people,profession",taxikář,taxikáře,taxikáři,taxikáře,taxikáři,taxikáři,taxikářem,taxikáři,taxikářů,taxikářům,taxikáře,taxikáři,taxikářích,taxikáři
vynálezkyně,female inventor,f,false,růže,A2,"misc,people,profession",vynálezkyně,vynálezkyně,vynálezkyni,vynálezkyni,vynálezkyně,vynálezkyni,vynálezkyní,vynálezkyně,vynálezkyní,vynálezkyním,vynálezkyně,vynálezkyně,vynálezkyních,vynálezkyněmi
vernisáž,exhibition opening,f,false,píseň,A2,"misc,event,gathering,quiet_event",vernisáž,vernisáže,vernisáži,vernisáž,vernisáži,vernisáži,vernisáží,vernisáže,vernisáží,vernisážím,vernisáže,vernisáže,vernisážích,vernisážemi
otevřenost,openness,f,false,kost,A2,"misc,abstract",otevřenost,otevřenosti,otevřenosti,otevřenost,otevřenosti,otevřenosti,otevřeností,otevřenosti,otevřeností,otevřenostem,otevřenosti,otevřenosti,otevřenostech,otevřenostmi
hudebnice,female musician,f,false,růže,A2,"misc,people,profession",hudebnice,hudebnice,hudebnici,hudebnici,hudebnice,hudebnici,hudebnicí,hudebnice,hudebnic,hudebnicím,hudebnice,hudebnice,hudebnicích,hudebnicemi
spontánnost,spontaneity,f,false,kost,A2,"misc,abstract",spontánnost,spontánnosti,spontánnosti,spontánnost,spontánnosti,spontánnosti,spontánností,spontánnosti,spontánností,spontánnostem,spontánnosti,spontánnosti,spontánnostech,spontánnostmi
vrstevník,peer,m,true,pán,A2,"misc,people",vrstevník,vrstevníka,vrstevníkovi,vrstevníka,vrstevníku,vrstevníkovi,vrstevníkem,vrstevníci,vrstevníků,vrstevníkům,vrstevníky,vrstevníci,vrstevnících,vrstevníky
citát,quotation,m,false,hrad,A2,"misc,readable",citát,citátu,citátu,citát,citáte,citátu,citátem,citáty,citátů,citátům,citáty,citáty,citátech,citáty
ekonomie,economics,f,false,růže,A2,"misc,abstract",ekonomie,ekonomie,ekonomii,ekonomii,ekonomie,ekonomii,ekonomií,ekonomie,ekonomií,ekonomiím,ekonomie,ekonomie,ekonomiích,ekonomiemi
dospívání,adolescence,n,false,stavení,A2,"misc,abstract",dospívání,dospívání,dospívání,dospívání,dospívání,dospívání,dospíváním,dospívání,dospívání,dospíváním,dospívání,dospívání,dospíváních,dospíváními
generalizace,generalization,f,false,růže,A2,"misc,abstract",generalizace,generalizace,generalizaci,generalizaci,generalizace,generalizaci,generalizací,generalizace,generalizací,generalizacím,generalizace,generalizace,generalizacích,generalizacemi
loutka,puppet,f,false,žena,A2,"misc,objects,portable",loutka,loutky,loutce,loutku,loutko,loutce,loutkou,loutky,loutek,loutkám,loutky,loutky,loutkách,loutkami
opereta,operetta,f,false,žena,A2,"misc,event,gathering,quiet_event",opereta,operety,operetě,operetu,opereto,operetě,operetou,operety,operet,operetám,operety,operety,operetách,operetami
cirkus,circus,m,false,hrad,A2,"misc,places,v_place",cirkus,cirkusu,cirkusu,cirkus,cirkuse,cirkuse,cirkusem,cirkusy,cirkusů,cirkusům,cirkusy,cirkusy,cirkusech,cirkusy
hláška,catchphrase,f,false,žena,A2,"misc,abstract",hláška,hlášky,hlášce,hlášku,hláško,hlášce,hláškou,hlášky,hlášek,hláškám,hlášky,hlášky,hláškách,hláškami
idyla,idyll,f,false,žena,A2,"misc,abstract",idyla,idyly,idyle,idylu,idylo,idyle,idylou,idyly,idyl,idylám,idyly,idyly,idylách,idylami
ruština,Russian,f,false,žena,A2,"misc,abstract",ruština,ruštiny,ruštině,ruštinu,ruštino,ruštině,ruštinou,ruštiny,ruštin,ruštinám,ruštiny,ruštiny,ruštinách,ruštinami
absurdita,absurdity,f,false,žena,A2,"misc,abstract",absurdita,absurdity,absurditě,absurditu,absurdito,absurditě,absurditou,absurdity,absurdit,absurditám,absurdity,absurdity,absurditách,absurditami
reformátor,reformer,m,true,pán,A2,"misc,people",reformátor,reformátora,reformátorovi,reformátora,reformátore,reformátorovi,reformátorem,reformátoři,reformátorů,reformátorům,reformátory,reformátoři,reformátorech,reformátory
křišťál,crystal,m,false,hrad,A2,misc,křišťál,křišťálu,křišťálu,křišťál,křišťále,křišťálu,křišťálem,křišťály,křišťálů,křišťálům,křišťály,křišťály,křišťálech,křišťály
orlice,eagle (female or heraldic),f,false,růže,A2,"misc,animals",orlice,orlice,orlici,orlici,orlice,orlici,orlicí,orlice,orlic,orlicím,orlice,orlice,orlicích,orlicemi
sládek,brewmaster,m,true,pán,A2,"misc,people,profession",sládek,sládka,sládkovi,sládka,sládku,sládkovi,sládkem,sládci,sládků,sládkům,sládky,sládci,sládcích,sládky
misionář,missionary,m,true,muž,A2,"misc,people,profession",misionář,misionáře,misionáři,misionáře,misionáři,misionáři,misionářem,misionáři,misionářů,misionářům,misionáře,misionáři,misionářích,misionáři
granát,garnet,m,false,hrad,A2,misc,granát,granátu,granátu,granát,granáte,granátu,granátem,granáty,granátů,granátům,granáty,granáty,granátech,granáty
dudy,bagpipes,f,false,žena,A2,"misc,objects",,,,,,,,dudy,dud,dudám,dudy,dudy,dudách,dudami
mládek,brewer's assistant,m,true,pán,A2,"misc,people,profession",mládek,mládka,mládkovi,mládka,mládku,mládkovi,mládkem,mládci,mládků,mládkům,mládky,mládci,mládcích,mládky
housle,violin,f,false,růže,A2,"misc,objects",,,,,,,,housle,houslí,houslím,housle,housle,houslích,houslemi
klenot,jewel,m,false,hrad,A2,"misc,objects,portable",klenot,klenotu,klenotu,klenot,klenote,klenotu,klenotem,klenoty,klenotů,klenotům,klenoty,klenoty,klenotech,klenoty
vlajka,flag,f,false,žena,A2,"misc,objects",vlajka,vlajky,vlajce,vlajku,vlajko,vlajce,vlajkou,vlajky,vlajek,vlajkám,vlajky,vlajky,vlajkách,vlajkami
kaple,chapel,f,false,růže,A2,"misc,places,v_place",kaple,kaple,kapli,kapli,kaple,kapli,kaplí,kaple,kaplí,kaplím,kaple,kaple,kaplích,kaplemi
baroko,Baroque,n,false,město,A2,"misc,abstract",baroko,baroka,baroku,baroko,baroko,baroku,barokem,baroka,barok,barokům,baroka,baroka,barokách,baroky
dekorace,decoration,f,false,růže,A2,"misc,objects",dekorace,dekorace,dekoraci,dekoraci,dekorace,dekoraci,dekorací,dekorace,dekorací,dekoracím,dekorace,dekorace,dekoracích,dekoracemi
vínečko,little wine,n,false,město,A2,"misc,food,drink",vínečko,vínečka,vínečku,vínečko,vínečko,vínečku,vínečkem,vínečka,víneček,vínečkům,vínečka,vínečka,vínečkách,vínečky
lípa,linden,f,false,žena,A2,"misc,nature,flora",lípa,lípy,lípě,lípu,lípo,lípě,lípou,lípy,lip,lípám,lípy,lípy,lípách,lípami
kostnice,ossuary,f,false,růže,A2,"misc,places,v_place",kostnice,kostnice,kostnici,kostnici,kostnice,kostnici,kostnicí,kostnice,kostnic,kostnicím,kostnice,kostnice,kostnicích,kostnicemi
hymna,anthem,f,false,žena,A2,"misc,abstract",hymna,hymny,hymně,hymnu,hymno,hymně,hymnou,hymny,hymen,hymnám,hymny,hymny,hymnách,hymnami
rozloha,area,f,false,žena,A2,"misc,abstract",rozloha,rozlohy,rozloze,rozlohu,rozloho,rozloze,rozlohou,rozlohy,rozloh,rozlohám,rozlohy,rozlohy,rozlohách,rozlohami
fašismus,fascism,m,false,hrad,A2,"misc,abstract",fašismus,fašismu,fašismu,fašismus,fašisme,fašismu,fašismem,fašismy,fašismů,fašismům,fašismy,fašismy,fašismech,fašismy
mor,plague,m,false,hrad,A2,"misc,abstract",mor,moru,moru,mor,more,moru,morem,mory,morů,morům,mory,mory,morech,mory
synagoga,synagogue,f,false,žena,A2,"misc,places,v_place",synagoga,synagogy,synagoze,synagogu,synagogo,synagoze,synagogou,synagogy,synagog,synagogám,synagogy,synagogy,synagogách,synagogami
ozdoba,ornament,f,false,žena,A2,"misc,objects",ozdoba,ozdoby,ozdobě,ozdobu,ozdobo,ozdobě,ozdobou,ozdoby,ozdob,ozdobám,ozdoby,ozdoby,ozdobách,ozdobami
kovárna,forge,f,false,žena,A2,"misc,places,v_place",kovárna,kovárny,kovárně,kovárnu,kovárno,kovárně,kovárnou,kovárny,kováren,kovárnám,kovárny,kovárny,kovárnách,kovárnami
chmel,hops,m,false,hrad,A2,"misc,nature,flora",chmel,chmelu,chmelu,chmel,chmele,chmelu,chmelem,chmely,chmelů,chmelům,chmely,chmely,chmelech,chmely
šalina,tram,f,false,žena,A2,"misc,transportation,vehicle",šalina,šaliny,šalině,šalinu,šalino,šalině,šalinou,šaliny,šalin,šalinám,šaliny,šaliny,šalinách,šalinami
sklípek,wine cellar,m,false,hrad,A2,"misc,places,v_place,indoor",sklípek,sklípku,sklípku,sklípek,sklípku,sklípku,sklípkem,sklípky,sklípků,sklípkům,sklípky,sklípky,sklípcích,sklípky
česnečka,garlic soup,f,false,žena,A2,"misc,food",česnečka,česnečky,česnečce,česnečku,česnečko,česnečce,česnečkou,česnečky,česneček,česnečkám,česnečky,česnečky,česnečkách,česnečkami
cimbál,cimbalom,m,false,hrad,A2,"misc,objects",cimbál,cimbálu,cimbálu,cimbál,cimbále,cimbálu,cimbálem,cimbály,cimbálů,cimbálům,cimbály,cimbály,cimbálech,cimbály
dechovka,brass band,f,false,žena,A2,misc,dechovka,dechovky,dechovce,dechovku,dechovko,dechovce,dechovkou,dechovky,dechovek,dechovkám,dechovky,dechovky,dechovkách,dechovkami
pivovar,brewery,m,false,hrad,A2,"misc,places,v_place",pivovar,pivovaru,pivovaru,pivovar,pivovare,pivovaru,pivovarem,pivovary,pivovarů,pivovarům,pivovary,pivovary,pivovarech,pivovary
basa,double bass,f,false,žena,A2,"misc,objects",basa,basy,base,basu,baso,base,basou,basy,bas,basám,basy,basy,basách,basami
frajárka,sweetheart,f,false,žena,A2,"misc,people",frajárka,frajárky,frajárce,frajárku,frajárko,frajárce,frajárkou,frajárky,frajárek,frajárkám,frajárky,frajárky,frajárkách,frajárkami
rozhledna,lookout tower,f,false,žena,A2,"misc,places,na_place",rozhledna,rozhledny,rozhledně,rozhlednu,rozhledno,rozhledně,rozhlednou,rozhledny,rozhleden,rozhlednám,rozhledny,rozhledny,rozhlednách,rozhlednami
