lemma,translation,paradigm,difficulty,categories,note
pes,dog,pán,A1,animals,
den,day,stroj,A1,"time,duration,calendar_unit,whole_span,in_time","Fleeting e: den → dne, dnu, dnem (pl dny, dnů, dnech)
Genitive dne in phrases like během dne"
dítě,child,kuře,A1,"family,address_informal,address_group,address_group_formal",
chléb,bread,hrad,A1,"food,sliceable","é → e outside nom/acc sg (chleba, chlebu, chlebem)
Genitive sg -a: chleba; colloquially also nom/acc
Locative v chlebě or v chlebu"
oko,eye,město,A1,"body,surface_body,paired_body","Plural uses old dual forms: oči, očí, očím, očích
Instrumental pl in -ma: očima"
ucho,ear,město,A1,"body,surface_body,paired_body","Plural uses old dual forms: uši, uší, uším, uších
Instrumental pl in -ma: ušima"
člověk,person,pán,A1,"misc,people",
muž,man,muž,A1,family,
chlapec,boy,muž,A1,"family,address_informal,address_group",
student,student,pán,A1,"misc,people,profession,address_group,address_group_formal",
přítel,friend,muž,A1,"misc,people,address_informal,address_group","Plural stem: přátel- (přátelé, přátelům, přátelích)
Genitive pl: no ending (přátel)"
bratr,brother,pán,A1,"family,address_informal",
otec,father,muž,A1,"family,unique_relation",
syn,son,pán,A1,"family,address_informal",
kocour,tomcat,pán,A1,animals,
dům,house,hrad,A1,"places,v_place,dwelling,lockable","ů → o outside nom/acc sg (domu, v domě)
Genitive pl keeps ů: domů"
stůl,table,hrad,A1,"objects,sittable,large_object","ů → o outside nom/acc sg (stolu, stolem, na stole)
Plural: stoly, stolů"
stromek,small tree,hrad,A1,"nature,flora,shade",
sešit,notebook,hrad,A1,"objects,readable",
telefon,phone,hrad,A1,objects,
počítač,computer,stroj,A1,objects,
vlak,train,hrad,A1,"transportation,vehicle",
autobus,bus,hrad,A1,"transportation,vehicle",
most,bridge,hrad,A1,"places,na_place,shade",
park,park,hrad,A1,"places,v_place,landmark,leisure_do",
les,forest,hrad,A1,"nature,places,v_place,flora,landmark,leisure_do","Genitive sg: -a (do lesa)
Dative lesu, locative v lese"
hrad,castle,hrad,A1,"places,v_place,na_place,leisure_na",
hotel,hotel,hrad,A1,"places,v_place,dwelling",
obchod,shop,hrad,A1,"places,v_place,lockable,leisure_do",
žena,woman,žena,A1,family,
matka,mother,žena,A1,"family,unique_relation",
dcera,daughter,žena,A1,"family,address_informal",
sestra,sister,žena,A1,"family,address_informal,title",
přítelkyně,girlfriend,růže,A1,family,
kniha,book,žena,A1,"objects,readable",
škola,school,žena,A1,"places,v_place,lockable",
ulice,street,růže,A1,"places,v_place,na_place",
vesnice,village,růže,A1,"places,v_place,na_place,dwelling,settlement",
kavárna,cafe,žena,A1,"places,v_place,leisure_do",
restaurace,restaurant,růže,A1,"places,v_place,leisure_do",
místnost,room,kost,A1,"places,v_place,indoor,lockable",
kočka,cat,žena,A1,animals,
růže,rose,růže,A1,nature,
věc,thing,kost,A1,misc,
práce,work,růže,A1,misc,
radost,joy,kost,A1,"misc,abstract",
noc,night,kost,A1,"time,calendar_unit,whole_span","Plural takes soft endings: nocí, nocím, nocích, nocemi
Not kost-style nocech, nocmi"
věž,tower,píseň,A2,"places,na_place",
tramvaj,tram,píseň,A1,"transportation,vehicle",
město,city,město,A1,"places,v_place,dwelling,settlement",
moře,sea,moře,A1,"nature,places,v_place,landmark",
okno,window,město,A1,"objects,large_object",
kuře,chicken,kuře,A1,animals,
děvče,girl,kuře,A1,"family,address_informal,address_group",
kino,cinema,město,A1,"places,v_place,leisure_do",
nádraží,station,stavení,A1,"places,na_place",
náměstí,square,stavení,A1,"places,na_place,leisure_na",
auto,car,město,A1,"transportation,vehicle,large_object",
pivo,beer,město,A1,food,
víno,wine,město,A1,food,
jídlo,food,město,A1,food,
maso,meat,město,A1,"food,weighable,sliceable,mass",
jablko,apple,město,A1,"food,sliceable",
slovo,word,město,A1,misc,
gymnázium,high school,město,A2,"places,v_place,na_place",
muzeum,museum,město,A1,"places,v_place,leisure_do","Latin neuter: -um drops before endings (muzea, muzeu, muzeem)
Gen/dat/loc pl add -í-: muzeí, muzeím, muzeích; ins pl muzei"
pero,pen,město,A1,objects,
tužka,pencil,žena,A1,objects,
papír,paper,hrad,A1,"objects,readable",
zápisník,notepad,hrad,A2,"objects,readable",
taška,bag,žena,A1,objects,
kabelka,handbag,žena,A2,objects,
bota,shoe,žena,A1,"objects,clothing",
košile,shirt,růže,A1,"objects,clothing",
hlava,head,žena,A1,"body,surface_body",
ruka,hand,žena,A1,"body,surface_body,paired_body","k → c in dat/loc sg: ruce
Plural uses old dual forms: ruce, rukou (gen/loc), rukám, rukama (ins)"
noha,leg,žena,A1,"body,surface_body,paired_body","h → z in dat/loc sg: noze
Plural uses old dual forms: nohou (gen/loc), nohama (ins)"
nos,nose,hrad,A1,"body,surface_body",
srdce,heart,moře,A1,body,
mléko,milk,město,A1,"food,drink,mass",
sýr,cheese,hrad,A1,"food,weighable,sliceable","Genitive sg: sýra (kousek sýra) or sýru
Dat/loc sýru, ins sýrem"
máslo,butter,město,A1,"food,weighable,mass",
ryba,fish,žena,A1,food,
vejce,egg,moře,A1,food,
káva,coffee,žena,A1,"food,drink,mass",
čaj,tea,stroj,A1,"food,drink,mass",
voda,water,žena,A1,"food,drink,mass",
týden,week,stroj,A1,"time,duration,calendar_unit,whole_span,in_time","Fleeting e: týden → týdne, týdnu, týdnem (pl týdny, týdnů, týdnech)"
měsíc,month,stroj,A1,"time,duration,calendar_unit,celestial,whole_span,in_time",
rok,year,hrad,A1,"time,duration,calendar_unit,whole_span,in_time","k → c in loc sg: v roce (gen roku, pl roky)
After 5+ and in time phrases: let (pět let), also roků"
hodina,hour,žena,A1,"time,duration,whole_span,in_time",
minuta,minute,žena,A1,"time,duration,whole_span,in_time",
rodina,family,žena,A1,"misc,people",
babička,grandmother,žena,A1,"family,address_informal",
dědeček,grandfather,pán,A1,"family,address_informal",
strýc,uncle,muž,A1,"family,address_informal",
teta,aunt,žena,A1,"family,address_informal",
manžel,husband,pán,A1,"family,address_informal,unique_relation",
manželka,wife,žena,A1,"family,address_informal,unique_relation",
strom,tree,hrad,A1,"nature,flora,large_object,landmark,shade",
květ,blossom,hrad,A1,nature,
tráva,grass,žena,A1,"nature,flora,sittable,v_place",
hora,mountain,žena,A1,"nature,places,na_place,landmark,leisure_na",
řeka,river,žena,A1,"nature,places,na_place,landmark",
jezero,lake,město,A1,"nature,places,v_place,landmark",
slunce,sun,moře,A1,"nature,celestial",
hvězda,star,žena,A1,"nature,celestial",
obloha,sky,žena,A1,"nature,mass",
život,life,hrad,A1,misc,"Genitive sg: -a (života)
Dative životu, locative v životě"
smrt,death,kost,A2,misc,
čas,time,hrad,A1,time,
láska,love,žena,A1,misc,
štěstí,happiness,stavení,A1,misc,
problém,problem,hrad,A1,"misc,abstract,adversity",
otázka,question,žena,A1,misc,
odpověď,answer,kost,A1,misc,
pravda,truth,žena,A1,"misc,abstract",
svoboda,freedom,žena,A2,"misc,abstract",
doba,time,,A1,"time,era,whole_span",
místo,place,,A1,"places,v_place,region",
strana,side,,A1,misc,
země,country,,A1,"places,v_place,region,settlement",
případ,case,,A2,misc,
svět,world,,A1,"places,v_place,region","Genitive sg: -a (světa)
Dative světu, locative ve světě, na světě"
cesta,way,,A1,misc,
část,part,,A1,"misc,abstract",
konec,end,,A1,time,
chvíle,while,,A1,"misc,duration,time,whole_span,in_time",
způsob,way,,A2,misc,
společnost,company,,B1,misc,
řada,turn,,A1,misc,
koruna,crown,,A1,misc,
možnost,possibility,,A1,misc,
stát,state,,A2,"places,v_place,region,settlement",
skupina,group,,A2,misc,
cena,price,,A1,misc,
systém,system,,A2,misc,
oblast,area,,A2,"places,v_place,region",
situace,situation,,A2,misc,
většina,majority,,B1,misc,
firma,firm,,A1,misc,
jméno,name,,A1,misc,
příjmení,surname,,A1,misc,
důvod,reason,,A2,misc,
změna,change,,A1,misc,
síla,force,,A1,"misc,abstract",
výsledek,result,,A2,"misc,abstract",
pohled,look,,A2,misc,
zájem,interest,,A2,"misc,abstract",
vztah,relation,,A2,misc,
informace,information,,A1,misc,
stav,condition,,A1,misc,
základ,foundation,,A2,misc,
podmínka,condition,,A2,misc,
služba,service,,A2,misc,
zákon,law,,A2,"misc,readable","Genitive sg: -a (zákona)
Dative zákonu, locative v zákoně"
počet,number,,A1,misc,
tvář,face,píseň,A1,"body,surface_body,paired_body",
právo,right,,A2,misc,
začátek,beginning,,A1,time,
pocit,feeling,,A1,"misc,abstract",
skutečnost,reality,,A2,misc,
typ,type,,A2,misc,
směr,direction,,A1,misc,
hlas,voice,,A1,misc,
druh,kind/sort,hrad,A2,misc,
vláda,government,,A2,"misc,abstract,institution",
cíl,goal,stroj,A2,misc,
tělo,body,,A1,"body,surface_body",
smysl,sense,,A2,"misc,abstract",
rozdíl,difference,,A1,misc,
program,programme,,A1,"misc,readable",
člen,member,pán,A1,"misc,people",
prostor,space,,A2,"places,v_place,region",
forma,form,,A2,misc,
činnost,activity,,A2,misc,
hodnota,value,,A2,"misc,abstract",
polovina,half,,A2,misc,
republika,republic,,A1,"misc,places,v_place,region",
názor,opinion,,A2,"misc,abstract",
prostředí,environment,,A2,misc,
léto,summer,,A1,"time,season,time_point",
zpráva,news,,A1,"misc,readable",
osoba,person,,A1,"misc,people",
století,century,,A2,time,
válka,war,,A2,"misc,event,adversity",
období,period,,A1,time,
hra,game,,A1,misc,
procento,per cent,,A2,misc,
číslo,number,,A1,misc,
trh,market,,A2,"places,na_place,leisure_na",
úřad,authority,,A2,"places,na_place",
vývoj,development,,A1,misc,
proces,process,,A2,misc,
prostředek,means,,A2,misc,
úroveň,level,píseň,A2,misc,
role,role,,A2,misc,
vliv,influence,,A2,"misc,abstract",
akce,action,,A2,misc,
míra,rate,,A2,"misc,abstract",
pomoc,help,,A1,misc,
krok,footstep,,A2,misc,
světlo,light,,A2,misc,
funkce,function,,A2,misc,
ředitel,director,,A1,"misc,people,profession,title,formal_title","Nominative pl: -é (ředitelé), like other -tel agent nouns
Singular follows muž: ředitele, řediteli"
zkušenost,experience,,A1,"misc,abstract",
představa,idea,,A1,"misc,abstract",
pokoj,room,,A1,"places,v_place,indoor,lockable",
kluk,boy,,A1,"people,address_informal,address_group",
potřeba,need,,A2,misc,
rámec,framework,,A2,misc,
obraz,picture,,A1,objects,
zdroj,source,,A2,misc,
součást,part,,A2,"misc,abstract",
řešení,solution,,A2,misc,
postup,procedure,,A2,misc,
film,film,,A1,misc,
hranice,border,,A2,"places,v_place",
dílo,work,,A2,misc,
kolo,round,,A1,misc,
rada,advice,,A1,misc,
množství,amount,,A2,misc,
podoba,form,,A2,misc,
byt,flat,,A1,"places,v_place,dwelling,lockable",
stránka,side,,A2,misc,
centrum,centre,,A1,"places,v_place,dwelling","Latin neuter: -um drops before endings (centra, centru, centrem)
Genitive pl inserts e: center"
okamžik,moment,,A1,"time,duration,in_time",
metr,metre,,A1,misc,
holka,girl,,A1,"people,address_informal,address_group",
bůh,God,,A1,misc,
spousta,plenty,,A1,misc,
bod,point,,A1,misc,
televize,television,,A1,"objects,large_object",
myšlenka,thought,,A1,"misc,abstract",
vedení,management,,A2,misc,
policie,police,,A1,"misc,institution",
materiál,material,,A1,misc,
podnik,enterprise,,A2,misc,
úspěch,success,,A2,"misc,abstract",
soud,court,,A2,"misc,places",
podstata,essence,,A2,misc,
autor,author,,A1,"misc,people",
význam,importance,,A1,misc,
škoda,damage,,A1,misc,
úkol,task,,A1,misc,
věk,age,,A1,"time,era,adversity",
počátek,beginning,,A1,time,
organizace,organization,,A1,misc,
táta,dad,,A1,"family,address_informal,unique_relation",
kus,piece,,A1,misc,
barva,colour,,A1,misc,
příklad,example,,A1,misc,
jednání,negotiation,,A2,misc,
smlouva,contract,,A2,"misc,readable",
plán,plan,,A1,misc,
pohyb,movement,,A2,misc,
večer,evening,,A1,"time,calendar_unit,time_point,whole_span",
fakt,fact,,A1,misc,
rozhodnutí,decision,,A2,misc,
kousek,bit,,A1,misc,
rodič,parent,,A1,"family,people","Nominative pl: rodiče (the parents), genitive pl rodičů
Singular follows muž: rodiče, rodiči"
neděle,Sunday,,A1,"time,calendar_unit,time_point",
projekt,project,,A1,misc,
jazyk,language,,A1,misc,"Genitive sg: -a (jazyka), dative jazyku
k → c in loc pl: jazycích"
přístup,approach,,A2,misc,
návrh,proposal,,A2,misc,
náklad,expense,,A2,misc,
výkon,performance,,A2,abstract,
vlas,hair,,A1,"body,paired_body,painless",
strach,fear,,A1,"misc,abstract,feeling,adversity",
závěr,conclusion,,A2,misc,
průběh,course,,A2,misc,
volba,election,,A2,"misc,event",
řízení,proceeding,,A2,misc,
podpora,support,,A2,misc,
klub,club,,A1,"misc,places,v_place,leisure_do",
let,flight,,A1,transportation,
zařízení,facility,,A1,misc,
schopnost,ability,,A2,"misc,abstract",
stovka,hundred,,A1,misc,
kraj,region,,A1,"places,v_place,region",
název,title,,A1,misc,
máma,mum,,A1,"family,address_informal,unique_relation",
šéf,boss,,A1,"misc,people,address_formal",
pozornost,attention,,A1,"misc,abstract",
zima,winter,,A1,"time,season,adversity,time_point,whole_span",
prezident,president,,A1,"misc,people,profession,title,formal_title",
politika,politics,,A2,misc,
sobota,Saturday,,A1,"time,calendar_unit,time_point",
souvislost,connection,,A2,misc,
důsledek,consequence,,A2,misc,
zbytek,rest,,A1,misc,
příležitost,opportunity,,A2,misc,
předmět,subject,,A1,misc,
řeč,speech,,A1,misc,
boj,fight,,A2,"misc,event",
požadavek,demand,,A2,abstract,
výroba,production,,A2,misc,
ministr,minister,,A2,"misc,people,profession,title,formal_title",
hledisko,position,,A2,misc,
téma,theme,,A1,misc,"Greek neuter: stem adds -t- outside nom/acc/voc sg (tématu, tématem)
Plural: témata, témat, tématech"
stavba,construction,,A2,misc,
vzduch,air,,A1,"misc,abstract,mass",
obyvatel,inhabitant,,A2,"misc,people","Nominative pl: -é (obyvatelé), like other -tel agent nouns
Singular follows muž: obyvatele, obyvateli
Genitive pl: obyvatelů or obyvatel"
rameno,shoulder,,A1,"body,surface_body,paired_body",
snaha,effort,,A1,"misc,abstract",
prst,finger,,A1,"body,surface_body,paired_body",
pátek,Friday,,A1,"time,calendar_unit,time_point",
třída,class,,A1,misc,
pole,field,,A2,"nature,places,na_place,landmark",
kvalita,quality,,A1,"misc,abstract",
pořádek,order,,A1,misc,
ministerstvo,ministry,,A2,misc,
událost,event,,A2,misc,
divadlo,theatre,,A1,"places,v_place,leisure_do",
vůz,vehicle,,A1,"transportation,vehicle",
návštěva,visit,,A1,misc,
okolí,surroundings,,A1,misc,
síť,network,píseň,A2,misc,
budova,building,,A1,"places,v_place",
klid,calm,,A1,misc,
list,leaf,,A1,nature,
historie,history,,A1,"misc,abstract",
chyba,mistake,,A1,"misc,abstract,adversity",
lékař,doctor,,A1,"misc,people,profession",
ochrana,protection,,A2,misc,
nemocnice,hospital,,A1,"places,v_place",
soutěž,contest,píseň,A2,misc,
šance,chance,,A1,misc,
čelo,forehead,,A1,"body,surface_body",
pokus,attempt,,A1,misc,
zástupce,deputy,,A1,"misc,people",
tým,team,,A1,misc,
stupeň,level,,A2,misc,
metoda,method,,A2,misc,
příprava,preparation,,A1,misc,
majitel,owner,,A1,"misc,people",
pravidlo,rule,,A1,"misc,abstract,readable",
krev,blood,píseň,A1,"body,painless,mass",
desítka,ten,,A1,misc,
postel,bed,píseň,A1,"objects,sittable,large_object",
nabídka,offer,,A1,misc,
září,September,,A1,"time,calendar_unit,time_point",
zahrada,garden,,A1,"nature,places,na_place,landmark",
ztráta,loss,,A1,misc,
umění,art,,A2,"misc,abstract",
záležitost,concern,,A2,misc,
rozvoj,development,,A2,misc,
kontrola,control,,A1,misc,
předseda,chairman,,A2,"misc,people,title,formal_title",
text,text,,A1,"misc,readable",
chvilka,a (little) while,,A1,"misc,time,duration,whole_span,in_time",
obec,village,píseň,A1,"places,v_place,dwelling,settlement",
dívka,girl,,A1,people,
obličej,face,,A1,"body,surface_body",
studium,studies,,A2,misc,"Latin neuter: -um drops before endings (studia, studiu, studiem)
Gen/dat/loc pl add -í-: studií, studiím, studiích; ins pl studii"
minulost,past,,A1,time,
ohled,respect,,A2,misc,
občan,citizen,,A2,"misc,people",
chuť,flavour,píseň,A1,misc,
technika,technology,,A2,misc,
rozhovor,conversation,,A1,misc,
veřejnost,public,,A1,misc,
příčina,cause,,A2,"misc,abstract",
dopis,letter,,A1,"objects,readable",
postava,figure,,A1,misc,
praxe,practice,,A2,misc,
zaměstnanec,employee,,A2,"misc,people,profession",
vstup,entrance,,A2,misc,
kultura,culture,,A2,"misc,abstract",
dojem,impression,,A1,misc,
aktivita,activity,,A2,misc,
spolupráce,cooperation,,A2,misc,
hudba,music,,A1,misc,
banka,bank,,A1,"places,v_place",
provoz,operation,,A2,misc,
odborník,expert,,A1,"misc,people",
tlak,pressure,,A1,misc,
stěna,wall,,A1,"objects,large_object",
pracovník,worker,,A1,"misc,people,profession",
zeď,wall,,A2,"objects,large_object",
silnice,road,,A1,"places,v_place",
obsah,content,,A2,misc,
kamarád,friend,,A1,"misc,people,address_informal,address_group",
naděje,hope,,A1,"misc,abstract",
chlap,man,,A1,"misc,people",
zvíře,animal,,A1,animals,
chování,behaviour,,A2,misc,
struktura,structure,,A2,misc,
maminka,mum,,A1,"family,address_informal,unique_relation",
vznik,origin,,A2,misc,
článek,article,,A2,"misc,abstract,readable",
pondělí,Monday,,A1,"time,calendar_unit,time_point",
povinnost,duty,,A2,"misc,abstract",
energie,energy,,A2,misc,
starost,worry,,A1,misc,
sen,dream,,A1,"misc,abstract",
výše,height,,A1,misc,
úvaha,consideration,,A1,"misc,abstract",
území,area,,A2,"places,na_place,region",
výraz,expression,,A1,misc,
poměr,ratio,,A1,"misc,abstract",
příběh,story,,A2,"misc,readable",
kancelář,office,píseň,A1,"places,v_place,indoor,lockable",
výhoda,advantage,,A2,"misc,abstract",
osud,fate,,A1,misc,
spojení,conjunction,,A1,misc,
kolega,colleague,,A1,"misc,people,address_informal,address_formal,address_group,title,formal_title,address_group_formal",
prvek,element,,A2,misc,
princip,principle,,A2,misc,
doktor,doctor,,A1,"misc,people,profession,title,formal_title",
nedostatek,lack,,A2,"misc,abstract,adversity",
útok,attack,,A2,misc,
výjimka,exception,,A2,misc,
zkouška,test,,A2,"misc,abstract,quiet_event",
host,guest,,A1,"misc,people",
látka,fabric,,A1,misc,
pohoda,contentment,,A1,misc,
budoucnost,future,,A1,time,
velikost,size,,A1,misc,
leden,January,,A1,"time,calendar_unit,time_point","Fleeting e: leden → ledna, v lednu, lednem
Genitive sg: -a (ledna)"
nástroj,tool,,A2,objects,
obor,profession,,A2,misc,
model,model,,A1,misc,
styl,style,,A2,misc,
kámen,stone,,A1,nature,
jednotka,unit,,A1,misc,
víkend,weekend,,A1,"time,calendar_unit,time_point,whole_span",
pozice,position,,A1,misc,
rána,wound,,A1,misc,
dispozice,disposal,,A2,misc,
krk,neck,,A1,"body,surface_body",
prodej,sale,,A1,misc,
údaj,(a piece of) information,,A2,misc,
podíl,share,,A2,misc,
účel,purpose,,A2,misc,
tvar,shape,,A1,misc,
příroda,nature,,A1,"nature,mass",
postavení,status,,A2,misc,
duše,soul,,A1,"misc,abstract",
půda,land,,A1,"places,na_place,indoor",
doprava,transport,,A1,"transportation,mass",
ráno,morning,,A1,"time,calendar_unit,time_point",
scéna,scene,,A1,misc,
projev,expression,,A2,misc,
moc,power,,A2,"misc,abstract",
kilometr,kilometre,,A1,misc,
proud,stream,,A1,misc,
výběr,selection,,A1,"misc,event",
osobnost,personality,,A2,abstract,
správa,management,,A2,misc,
řád,order,,A2,misc,
zdraví,health,,A1,misc,
zákazník,client,,A1,"misc,people",
dolar,dollar,,A1,misc,
zahraničí,foreign countries,,A2,misc,
úprava,adjustment,,A2,misc,
rychlost,speed,,A2,misc,
zápas,fight,,A1,"misc,event,gathering",
majetek,possession,,A1,misc,
červen,June,,A1,"time,calendar_unit,time_point","Fleeting e: červen → června, v červnu, červnem
Genitive sg: -a (června)"
reakce,response,,A2,misc,
květen,May,,A1,"time,calendar_unit,time_point","Fleeting e: květen → května, v květnu, květnem
Genitive sg: -a (května)"
zub,tooth,,A1,"body,surface_body,paired_body",
stanice,station,,A1,"places,na_place",
oběd,lunch,,A1,"food,meal,mealtime","Genitive sg: oběda (do oběda) or obědu
Locative sg: po obědě"
loď,ship,píseň,A1,transportation,"Mixes píseň and kost: gen sg lodě or lodi, dat/loc lodi
Plural: lodě, lodí, lodím, lodích, loděmi"
vrstva,layer,,A2,misc,
orgán,organ,,A2,misc,
objekt,object,,A2,misc,
jaro,spring,,A1,"time,season,time_point,mass",
plocha,surface,,A1,misc,
potíž,trouble,píseň,A1,"misc,abstract,adversity",
stroj,machine,,A1,objects,
policista,policeman,,A1,"misc,people,profession,title",
čin,deed,,A1,misc,
kůže,skin,,A1,"body,surface_body",
časopis,magazine,,A2,"misc,readable",
vítr,wind,,A1,"nature,weather,adversity",
datum,date,,A1,time,"Latin neuter: -um drops before endings (data, datu, datem)
Genitive pl: dat"
divák,viewer,,A1,"misc,people",
péče,aid,,A1,misc,
kuchyně,kitchen,růže,A1,"places,v_place,indoor",
nebezpečí,danger,,A1,"misc,abstract,feeling,adversity",
návrat,return,,A1,misc,
charakter,character,,A1,misc,
partner,partner,,A1,"misc,people,address_informal,unique_relation",
voják,soldier,,A2,"misc,people,profession",
kůň,horse,,A1,animals,"ů → o, soft stem: koně, koni, koněm
Plural: koně, koní, koním, koních, koňmi (ins in -mi)"
okolnost,circumstance,,A2,misc,
vlna,wave,,A1,misc,
růst,growth,,A1,misc,
zásada,principle,,A2,misc,
opatření,measure,,A2,misc,
tvorba,production,,A2,misc,
oběť,victim,,A2,"misc,people",
čtvrtek,Thursday,,A1,"time,calendar_unit,time_point","Fleeting e: čtvrtka (do čtvrtka) or čtvrtku, čtvrtkem; ve čtvrtek
Plural čtvrtky; k → c in loc pl: čtvrtcích"
účast,involvement,,A2,misc,
fotografie,photograph,,A1,objects,
středa,Wednesday,,A1,"time,calendar_unit,time_point",
zbraň,weapon,píseň,A2,objects,
zboží,goods,,A2,misc,
komise,committee,,A2,misc,
úsměv,smile,,A1,misc,
předpoklad,condition,,A2,misc,
vlastnost,quality,,A2,"misc,abstract",
kontakt,contact,,A1,misc,
stopa,trace,,A1,misc,
domov,home,,A1,"places,v_place,region,mass","Genitive sg: -a (z domova)
Locative v domově"
termín,deadline,,A1,misc,
použití,use,,A2,misc,
internet,the Internet,,A1,misc,
univerzita,university,,A1,"misc,places,na_place",
zvuk,sound,,A1,misc,
obrázek,picture,,A1,objects,
nápad,idea,,A1,"misc,abstract",
celek,whole,,A2,misc,
deska,board,,A1,objects,
existence,existence,,A2,misc,
výrobek,product,,A2,misc,
unie,union,,A2,misc,
obava,concern,,A1,"misc,abstract,feeling,adversity",
listopad,November,,A1,"time,calendar_unit,time_point",
titul,title,,A1,misc,
říjen,October,,A1,"time,calendar_unit,time_point","Fleeting e: říjen → října, v říjnu, říjnem
Genitive sg: -a (října)"
tma,dark,,A2,"misc,abstract,adversity",
riziko,risk,,A1,"misc,abstract,adversity",
pojem,notion,,A2,misc,
střecha,roof,,A1,"places,na_place,sittable",
hráč,player,,A1,"misc,people",
operace,operation,,A2,misc,
vědomí,awareness,,A1,"misc,abstract",
hospoda,pub,,A1,"places,v_place,leisure_do",
výška,height,,A1,misc,
přednost,advantage,,A1,"misc,abstract",
mysl,mind,,A1,"misc,abstract",
agentura,agency,,A2,misc,
generace,generation,,A2,"misc,abstract",
roh,corner,,A1,misc,
březen,March,,A1,"time,calendar_unit,time_point","Fleeting e: březen → března, v březnu, březnem
Genitive sg: -a (března)"
tradice,tradition,,A1,"misc,abstract",
barák,house,,A2,"places,v_place,dwelling,lockable",
oddělení,section,,A2,misc,
výstava,exhibition,,A1,misc,
technologie,technology,,A2,misc,
nárok,right,,A2,"misc,abstract",
bolest,pain,,A1,"abstract,feeling,adversity",
komunikace,communication,,A2,misc,
okraj,edge,,A1,misc,
dohoda,agreement,,A2,misc,
vůle,will,,A2,misc,
armáda,army,,A2,"misc,institution",
příjem,reception,,A2,misc,
závod,race,,A2,"misc,event,gathering",
paměť,memory,,A2,"misc,abstract",
výzkum,research,,A2,"misc,abstract",
soubor,set,,A2,misc,
duben,April,,A1,"time,calendar_unit,time_point","Fleeting e: duben → dubna, v dubnu, dubnem
Genitive sg: -a (dubna)"
rozsah,extent,,A2,misc,
řidič,driver,,A1,"misc,people,profession,title",
kapsa,pocket,,A2,misc,
král,king,,A1,"misc,people",
učitel,teacher,,A1,"misc,people,profession,title,formal_title","Nominative pl: -é (učitelé), like other -tel agent nouns
Singular follows muž: učitele, učiteli"
adresa,address,,A1,misc,
setkání,meeting,,A2,"misc,event,gathering",
využití,use,,A2,misc,
večeře,dinner,,A1,"food,meal,mealtime",
stín,shadow,,A1,misc,
pád,drop,,A1,misc,
nemoc,illness,,A1,"abstract,adversity",
srpen,August,,A1,"time,calendar_unit,time_point","Fleeting e: srpen → srpna, v srpnu, srpnem
Genitive sg: -a (srpna)"
jistota,confidence,,A1,misc,
kategorie,category,,A2,misc,
podzim,autumn,,A1,"time,season,time_point,whole_span,mass",
důkaz,proof,,A1,misc,
postoj,posture,,A1,misc,
díl,part,,A1,"misc,abstract",
karta,card,,A1,objects,
koleno,knee,,A1,"body,surface_body,paired_body",
povrch,surface,,A1,misc,
mistr,master,,A1,misc,
sezóna,season,,A1,"time,era,whole_span",
knížka,book,,A1,"objects,readable","k → c in dat/loc sg: knížce
Genitive pl: knížek
Diminutive of kniha; everyday word for book"
spor,dispute,,A1,"misc,abstract,adversity",
přítomnost,presence,,A2,misc,
délka,length,,A2,misc,
instituce,institution,,A2,misc,
představitel,representative,,A1,"misc,people",
produkt,product,,A1,misc,
obrana,defence,,A2,misc,
vazba,relationship,,A2,misc,
národ,nation,,A2,misc,"Genitive sg: -a (národa)
Dative národu, locative v národě"
značka,sign,,A2,misc,
věta,sentence,,A1,misc,
částka,amount,,A2,misc,
fáze,phase,,A2,misc,
ústav,institute,,A2,misc,
kapitola,chapter,,A1,misc,
únor,February,,A1,"time,calendar_unit,time_point","Genitive sg: února, as in dates (1. února), or únoru
Locative v únoru"
teorie,theory,,A2,misc,
seznam,list,,A1,misc,
kostel,church,,A1,"places,v_place,lockable,leisure_do","Genitive sg kostela (do kostela), locative v kostele
Also accepted in both: kostelu"
politik,politician,,A1,"misc,profession",
průměr,average,,A1,misc,
teplo,heat,,A1,misc,
chodba,corridor,,A1,"places,na_place,indoor",
úterý,Tuesday,,A1,"time,calendar_unit,time_point",
kruh,circle,,A1,misc,
následek,consequence,,A1,misc,
ročník,year,,A1,time,
dokument,document,,A2,"misc,readable",
nebe,sky,,A1,nature,
vítězství,victory,,A2,misc,
prosinec,December,,A1,"time,calendar_unit,time_point",
oheň,fire,,A1,misc,
červenec,July,,A1,"time,calendar_unit,time_point",
zisk,profit,,B1,misc,
letadlo,aircraft,,A1,transportation,
znalost,knowledge,,A2,"misc,abstract",
fond,fund,,A2,misc,
mamka,mum,,A1,"family,address_informal,unique_relation",
daň,tax,,A2,misc,
východ,exit,,A1,misc,
návštěvník,visitor,,A1,"misc,people",
norma,standard,,A2,misc,
trest,punishment,,A1,misc,
hrůza,horror,,A2,misc,
režim,regime,,B1,misc,
pozor,attention,,A2,"misc,abstract",
analýza,analysis,,A2,misc,
dráha,track,,A1,misc,
zvýšení,increase,,A2,misc,
médium,medium,,A1,misc,
srovnání,comparison,,A2,misc,
záměr,intention,,A1,misc,
účastník,participant,,A2,"misc,people",
původ,origin,,A1,misc,
rozpočet,budget,,A2,misc,
počasí,weather,,A1,"nature,weather,adversity,mass",
západ,west,,A1,misc,
zámek,lock,,A1,misc,
podlaha,floor,,A1,objects,
vzpomínka,remembrance,,B1,misc,
výrobce,manufacturer,,A1,"misc,people",
věda,science,,A2,"misc,abstract",
schod,step,,A1,objects,
novinář,journalist,,A2,"misc,people,profession",
svaz,union,,A1,misc,
nálada,mood,,A1,misc,
teplota,temperature,,A1,misc,
ženská,woman,,A1,"misc,people",
snímek,photo,,A1,objects,
odchod,leaving,,A1,misc,
povaha,character,,A2,misc,
bok,hip,,A1,"misc,abstract,body,surface_body,paired_body",
klíč,key,,A1,objects,
literatura,literature,,A2,"misc,abstract",
nákup,shopping,,A1,abstract,
průmysl,industry,,B1,misc,
ostrov,island,,A1,"nature,places,na_place,landmark","Genitive sg: -a (ostrova)
Dative ostrovu, locative na ostrově"
půlka,half,,A1,misc,
ticho,silence,,A1,misc,
jízda,riding,,B1,misc,
smích,laughter,,A1,misc,
fotka,photo,,A1,objects,
koncert,concert,,A1,"misc,event,gathering,quiet_event",
poznámka,note,,A1,"misc,readable",
podnikatel,businessman,,A2,"misc,people,profession","Nominative pl: -é (podnikatelé), like other -tel agent nouns
Singular follows muž: podnikatele, podnikateli"
odpor,aversion,,A1,"misc,abstract,feeling,adversity",
láhev,bottle,píseň,A1,objects,
žádost,request,,A1,misc,
židle,chair,,A1,"objects,sittable,large_object",
váha,weight,,A1,misc,
diskuse,discussion,,A1,misc,
pobyt,stay,,A1,misc,
střed,centre,,A1,misc,
bezpečnost,safety,,A2,misc,
krajina,landscape,,B1,"nature,places,v_place,region",
břeh,bank,,A1,"nature,places,na_place,landmark",
atmosféra,atmosphere,,A1,misc,
sníh,snow,,A1,"nature,weather,adversity,mass",
vina,guilt,,A1,misc,
touha,longing,,A1,misc,
kurs,course,,A1,misc,
verze,version,,A1,misc,
soused,neighbor,,A1,"misc,people,address_informal,address_formal,address_group,address_group_formal",
sousedka,female neighbor,,A1,"misc,people,address_informal,address_formal,address_group,address_group_formal",
účet,account,,B1,misc,
působení,impact,,A2,misc,
účinek,effect,,A2,"misc,abstract",
faktor,factor,hrad,A2,misc,
napětí,tension,,A1,misc,
investice,investment,,B1,misc,
děda,grandpa,,A1,"family,people,address_informal",
dřevo,wood,,A1,nature,
kombinace,combination,,A1,misc,
mír,peace,,A1,"misc,abstract",
vrchol,top,,A1,misc,
víra,belief,,B1,"misc,abstract",
přechod,crossing,,A1,misc,
úředník,clerk,,A1,"misc,profession",
znak,sign,,A2,misc,
předpis,regulation,,A1,"misc,readable",
složka,component,,A1,misc,
špička,tip,,A1,misc,
varianta,variant,,A1,misc,
výbor,committee,,A1,misc,
ekonomika,economy,,A2,misc,
úloha,role,,A1,misc,
kost,bone,,A1,"body,paired_body",
vězení,prison,,A2,"places,v_place",
sklo,glass,,A1,objects,
ret,lip,,A1,"body,surface_body,paired_body",
tabulka,table,,A1,objects,
poslanec,deputy,,A2,"misc,people,profession,title,formal_title",
produkce,production,,A2,misc,
krása,beauty,,A1,misc,
radnice,town hall,,A1,"places,na_place",
dech,breath,,A1,misc,
prospěch,benefit,,A1,misc,
vydání,expenses,,A1,misc,
přání,wish,,A1,"misc,abstract",
profesor,professor,,A1,"misc,people,profession,title,formal_title",
styk,contact,,A1,misc,
mozek,brain,,A1,body,
svědek,witness,,A1,"misc,people",
herec,actor,,A1,"misc,people,profession",
tábor,camp,,A1,misc,"Genitive sg tábora (z tábora), locative v táboře
Also accepted in both: táboru"
úsilí,effort,,A1,"misc,abstract",
výstavba,building,,A1,misc,
poloha,position,,A1,misc,
rozměr,dimension,,A1,misc,
mladík,young man,,A1,"misc,people,address_formal",
křeslo,(arm)chair,,A1,"objects,sittable,large_object",
hladina,level,,A1,misc,
kopec,hill,,A1,"nature,places,na_place,landmark,shade,leisure_na",
žák,pupil,,A1,"misc,people,address_group,address_group_formal",
brána,gate,,A1,"places,v_place",
čtenář,reader,,B1,misc,
krize,crisis,,B1,"misc,abstract,adversity",
výměna,exchange,,A1,misc,
zvyk,habit,,A1,misc,
starosta,mayor,,A2,"misc,people,profession,title,formal_title",
současnost,today,,A2,time,
tisk,press,,B1,misc,
konstrukce,construction,,A2,misc,
zásah,hit,,A1,misc,
region,region,,A1,"places,v_place,region",
lístek,ticket,,A1,"objects,readable",
pták,bird,,A1,animals,
kariéra,career,,A2,misc,
reklama,advertisement,,B1,"misc,readable",
objem,capacity,,A1,misc,
patro,floor,,A1,"places,na_place,indoor",
automobil,automobile,,A1,"transportation,vehicle",
tajemství,secret,,A1,misc,
studie,study,,A1,misc,
fronta,queue,,A2,misc,
sál,hall,,A2,"places,v_place,indoor",
alkohol,alcohol,,A1,misc,
píseň,song,,A2,misc,
dno,bottom,,A1,misc,
déšť,rain,,A1,"nature,weather,adversity",
svátek,holiday,,A1,"time,event",
hodnocení,evaluation,,A2,misc,
klient,client,,A2,"misc,abstract",
okruh,radius,,A1,misc,
sport,sport,,A1,misc,
odpovědnost,responsibility,,A2,"misc,abstract",
manažer,manager,,A1,"misc,people,profession",
sdružení,association,,A2,misc,
vzor,example,,A2,misc,
chudák,poor,,A1,"misc,people",
dvůr,yard,,A1,misc,
motor,motor,,A1,misc,
hnutí,movement,,A2,misc,
parlament,parliament,,A2,misc,
zážitek,experience,,B1,"misc,abstract",
trenér,trainer,,A1,"misc,people,profession,title",
tón,tone,,A1,misc,
dávka,portion,,A1,misc,
plyn,gas,,A1,misc,
nepřítel,enemy,,A1,"misc,people",
umělec,artist,,A2,"misc,people,profession",
omezení,limitation,,A2,misc,
knihovna,library,,A1,"places,v_place,lockable,leisure_do",
sídlo,residence,,A2,misc,
sbírka,collection,,B1,misc,
příspěvek,contribution,,A2,misc,
jev,phenomenon,,A1,misc,
zpracování,processing,,A2,misc,
vzdálenost,distance,,A2,misc,
pacient,patient,,A1,"misc,people",
linka,line,,A1,misc,
deník,daily,,A2,"misc,readable",
dlaň,palm,,A1,"body,surface_body,paired_body",
křídlo,wing,,A1,misc,
středisko,centre,,A1,"places,v_place",
realita,reality,,B1,misc,
překvapení,surprise,,A2,misc,
známka,sign,,A1,misc,
přístroj,apparatus,,A1,objects,
oprava,reconstruction,,A2,misc,
moment,moment,,A1,"time,duration,in_time",
díra,hole,,A1,misc,
snížení,reduction,,A2,misc,
premiér,premier,,A2,"misc,people,title,formal_title",
test,test,,A1,misc,
dáma,lady,,A1,"misc,people,address_group,address_group_formal",
výlet,trip,,A1,misc,
rozum,reason,,A1,"misc,abstract",
vteřina,second,,A1,"time,duration,in_time",
přehled,survey,,A2,misc,
pošta,post office,,A1,"places,na_place",
hlad,hunger,,A1,"abstract,adversity",
zájemce,interested person,,A1,"misc,people",
hmota,matter,,A1,misc,
plat,pay,,A2,misc,
trend,trend,,B1,misc,
soulad,accordance,,A2,misc,
koncepce,concept,,A2,misc,
olej,oil,,A1,"food,mass",
cigareta,cigarette,,A1,misc,
omyl,mistake,,A2,misc,
zaměstnání,job,,A2,misc,
pořad,programme,,B1,misc,
hala,hall,,A1,"places,v_place,indoor",
domácnost,household,,A1,"places,v_place,region",
dálka,distance,,A1,misc,
vzdělání,education,,A2,"misc,abstract",
série,series,,A1,misc,
hromada,heap,,A1,misc,
efekt,effect,,A2,"misc,abstract",
představení,performance,,A2,"misc,event,gathering,quiet_event",
rádio,radio,,A1,objects,
problematika,issues,,A2,misc,
konflikt,conflict,,B1,"misc,abstract,adversity",
symbol,symbol,,A2,misc,
úsek,section,,A1,misc,
zásoba,supply,,A2,misc,
pozemek,plot,,A1,misc,
tatínek,daddy,,A1,"family,address_informal,unique_relation",
spánek,sleep,,A1,misc,
nůž,knife,,A1,objects,
konference,conference,,A1,misc,
oslava,celebration,,A1,"misc,event,gathering",
liga,league,,A1,misc,
vybavení,equipment,,A1,misc,
mapa,map,,A1,"objects,readable",
závislost,addiction,,A2,misc,
zranění,injury,,A1,"misc,abstract,adversity",
vytvoření,creation,,A2,misc,
kritika,criticism,,A1,"misc,abstract,adversity",
rozšíření,expansion,,A2,misc,
sever,north,,A1,misc,
břicho,stomach,,A1,"body,surface_body",
cizinec,foreigner,,A2,"misc,people",
slečna,miss,,A1,"people,address_formal",
památka,memory,,A1,"misc,abstract",
lék,drug,,A1,misc,
konkurence,competition,,B1,"misc,abstract,adversity",
fotbal,football,,A1,"misc,event,gathering",
režisér,director,,A2,"misc,people,profession",
zábava,fun,,A2,misc,
doklad,certificate,,B1,"objects,readable",
záchod,toilet,,A1,"places,na_place,indoor",
realizace,implementation,,A2,misc,
vítěz,winner,,A1,"misc,people",
schůzka,date,,A1,"misc,event,gathering",
souhlas,consent,,A1,misc,
budoucno,future,,A1,time,
aplikace,application,,A2,misc,
prach,dust,,A1,"misc,abstract,mass",
kafe,coffee,,A1,"food,drink,mass",
nutnost,necessity,,A2,misc,
dvojice,pair,,A1,misc,
jih,south,,A1,misc,
pas,passport,,A1,misc,
slza,tear,,A1,"body,feeling,painless",
důvěra,trust,,A1,misc,
hrdina,hero,,A2,"misc,people",
myšlení,thinking,,A2,abstract,
blízkost,vicinity,,A2,misc,
svatba,wedding,,A1,"misc,event,gathering",
sranda,fun,,A1,misc,
cit,emotion,,A1,"misc,abstract",
fakulta,faculty,,A1,"misc,places,na_place",
obchodník,trader,,A2,"misc,profession",
pár,couple,,A1,misc,
blok,block,,A1,misc,
vražda,murder,žena,A2,misc,
domek,house,,A1,"places,v_place,dwelling,lockable",
dluh,debt,,A1,"misc,abstract,adversity",
hřiště,pitch,,A1,misc,"Like moře, but genitive pl has no ending: hřišť (vs moří)
Takes na: na hřišti"
prdel,arse,,A1,misc,
kritérium,criterion,,A2,misc,
příslušník,member,,A1,"misc,people",
jádro,kernel,,A1,misc,
strategie,strategy,,A2,"misc,abstract",
signál,signal,,A2,misc,
kapacita,capacity,,A2,misc,
záznam,entry,,A2,misc,
znamení,sign,,A2,misc,
provedení,version,,A2,misc,
rovina,plain,,A2,misc,
průzkum,survey,,A2,misc,
označení,mark,,A2,misc,
poznání,knowledge,,A2,"misc,abstract",
důl,mine,,A1,misc,"ů → o outside nom/acc sg (dolu, v dole, dolem)
Plural: doly, dolů"
kořen,root,,A1,nature,
hledání,searching,,A2,"misc,abstract",
investor,investor,,A2,"misc,people",
úmysl,intention,,A2,misc,
vozidlo,vehicle,,A1,"transportation,vehicle",
motiv,motive,,A2,misc,
dar,gift,,A1,objects,
led,ice,,A1,"nature,weather,mass",
násilí,violence,,A1,misc,
nehoda,accident,,A1,"misc,abstract,adversity",
vystoupení,performance,,A2,event,
příchod,arrival,,A1,misc,
palác,palace,,A1,"places,v_place",
rekonstrukce,reconstruction,,A1,misc,
pojetí,concept,,A2,misc,
detail,detail,,A1,misc,
novinka,news,,B1,misc,
dík,(word of) thanks,,A1,misc,
podezření,suspicion,,A2,misc,
spisovatel,writer,,A1,"misc,people,profession","Nominative pl: -é (spisovatelé), like other -tel agent nouns
Singular follows muž: spisovatele, spisovateli"
odhad,assessment,,A2,misc,
zlato,gold,,A2,"misc,abstract,address_informal",
euro,euro,,A1,misc,
letiště,airport,,A1,"places,na_place","Like moře, but genitive pl has no ending: letišť (vs moří)
Takes na: na letišti"
překážka,obstacle,,A1,"misc,abstract,adversity",
paže,arm,,A1,"body,surface_body,paired_body",
výchova,education,,A2,"misc,abstract",
popis,description,,A1,"misc,readable",
areál,premise,,A2,misc,
vysvětlení,explanation,,A2,misc,
tendence,tendency,,A2,misc,
kandidát,candidate,,A2,"misc,people",
přednáška,lecture,,A1,"misc,abstract,quiet_event",
výklad,explication,,A1,misc,
mobil,mobile phone,,A1,objects,
sláva,fame,,A1,misc,
utkání,match,,A1,"misc,event,gathering",
prohlášení,statement,,A2,misc,
festival,festival,,A1,misc,
pověst,legend,,A2,misc,
rozpor,contradiction,,A2,misc,
náhoda,chance,,A1,misc,
turista,tourist,,A1,"misc,people",
blázen,fool,,A1,"misc,people",
potravina,food,,A1,food,
výzva,challenge,,A2,misc,
poplatek,charge,,A1,misc,
spotřeba,consumption,,A2,misc,
strop,ceiling,,A1,objects,
dárek,present,,A1,objects,
jedinec,individual,,A1,"misc,people",
vyjádření,expression,,A2,misc,
zajištění,security,,A2,misc,
angličtina,English,,A1,misc,
soupeř,opponent,,A1,misc,
vůně,scent,,A1,misc,
galerie,gallery,,A1,"misc,places,v_place,leisure_do",
subjekt,subject,,A2,misc,
polévka,soup,,A1,food,
kampaň,campaign,,A2,misc,
odvaha,courage,,A1,"misc,abstract",
pramen,source,,A1,misc,
platnost,validity,,A2,misc,
svazek,bunch,,A1,misc,
kilo,kilo,,A1,misc,
sbor,board,,A2,misc,
poledne,noon,,A1,misc,
pozadí,background,,A1,misc,
dětství,childhood,,A2,abstract,
pokles,drop,,A2,misc,
tvrzení,statement,,A1,misc,
jed,poison,,A1,misc,
kapela,band,,A1,misc,
dopad,impact,,A2,misc,
přestávka,break,,B1,misc,
centimetr,centimetre,,A1,misc,
nerv,nerve,,A1,misc,
kolej,rail,píseň,B1,misc,
vchod,entrance,,A1,misc,
větev,branch,píseň,A1,nature,
expert,expert,,A1,"misc,people",
argument,argument,,A2,misc,
písnička,song,,A2,"misc,abstract",
revoluce,revolution,,A1,"misc,event",
církev,church,píseň,A2,"misc,institution",
demokracie,democracy,,A2,misc,
mechanismus,mechanism,,A2,misc,
očekávání,expectation,,A2,misc,
přijetí,acceptance,,A2,misc,
svědomí,conscience,,A1,"misc,abstract",
brambor,potato,,A1,food,
komunista,communist,,A2,"misc,people",
písek,sand,,A1,"misc,abstract,mass",
skříň,wardrobe,,A1,"objects,large_object",
ložnice,bedroom,,A1,"places,v_place,indoor",
zloděj,thief,,A1,"misc,people",
rostlina,plant,,A1,nature,
houba,mushroom,,A1,"food,nature",
procházka,walk,,A1,misc,
dostatek,sufficiency,,A2,misc,
kamera,(video) camera,,A2,objects,
reforma,reform,,A2,misc,
zákaz,prohibition,,A2,"misc,abstract,adversity",
vlastník,owner,,A2,"misc,people",
poznatek,(piece of) knowledge,,A2,"misc,abstract",
vědec,scholar,,A1,"misc,profession",
litr,litre,,A2,misc,
nápis,inscription,,A2,"misc,readable",
hrob,grave,,A2,misc,
důchod,pension,,A2,misc,
sněmovna,chamber,,A2,misc,
kráva,cow,,A1,animals,
bitva,battle,,A2,"misc,event",
mládež,youth,,A2,misc,
div,wonder,,A2,misc,
chata,cottage,,A1,"places,v_place,na_place,dwelling,lockable,leisure_na",
zrcadlo,mirror,,A1,"objects,large_object",
droga,drug,,A2,misc,
uspořádání,organization,,A2,misc,
komora,utility room,,A2,"places,v_place,indoor,lockable",
dav,crowd,,A2,misc,
soudce,judge,,A1,"misc,people,profession,title,formal_title",
zahájení,opening,,A2,"misc,event,gathering",
oblečení,clothes,,A1,"objects,mass",
kout,corner,,A1,"places,v_place,indoor",
premiéra,premiere,,A2,misc,
zázrak,miracle,,A2,misc,
linie,line,,A2,misc,
básník,poet,,A2,"misc,profession",
zločin,crime,,A2,misc,
manželství,marriage,,A2,abstract,
pokuta,penalty,,B1,misc,
shoda,agreement,,A2,misc,
heslo,password,,A2,misc,
dodávka,delivery,,A2,misc,
trať,railway,,A2,misc,
cyklus,cycle,,A2,misc,
plot,fence,,A2,"misc,abstract,objects,large_object",
román,novel,,A1,"misc,readable",
rozhodování,decision-making,,A2,abstract,
povolení,permission,,B1,misc,
porucha,breakdown,,A2,misc,
orientace,orientation,,A2,misc,
zóna,zone,,A1,misc,
podnět,impulse,,A2,misc,
desetiletí,decade,,A2,misc,
obrat,turn,,B1,misc,
učení,doctrine,,A2,misc,
blbost,crap,,A2,misc,
důraz,stress,,A2,misc,
odměna,reward,,A2,misc,
přenos,broadcast,,A2,misc,
společenství,community,,A2,misc,
kanál,channel,,A2,misc,
taťka,daddy,,A2,"family,address_informal,unique_relation",
peklo,hell,,A2,misc,
zavedení,launching,,A2,misc,
zelenina,vegetable,,A1,"food,weighable,mass",
základna,base,,A2,misc,
trasa,route,,A2,misc,
kamarádka,friend,,A1,"misc,people,address_informal,address_group",
podklad,basis,,A2,misc,
mládí,youth,,A2,misc,
útočník,attacker,,A2,misc,
přesvědčení,conviction,,A2,misc,
nástup,entrance,,A1,misc,
příkaz,order,,A2,misc,
snídaně,breakfast,,A1,"food,meal,mealtime",
filozofie,philosophy,,A2,misc,
malíř,painter,,A2,"misc,people,profession",
cukr,sugar,,A1,"food,weighable,mass",
půlnoc,midnight,,A2,"time,calendar_unit,time_point",
hospodářství,economy,,A2,misc,
vyšetřování,investigation,,A2,misc,
dosažení,achievement,,A2,misc,
brácha,brother,,A2,"family,people,address_informal",
bytost,being,,A2,misc,
skladba,composition,,B1,misc,
pohádka,fairy tale,,A1,"misc,readable",
socha,statue,,A2,"misc,abstract,objects,large_object",
výpověď,testimony,,A2,misc,
pořadí,order,,A2,misc,
mistrovství,championship,,A2,"misc,event,gathering",
tvůrce,creator,,A2,misc,
skála,rock,,A1,"nature,geological,na_place,sittable,landmark,shade",
aspekt,aspect,,A2,misc,
kříž,cross,,A2,misc,
kapitán,captain,,A2,"misc,profession,title",
dotaz,query,,A2,misc,
podnikání,enterprise,,B1,misc,
sůl,salt,,A2,"food,weighable,mass",
pytel,bag,,A2,objects,
soustava,system,,A2,misc,
koupelna,bathroom,,A1,"places,v_place,indoor",
stanovisko,standpoint,,A2,misc,
nábytek,furniture,,A1,"objects,mass",
spravedlnost,justice,,A2,"misc,abstract",
seriál,series,,A2,misc,
nesmysl,nonsense,,A2,"misc,abstract",
úvod,introduction,,A2,misc,
údolí,valley,,A2,"nature,places,v_place,dwelling,landmark",
ovoce,fruit,,A1,"food,weighable,mass",
vůdce,leader,,A2,"misc,people",
uživatel,user,,A2,misc,
výdaj,expense,,A2,misc,
bar,bar,,A2,"misc,places,v_place,leisure_do",
tempo,pace,,A2,misc,
legrace,fun,,A2,misc,
krabice,box,,A2,"objects,large_object",
podpis,signature,,B1,"misc,abstract",
žaludek,stomach,,A2,body,
směs,mixture,,A2,misc,
jednotlivec,individual,,A2,misc,
krám,shop,,B1,"places,v_place,lockable",
hovor,talk,,A2,misc,
dělník,worker,,A1,"misc,people",
náměstek,deputy,,A2,misc,
plus,pro,,A2,misc,
rod,genus,,A2,misc,
chalupa,cottage,,A1,"places,v_place,na_place,dwelling,lockable,leisure_na",
fotbalista,footballer,,A2,"misc,people,profession",
dálnice,motorway,,A1,transportation,
výrok,statement,,A2,misc,
jednička,(number) one,,A1,misc,
koberec,carpet,,A1,"objects,sittable,large_object",
hloubka,depth,,A2,misc,
nadšení,enthusiasm,,A2,misc,
pravděpodobnost,probability,,A2,"misc,abstract",
dotace,grant,,A2,misc,
sklep,cellar,,A1,"places,v_place,indoor,lockable","Genitive sg: -a (sklepa)
Locative ve sklepě"
odpoledne,afternoon,,A1,"time,calendar_unit,time_point",
dohled,sight,,A2,misc,
zlepšení,improvement,,A2,misc,
dílna,workshop,,B1,"places,v_place,lockable",
sféra,sphere,,A2,misc,
pojišťovna,insurance company,,A2,misc,
pás,strip,,A2,misc,
hrozba,threat,,A2,misc,
tanec,dance,,A2,misc,
talíř,plate,,A2,objects,
tragedie,tragedy,,A2,"misc,event",
právník,lawyer,,A2,"misc,people,profession",
choroba,disease,,A2,abstract,
vtip,joke,,A1,misc,
prádlo,underwear,,A1,"objects,portable,mass",
pusa,mouth,,A1,"body,surface_body",
čeština,Czech,,A1,misc,
podrobnost,detail,,A2,misc,
debata,discussion,,A2,misc,
zjištění,discovery,,A2,misc,
publikum,audience,,A2,misc,
továrna,factory,,A2,"places,v_place",
velitel,commander,,A2,"misc,people,profession",
obyvatelstvo,population,,A2,misc,
závazek,commitment,,A2,misc,
chodník,pavement,,A2,"places,na_place",
tok,stream,,A2,misc,
buňka,cell,,A2,misc,
říše,empire,,A2,misc,
důstojník,officer,,A2,"misc,people,profession",
prášek,powder,,A2,misc,
kmen,trunk,,A2,misc,
složení,composition,,A2,misc,
měřítko,scale,,A2,misc,
odpad,waste,,B1,misc,
pití,drinking,,A1,"food,drink,mass",
mzda,wages,,A2,misc,
klobouk,hat,,A2,"objects,clothing",
městečko,small town,,A2,"places,v_place,dwelling,settlement",
podání,submission,,A2,misc,
zakázka,order,,A2,misc,
prohlídka,examination,,A2,misc,
obvinění,accusation,,A2,misc,
hoch,boy,,A2,"misc,people",
pracoviště,workplace,,B1,"places,na_place",
vidění,seeing,,A2,misc,
branka,gate,,B1,misc,
organismus,organism,,A2,misc,
záruka,guarantee,,B1,misc,
požár,fire,,A2,misc,
pobřeží,coast,,A1,misc,
gesto,gesture,,A2,misc,
katastrofa,disaster,,B1,misc,
získání,acquisition,,A2,misc,
povolání,profession,,A1,misc,
účinnost,efficiency,,A2,misc,
náhrada,compensation,,A2,misc,
útvar,formation,,A2,misc,
charakteristika,characteristic,,A2,misc,
sklon,disposition,,A2,misc,
ulička,lane,,A2,misc,
kabát,coat,,A2,"objects,clothing",
květina,flower,,A1,nature,
úcta,respect,,A2,misc,
holčička,(little) girl,,A2,"misc,people",
vrah,murderer,,A2,"misc,people",
sklad,stock,,A2,misc,
mínění,opinion,,A2,"misc,abstract",
zpěvák,singer,,A1,"misc,people,profession",
gól,goal,,A2,misc,
start,take-off,,A2,misc,
narození,birth,,A1,misc,
pokyn,instruction,,A2,misc,
souboj,fight,,A2,"misc,event",
síň,hall,,B1,"places,v_place,indoor",
dodavatel,supplier,,A2,"misc,people",
nárůst,growth,,A2,misc,
vzhled,looks,,B1,misc,
čára,line,,A2,misc,
akademie,academy,,A2,"misc,places,v_place,na_place",
zpěv,singing,,A2,misc,
úvěr,loan,,A2,misc,
prase,pig,,A2,animals,
okres,district,,A2,misc,
akcie,share,,A2,misc,
odbor,department,,A2,"misc,abstract",
používání,use,,A2,misc,
učitelka,female teacher,,A1,"misc,people,profession,title,formal_title",
smůla,bad luck,,A1,"misc,abstract,adversity",
komplex,complex,,A2,misc,
královna,queen,,A1,"misc,people",
scénář,scenario,,A2,"misc,readable",
pochybnost,doubt,,A2,"misc,abstract,feeling,adversity",
obvod,circumference,,A2,misc,
finále,finals,,A2,misc,
mužstvo,team,,A2,misc,
expozice,exhibition,,A2,misc,
plášť,coat,,A2,"objects,clothing",
cvičení,exercise,,A1,misc,
obrazovka,screen,,A2,misc,
rozdělení,division,,A2,misc,
slib,promise,,A2,misc,
uplatnění,use,,A2,misc,
rovnováha,balance,,A2,misc,
čtení,reading,,A2,misc,
volno,leisure,,A1,misc,
obal,cover,,A2,misc,
správce,manager,,A2,"misc,people,profession",
pachatel,offender,,A2,"misc,people",
hasič,firefighter,,A1,"misc,people,profession",
pokrok,progress,,A2,misc,
generál,general,,A2,"misc,profession,title,formal_title",
čest,honour,,A2,misc,
sval,muscle,,A2,"body,paired_body",
báseň,poem,,A2,"misc,readable",
vnitro,interior,,A2,misc,
iniciativa,initiative,,A2,misc,
kapka,drop,,A1,misc,
zásluha,credit,,A2,misc,
zasedání,session,,A2,misc,
vajíčko,egg,,A1,food,
výstup,climb,,A1,misc,
pokračování,continuation,,A2,misc,
bomba,bomb,,A2,objects,
neštěstí,misfortune,,B1,misc,
šok,shock,,B1,misc,
sloup,pole,,A2,"misc,abstract,objects,large_object",
etapa,period,,A2,misc,
zadek,back,,A2,body,
běh,run,,A2,misc,
poradce,adviser,,A2,"misc,profession",
přínos,contribution,,A2,misc,
pochopení,understanding,,A2,misc,
publikace,publication,,A2,misc,
úhel,angle,,A2,misc,
humor,humour,,A2,misc,
drát,wire,,A2,misc,
senát,Senate,,A2,misc,
pata,heel,,A2,"body,surface_body,paired_body",
dnešek,today,,A2,"time,calendar_unit,time_point",
hřbitov,cemetery,,A2,"misc,abstract,places,na_place","Genitive sg: -a (hřbitova)
Dative hřbitovu, locative na hřbitově"
psaní,writing,,A2,misc,
písmeno,letter,,A2,"objects,readable",
porážka,defeat,,A2,"misc,abstract,adversity",
řádek,line,,A2,misc,
léčba,treatment,,A2,misc,
pěst,fist,,A2,body,
zrak,sight,,A2,misc,
vzorek,sample,,A2,misc,
koš,basket,,A2,misc,
rytmus,rhythm,,A2,misc,"Greek/Latin -us drops before endings (rytmu, rytmem)
Plural: rytmy, rytmů"
anděl,angel,,A1,misc,
organizátor,organizer,,A2,misc,
vytváření,creation,,A2,misc,
protest,protest,,A2,"misc,abstract,adversity",
suma,sum,,A2,misc,
výhled,view,,A2,misc,
stolek,table,,A2,"objects,sittable,large_object",
chrám,temple,,A2,"places,v_place",
plamen,flame,,A2,misc,
ukončení,termination,,A2,misc,
zmatek,confusion,,A2,misc,
obnova,restoration,,A2,misc,
terén,terrain,,A2,"nature,geological",
kov,metal,,A2,misc,
pobočka,branch,,A2,"places,na_place",
architektura,architecture,,A2,misc,
mrak,cloud,,A2,nature,
mez,bounds,,A2,misc,
bydlení,living,,B1,misc,
sklenice,glass,,A2,objects,
skok,jump,,A2,misc,
ukázka,demonstration,,A2,misc,
post,post,,A2,misc,
prodejna,shop,,A2,"places,v_place",
management,management,,A2,abstract,
potomek,descendant,,A2,abstract,
louka,meadow,,A2,"nature,places,na_place,sittable,landmark,leisure_na",
stadión,stadium,,A1,"places,na_place,leisure_na",
herečka,actress,,A1,"misc,people,profession",
sklenička,glass,,A2,objects,
školství,education,,B1,misc,
lavice,desk,,A2,"misc,sittable,objects,large_object",
ohrožení,danger,,A2,misc,
recept,recipe,,A1,"misc,readable",
turnaj,tournament,,A2,misc,
sluníčko,sun,,A2,"nature,celestial",
porovnání,comparison,,A2,misc,
překlad,translation,,A2,misc,
hmotnost,weight,,A2,misc,
družstvo,cooperative,,A1,misc,
kněz,priest,,A2,"misc,profession",
elektřina,electricity,,A1,misc,
tah,pull,,A2,misc,
standard,standard,,A2,misc,
asociace,association,,A2,misc,
pojištění,insurance,,A1,misc,
garáž,garage,,A1,"places,v_place,indoor,lockable",
zaměstnavatel,employer,,A2,misc,"Nominative pl: -é (zaměstnavatelé), like other -tel agent nouns
Singular follows muž: zaměstnavatele, zaměstnavateli"
založení,founding,,A2,misc,
umístění,position,,A2,misc,
paprsek,beam,,A2,misc,
výročí,anniversary,,A1,misc,
výbuch,explosion,,A2,misc,
úder,hit,,A2,misc,
fantazie,imagination,,A2,misc,
statistika,statistics,,A2,misc,
pokladna,cash desk,,A1,misc,
pohár,cup,,A2,objects,
oznámení,announcement,,B1,misc,
poptávka,demand,,B1,misc,
onemocnění,disease,,A2,abstract,
sektor,sector,,A2,misc,
volič,voter,,A2,misc,
vlastnictví,ownership,,A1,misc,
legenda,legend,,A2,misc,
doporučení,recommendation,,A2,misc,
obtíž,trouble,,A2,"misc,abstract,adversity",
zrušení,cancellation,,A2,misc,
plátno,cloth,,B1,misc,
sex,sex,hrad,A2,misc,
oddíl,section,,A2,misc,
kufr,suitcase,,A1,objects,
financování,financing,,A2,misc,
záběr,stroke,,A2,misc,
lůžko,bed,,A1,"objects,sittable,large_object",
populace,population,,A2,misc,
samota,solitude,,B1,misc,
komedie,comedy,,A2,misc,
talent,talent,,A2,misc,
likvidace,liquidation,,A2,misc,
otvor,hole,,A2,misc,
demokrat,democrat,,A2,"misc,people",
zemědělství,agriculture,,A2,"misc,abstract",
bohatství,wealth,,A2,misc,
stan,tent,,B1,misc,
architekt,architect,,A2,"misc,profession,title,formal_title",
planeta,planet,,A2,"nature,celestial,region",
otevření,opening,,A2,"misc,event,gathering",
tuna,ton,,A2,misc,
plod,fruit,,A2,"nature,flora",
kytka,flower,,A1,nature,
kritik,critic,,A2,misc,
drama,drama,,B1,misc,
lidstvo,mankind,,A2,abstract,
přehlídka,show,,A2,misc,
vášeň,passion,,A2,misc,
kouzlo,magic,,A2,misc,
měření,measurement,,A2,misc,
útěk,escape,,A2,misc,
hluk,noise,,A1,"misc,abstract,feeling,adversity",
pravomoc,authority,,A2,abstract,
hovno,shit,,A2,misc,
metropole,capital,,A2,"misc,abstract,places,dwelling,settlement",
elektrárna,power plant,,A2,"places,v_place",
agent,agent,,A2,"misc,people",
posluchač,listener,,A2,misc,
palec,thumb,,A1,"body,surface_body,paired_body",
sedadlo,seat,,B1,"objects,sittable,large_object",
náboženství,religion,,A2,misc,
spolupracovník,colleague,,A2,misc,
úspora,saving,,A2,misc,
obálka,envelope,,A1,misc,
výprava,excursion,,A2,misc,
dění,events,,A2,misc,
lampa,lamp,,A1,objects,
sazba,rate,,A2,misc,
ráj,paradise,,A1,misc,
redakce,editorial office,,A2,"places,v_place",
místopředseda,vice chairman,,A2,"misc,people",
dvojka,(number) two,,A1,misc,
trouba,oven,,A1,misc,
objev,discovery,,A2,misc,
vyšetření,examination,,A2,misc,
důchodce,pensioner,,A2,"misc,people",
koule,ball,,B1,objects,
huba,mouth,,A2,body,
tyč,post,,A2,misc,
hokej,(ice-)hockey,,A1,misc,
tričko,T-shirt,,A2,"objects,clothing","Declines like město: trička, tričku
Genitive pl triček, locative pl tričkách
Diminutive of triko; now the usual word for T-shirt"
chod,course,,A2,misc,
album,album,,A2,misc,
krabička,box,,A2,objects,
sebevražda,suicide,,A2,misc,
minimum,minimum,,A2,misc,
zastávka,stop,,A1,misc,
parametr,parameter,,A2,misc,
bouře,storm,,A2,"nature,weather,adversity",
kauza,case,,A2,misc,
záchrana,rescue,,A2,misc,
trocha,a bit,,A2,misc,
trénink,training,,A2,misc,
křižovatka,intersection,,A1,misc,
pruh,stripe,,A2,misc,
venkov,country,,A2,"places,na_place,region,mass",
výhra,victory,,A2,misc,
odstranění,removal,,A2,misc,
autorita,authority,,A2,abstract,
statek,estate,,A2,"places,na_place",
stabilita,stability,,A2,misc,
proměna,transformation,,A2,misc,
pásmo,zone,,A2,misc,
příloha,supplement,,A2,misc,
zdravotnictví,health care,,A2,misc,
sestava,composition,,A2,misc,
cizina,foreign country,,A2,"places,v_place,region,mass",
ředitelka,(woman) director,,A2,"misc,people,profession,title,formal_title",
profese,profession,,A1,misc,
zaměření,specialization,,A2,misc,
děj,plot,,A2,misc,
bazén,swimming pool,,A1,"places,v_place,leisure_do",
vztek,rage,,A1,"misc,abstract,feeling,adversity",
klín,lap,,A2,misc,
poškození,damage,,A2,misc,
kolečko,wheel,,A2,misc,
vojsko,army,,A2,misc,
balík,parcel,,A2,objects,
užívání,use,,A2,misc,
konto,account,,A2,misc,
nápoj,drink,,A2,food,
mlha,mist,,A2,"nature,weather,adversity",
shromáždění,assembly,,A2,misc,
koncentrace,concentration,,A2,misc,
čert,devil,,A1,misc,
obliba,popularity,,A2,misc,
příznivec,fan,,A2,misc,
utrpení,suffering,,A2,"misc,abstract",
úleva,relief,,A2,"misc,abstract",
vila,villa,,A1,"places,v_place,dwelling,lockable",
vyprávění,tale,,A2,misc,
kresba,drawing,,A2,misc,
kontext,context,,A2,misc,
zlo,evil,,A2,misc,
odkaz,reference,,A2,misc,
brada,chin,,A2,"body,surface_body",
móda,fashion,,A2,misc,
fórum,forum,,A2,misc,
doprovod,company,,A2,misc,
balíček,packet,,A2,objects,
podvod,fraud,,A2,misc,
seminář,seminar,,A1,misc,
práh,threshold,,A2,misc,
maska,mask,,A2,objects,
opera,opera,,A1,misc,
kapitál,capital,,A2,misc,
plnění,performance,,A2,misc,
blesk,lightning,,A2,misc,
odvolání,withdrawal,,A2,misc,
sukně,skirt,,A2,"objects,clothing",
lokalita,locality,,B1,misc,
akt,act,,A2,misc,
disciplína,discipline,,A2,misc,
komentář,comment,,B1,misc,
vize,vision,,A2,misc,
stanovení,determination,,A2,misc,
rozvod,divorce,,A2,misc,
ustanovení,regulation,,A2,misc,
přístav,harbour,,A2,misc,
historka,story,,A2,misc,
určení,purpose,,A2,misc,
průvodce,guide,,A1,"misc,profession,title","Same form in nom/gen/acc/voc sg: průvodce
Plural: průvodci, průvodců"
zachování,conservation,,A2,misc,
civilizace,civilization,,A1,misc,
vlast,homeland,,B1,"places,v_place,region,mass",
námět,suggestion,,A2,misc,
zabezpečení,security,,A2,misc,
spolek,club,,A2,misc,
přelom,turn,,A2,misc,
výnos,decree,,A2,misc,
mráz,frost,,A2,"nature,weather,adversity,mass",
stánek,stall,,A2,"places,na_place",
osa,axis,,A2,misc,
nejistota,uncertainty,,B1,"misc,abstract,feeling,adversity",
skončení,termination,,A2,misc,
smutek,sadness,,A2,"misc,abstract,feeling,adversity",
hůl,cane,,A2,misc,
reprezentace,representation,,A2,misc,
plíce,lung,,A2,"body,paired_body",
potenciál,potential,,A2,misc,
krádež,theft,,A2,misc,
střet,conflict,,A2,misc,
kouř,smoke,,A2,"misc,abstract,mass",
rybník,pond,,A1,"nature,places,na_place,landmark",
sledování,watching,,A2,misc,
uhlí,coal,,A2,misc,
salát,salad,,A1,food,
ústava,constitution,,A2,misc,
perspektiva,prospect,,A2,misc,
lavička,bench,,A2,"places,na_place",
definice,definition,,A2,misc,
rukáv,sleeve,,B1,misc,
rekord,record,,A2,misc,
pevnost,fortress,,A2,"places,v_place",
slavnost,celebration,,A2,"misc,event,gathering",
klášter,monastery,,A2,"places,v_place","Genitive sg kláštera (do kláštera), locative v klášteře
Also accepted in both: klášteru"
schodiště,staircase,,A2,"places,na_place,indoor",
šťáva,juice,,A2,"food,drink,mass",
svah,slope,,A2,"nature,places,na_place,landmark",
poslání,mission,,A2,misc,
posádka,crew,,A2,misc,
hrdlo,throat,,A2,body,
nezaměstnanost,unemployment,,A2,"misc,abstract,adversity",
znalec,expert,,A2,"misc,people",
odstup,distance,,A2,misc,
výkřik,scream,,A2,misc,
pochyba,doubt,,A2,misc,
pláž,beach,,A1,"nature,places,na_place,sittable,landmark,leisure_na",
strejda,uncle,,A1,"family,people,address_informal",
logika,logic,,A2,misc,
vyšetřovatel,investigator,,A2,"misc,profession",
uniforma,uniform,,A2,objects,
zmínka,mention,,A2,misc,
lež,lie,,A2,"misc,abstract",
zahrádka,(small) garden,,A2,"nature,places,v_place,landmark",
únava,weariness,,A2,"abstract,feeling,adversity",
pistole,gun,,A2,objects,
přátelství,friendship,,A2,abstract,
pochod,march,,A2,misc,
surovina,ingredient,,A2,misc,
uznání,praise,,A2,misc,
rozhlas,radio,,A2,institution,
vězeň,prisoner,,A2,"misc,people",
institut,institute,,A2,misc,
vesmír,universe,,A2,misc,
stáří,age,,A2,time,
oblek,suit,,A2,"objects,clothing",
dobro,(the) good,,A2,misc,
parta,gang,,A2,misc,
pohřeb,funeral,,A1,"misc,event,gathering,quiet_event",
spis,file,,A2,misc,
pult,bar,,A2,"misc,abstract,objects,large_object",
alternativa,alternative,,A2,misc,
zakladatel,founder,,A2,misc,
servis,service,,A2,misc,
porušení,breach,,A2,misc,
odvětví,branch,,A2,misc,
sídliště,housing estate,,A1,"places,na_place","Like moře, but genitive pl has no ending: sídlišť (vs moří)
Takes na: na sídlišti"
éra,era,,A2,misc,
lhůta,term,,A2,misc,
parkoviště,car park,,A1,"places,na_place","Like moře, but genitive pl has no ending: parkovišť (vs moří)
Takes na: na parkovišti"
nenávist,hatred,,A2,"misc,abstract",
potěšení,pleasure,,A2,misc,
únik,escape,,A2,misc,
rozsudek,judgment,,A2,misc,
privatizace,privatization,,A2,misc,
řetězec,chain,,A2,"misc,abstract",
kvalifikace,competence,,A2,misc,
hřích,sin,,A2,misc,
spolužák,classmate,,A1,"misc,abstract,address_informal,address_group",
nakladatelství,publishing house,,A2,"places,v_place",
prezentace,presentation,,A2,misc,
řetěz,chain,,A2,misc,
novela,amendment,,A2,misc,
náznak,indication,,A2,misc,
interpretace,interpretation,,A2,misc,
hokejista,(ice-)hockey player,,A2,"misc,people,profession",
nasazení,drive,,A2,misc,
pilot,pilot,,A2,"misc,profession",
království,kingdom,,A2,"places,v_place,region",
personál,staff,,A2,misc,
využívání,utilization,,A2,misc,
zázemí,background,,A2,misc,
vedro,heat,,A2,"misc,abstract,weather,nature,adversity,mass",
iluze,illusion,,A2,misc,
koupě,bargain,,A2,misc,
nemovitost,real estate,,B1,"places,v_place,region",
bunda,jacket,,A2,"objects,clothing",
povodeň,flood,,A2,"misc,abstract,weather,nature,adversity",
písmo,handwriting,,A2,misc,
zápis,minutes,,A2,misc,
primátor,mayor,,A2,misc,
opora,pillar,,A2,misc,
priorita,priority,,A2,misc,
odpůrce,opponent,,A2,misc,
tuk,fat,,A2,misc,
zklamání,disappointment,,A2,misc,
milenec,lover,,A2,"misc,people",
nádobí,dishes,,A1,misc,
laboratoř,laboratory,,A2,"places,v_place,lockable",
bezpečí,safety,,A2,misc,
kouč,coach,,A2,misc,
svíčka,candle,,A1,objects,
hračka,toy,,B1,objects,
ségra,sister,,A2,"family,people,address_informal",
potok,stream,,A2,"nature,places,na_place,landmark",
vzdělávání,education,,A2,"misc,abstract",
výuka,teaching,,A2,misc,
pauza,break,,A2,misc,
myš,mouse,,A2,animals,
specialista,specialist,,A2,"misc,profession",
záloha,deposit,,A2,misc,
kopie,copy,,A2,misc,
inženýr,engineer,,A2,"misc,people,profession,title,formal_title",
výskyt,occurrence,,A2,misc,
výpočet,calculation,,A2,misc,
kroužek,ring,,A2,objects,
portrét,portrait,,A2,misc,
dosah,reach,,A2,misc,
císař,emperor,,A2,misc,
žaloba,(legal) action,,A2,misc,
míč,ball,,A2,objects,
nehet,nail,,A2,"body,surface_body,paired_body",
oděv,clothes,,A1,objects,
asistent,assistant,,A2,"misc,people,profession",
stížnost,complaint,,A2,misc,
inteligence,intelligence,,A2,misc,
motivace,motivation,,A2,misc,
pořadatel,organizer,,A2,misc,
pohlaví,sex,,A2,misc,
skvrna,stain,,A2,misc,
námaha,effort,,A2,"misc,abstract",
opozice,opposition,,A2,misc,
koalice,coalition,,A2,misc,
klika,handle,,A2,objects,
intenzita,intensity,,A2,misc,
schéma,scheme,,A2,misc,
panna,virgin,,A2,misc,
fotograf,photographer,,A1,"misc,people,profession",
oblouk,arc,,A2,misc,
balkón,balcony,,A2,"places,na_place,sittable",
idea,idea,,A2,"misc,abstract",
rezerva,reserve,,A2,misc,
údržba,maintenance,,A2,misc,
obránce,defender,,A2,misc,
polštář,pillow,,A2,"objects,sittable,large_object",
sleva,discount,,A1,misc,
brankář,goalkeeper,,A2,misc,
nádoba,container,,A2,misc,
rozkaz,command,,A2,abstract,
předchůdce,predecessor,,A2,misc,
kabinet,cabinet,,A2,misc,
opak,reverse,,A2,misc,
chůze,walking,,B1,misc,
producent,producer,,A2,"misc,profession",
okénko,(small) window,,A2,nature,
eso,ace,,A2,misc,
poezie,poetry,,B1,misc,
spektrum,spectrum,,A2,misc,
trpělivost,patience,,A2,misc,
plech,baking tray,,A2,objects,
advokát,lawyer,,A2,"misc,people,title,formal_title",
položka,item,,A2,misc,
tajemník,secretary,,A2,misc,
průkaz,card,,A1,objects,
ocenění,award,,A2,"misc,event,gathering",
režie,directing,,A2,misc,
limit,limit,,A2,misc,
miska,bowl,,A2,misc,
medaile,medal,,A2,misc,
tisícovka,thousand,,A2,misc,
reprezentant,representative,,A2,"misc,people",
nález,discovery,,A1,misc,
policajt,cop,,A2,misc,
náplň,filling,,A2,misc,
kontinent,continent,,B1,misc,
uzavření,closing,,A2,misc,
miláček,sweetheart,,A2,"family,people,address_informal",
integrace,integration,,A2,misc,
čokoláda,chocolate,,A1,"food,sliceable",
profil,profile,,A2,misc,
potrava,food,,A2,"food,mass",
pot,sweat,,A2,misc,
schránka,box,,A2,objects,
spoj,connection,,A2,misc,
hlavička,header,,A2,body,
ukazatel,indicator,,A2,misc,
potvrzení,confirmation,,A2,misc,
návod,manual,,A2,readable,
mince,coin,,A2,misc,
svědectví,testimony,,A2,misc,
historik,historian,,B1,misc,
záplava,flood,,B1,misc,
metro,tube,,A1,"transportation,vehicle",
hospodaření,management,,A2,misc,
zpěvačka,(female) singer,,A1,"misc,people,profession",
nádrž,tank,,A2,misc,
dokumentace,documentation,,A2,misc,
rozbor,analysis,,A2,misc,
neschopnost,incompetence,,A2,"misc,abstract",
převaha,superiority,,A2,misc,
posun,shift,,A2,misc,
nezávislost,independence,,A2,"misc,abstract",
oceán,ocean,,B1,"nature,places,v_place,landmark",
bordel,mess,,A2,misc,
jeviště,stage,,A2,"places,na_place","Like moře, but genitive pl has no ending: jevišť (vs moří)
Takes na: na jevišti"
bedna,box,,A2,"objects,large_object",
štít,shield,,A2,misc,
senátor,senator,,A2,"misc,profession,title,formal_title",
vozík,handcart,,A2,transportation,
medicína,medicine,,A2,misc,
odjezd,departure,,A1,misc,
vysílání,broadcast,,A2,misc,
vana,bath,,A2,"objects,large_object",
deka,blanket,,A2,"objects,sittable,large_object",
zátěž,burden,,A2,misc,
dialog,dialogue,,A2,misc,
námitka,objection,,A2,"misc,abstract,adversity",
video,video,,A1,"misc,abstract",
neúspěch,failure,,A2,"misc,abstract,adversity",
magistrát,metropolitan authority,,A2,"places,na_place",
had,snake,,A2,animals,
hlasování,vote,,A2,misc,
kostka,cube,,A2,objects,
slovník,dictionary,,A2,"objects,readable",
emoce,emotion,,A2,"misc,abstract",
skandál,scandal,,A2,misc,
sad,orchard,,A2,"misc,abstract,nature,v_place,landmark",
řemeslo,profession,,A2,misc,
výtah,lift,,A1,misc,
palivo,fuel,,A2,misc,
hlídka,watch,,B1,"misc,institution",
frekvence,frequency,,A2,misc,
soustředění,concentration,,A2,"misc,abstract",
ubytování,accommodation,,A1,misc,
nevýhoda,disadvantage,,A2,"misc,abstract",
muzika,music,,A2,misc,
jídelna,dining room,,B1,"places,v_place,indoor",
loket,elbow,,A2,"body,surface_body,paired_body",
odpočinek,rest,,A1,misc,
hlína,soil,,A2,misc,
půjčka,loan,,A2,misc,
nositel,winner,,A2,misc,
izolace,isolation,,A2,misc,
mlýn,mill,,A2,misc,
trávník,lawn,,A2,"nature,places,na_place,flora,sittable,landmark",
tabule,board,,A2,objects,
maximum,maximum,,A2,misc,
jednota,unity,,A2,misc,
spojenec,ally,,A2,misc,
mezera,space,,A2,abstract,
mísa,bowl,,A2,misc,
bába,old woman,,A2,"misc,people",
sdělení,message,,A2,misc,
zastupitelstvo,council,,A2,misc,
dědictví,heritage,,A2,misc,
obzor,horizon,,A2,misc,
chlapík,guy,,A2,misc,
báze,base,,A2,misc,
nouze,poverty,,A2,misc,
konkurs,competition,,A2,misc,
příjezd,arrival,,A1,misc,
dobrodružství,adventure,,A2,misc,
převod,transfer,,A2,misc,
benzín,petrol,,A2,misc,
regulace,regulation,,A2,misc,
střela,bullet,,A2,misc,
soukromí,privacy,,A2,misc,
prkno,board,,A2,misc,
úraz,injury,,B1,"misc,abstract,adversity",
příznak,symptom,,A2,misc,
záchvat,attack,,A2,misc,
úzkost,anxiety,,A2,misc,
ekonom,economist,,A2,"misc,profession",
tečka,dot,,A1,misc,
listina,document,,A2,misc,
štáb,headquarters,,A2,misc,
objednávka,order,,A2,misc,
experiment,experiment,,A2,misc,
hudebník,musician,,A2,"misc,people,profession",
vyhlídka,view,,A2,misc,
nařízení,decree,,A2,misc,
pláč,crying,,A2,misc,
milost,mercy,,A2,misc,
střelec,shooter,,A2,misc,
připomínka,remark,,A2,misc,
znění,wording,,A2,misc,
stres,stress,,B1,"misc,abstract,feeling,adversity",
favorit,favourite,,A2,misc,
společník,partner,,A2,"misc,people",
fungování,operation,,A2,misc,
doplněk,supplement,,A2,misc,
jezdec,rider,,A2,misc,
budování,building,,A2,misc,
divize,division,,A2,misc,
omáčka,sauce,,A1,food,
východisko,basis,,A2,misc,
havárie,accident,,A2,misc,
školka,nursery school,,A2,"places,v_place",
schůze,meeting,,A1,"misc,event,gathering",
bilance,balance,,A2,misc,
manipulace,manipulation,,A2,misc,
zvyšování,increase,,A2,misc,
dokončení,completion,,A2,misc,
zastoupení,representation,,A2,misc,
němčina,German,,A2,misc,
příčka,rung,,A2,misc,
výkonnost,performance,,A2,misc,
obřad,ceremony,,A2,"misc,event,gathering,quiet_event",
představenstvo,board of directors,,A2,misc,
protivník,opponent,,A2,misc,
pozorování,observation,,A2,misc,
tunel,tunnel,,A1,"places,v_place",
peněženka,wallet,,A1,objects,
inspirace,inspiration,,A2,"misc,abstract",
skupinka,group,,A2,misc,
zastupitel,council member,,A2,"misc,people",
rukavice,glove,,A2,"objects,clothing",
čepice,cap,,A2,"objects,clothing",
čistota,cleanliness,,A2,misc,
pouť,funfair,,B1,misc,
sportovec,sportsman,,A1,"misc,people,profession",
trojice,threesome,,A2,misc,
kalendář,calendar,,A1,objects,
poklad,treasure,,A1,misc,
šíření,spread,,A2,misc,
interiér,interior,,A2,misc,
mouka,flour,,A2,"food,weighable,mass",
pára,steam,,A2,nature,
formát,format,,A2,misc,
dodržování,observation,,A2,misc,
trvání,duration,,A2,time,
melodie,melody,,A2,misc,
zodpovědnost,responsibility,,A2,"misc,abstract",
plakát,poster,,B1,"objects,readable",
kloub,joint,,A2,"body,surface_body,paired_body",
kabina,cabin,,A2,misc,
volant,steering wheel,,A2,objects,
koláč,cake,,A2,"food,sliceable",
ambice,ambition,,A2,misc,
pleť,complexion,,A2,"body,surface_body,painless",
stezka,path,,A1,misc,
slabost,weakness,,A2,misc,
zkoumání,investigation,,A2,misc,
interval,interval,,A2,misc,
redaktor,editor,,A2,"misc,profession",
doktorka,(woman) doctor,,A1,"misc,people,profession,title,formal_title",
vzkaz,message,,A2,misc,
uvedení,introduction,,A2,misc,
princ,prince,,A2,people,
varování,warning,,A2,"misc,adversity",
nájem,rent,,A2,misc,
šířka,width,,A2,misc,
ráz,character,,A2,misc,
veletrh,(trade) fair,,B1,misc,
originál,original,,A2,misc,
žebříček,scale,,A2,misc,
srážka,crash,,A2,misc,
hrana,edge,,A2,misc,
verš,verse,,A2,misc,
spořitelna,savings bank,,A2,"places,v_place",
lžíce,spoon,,A2,objects,
trojka,(number) three,,A1,misc,
hřbet,back,,A2,body,
mříž,grid,,A2,misc,
provozovatel,operator,,A2,"misc,people",
impuls,impulse,,A2,misc,
komunita,community,,A2,misc,
hit,hit,,A2,misc,
flaška,bottle,,B1,objects,
hrnec,pot,,A2,objects,
zoufalství,despair,,A2,misc,
vada,defect,,A2,misc,
obývák,living room,,A1,"places,v_place,indoor",
večírek,party,,A2,"misc,event,gathering",
moucha,fly,,A2,animals,
anketa,survey,,A2,"misc,readable",
pozdrav,greeting,,A2,misc,
volání,call,,A2,misc,
osvětlení,lighting,,A2,misc,
zábradlí,railing,,A2,misc,
slepice,hen,,A2,animals,
paluba,deck,,A2,misc,
sebevědomí,self-confidence,,A2,misc,
ideál,ideal,,A2,"misc,abstract",
absolvent,graduate,,A2,misc,
důležitost,importance,,A2,misc,
strava,food,,A2,misc,
vnímání,perception,,A2,misc,
uspokojení,satisfaction,,A2,misc,
páteř,backbone,,A2,body,
bariéra,barrier,,A2,misc,
ves,village,,A2,"places,v_place,dwelling,settlement",
udržení,preservation,,A2,misc,
sraz,reunion,,A2,misc,
mlčení,silence,,A2,misc,
přesnost,accuracy,,A2,misc,
obdiv,admiration,,A2,"misc,abstract",
index,index,,A2,misc,
deprese,depression,,A1,"misc,abstract,feeling,adversity",
dovednost,skill,,A2,"misc,abstract",
morálka,morality,,A2,misc,
psycholog,psychologist,,A2,"misc,profession",
náprava,remedy,,A2,misc,
bojovník,fighter,,A2,"misc,people",
ruch,activity,,A2,misc,
prevence,prevention,,A2,misc,
vyhláška,(public) notice,,A2,misc,
plánování,planning,,A2,misc,
koutek,corner,,A2,"places,v_place,indoor",
brigáda,summer job,,A2,misc,
škála,scale,,A2,misc,
náruč,(open) arms,,A2,"body,painless",
výhrada,reservation,,A2,misc,
stadium,stage,,A2,misc,
tržba,receipts,,A2,misc,
učebnice,textbook,,A1,"objects,readable",
pódium,stage,,A2,"places,na_place",
nadace,foundation,,B1,misc,
protokol,protocol,,A2,misc,
kompromis,compromise,,A2,misc,
obsluha,service,,A2,misc,
dědek,geezer,,A2,"family,people",
tenis,tennis,,A1,misc,
uvolnění,loosening,,A2,misc,
respekt,respect,,A2,misc,
pasáž,passage,,A2,"places,v_place",
aféra,scandal,,B1,misc,
keř,bush,,A2,"nature,flora,shade",
zájezd,trip,,B1,misc,
zánik,termination,,A2,misc,
stehno,thigh,,A2,"body,surface_body,paired_body",
aparát,machinery,,A2,objects,
orchestr,orchestra,,A2,misc,
psychologie,psychology,,A2,misc,
výslech,interrogation,,A2,misc,
lednička,fridge,,A1,"objects,large_object",
demonstrace,demonstration,,B1,"misc,event,gathering",
rukopis,handwriting,,A2,"misc,readable",
zkratka,abbreviation,,A2,misc,
licence,licence,,A2,misc,
vzrušení,excitement,,A2,misc,
poušť,desert,,B1,"misc,abstract,places,nature,landmark",
komplikace,complication,,A2,"misc,abstract,adversity",
nástupce,successor,,A2,misc,
zpoždění,delay,,A1,"misc,abstract,adversity",
vkus,taste,,A2,misc,
lyže,ski,,A2,objects,
kůra,rind,,A2,misc,
měna,currency,,A2,misc,
vyhlášení,announcement,,A2,misc,
platba,payment,,A2,misc,
kotel,boiler,,A2,misc,
posílení,strengthening,,A2,misc,
vzestup,increase,,A2,misc,
rám,frame,,A2,misc,
splnění,accomplishment,,A2,misc,
pomůcka,aid,,A2,misc,
sponzor,sponsor,,A2,misc,
sekunda,second,,A2,"time,duration,in_time",
mýtus,myth,,A2,misc,
věznice,prison,,A2,"places,v_place",
fenomén,phenomenon,,A2,misc,
tekutina,liquid,,A2,misc,
přeprava,transport,,A2,misc,
vrch,hill,,A2,"nature,places,na_place,landmark",
lev,lion,,A2,animals,
křik,shouting,,A2,misc,
legislativa,legislation,,A2,misc,
těleso,body,,A2,misc,
prsten,ring,,A2,objects,
propojení,connection,,A2,misc,
kongres,congress,,A2,misc,
popel,ash,,A2,misc,
hnízdo,nest,,A2,misc,
beton,concrete,,A2,misc,
přesun,transfer,,A2,misc,
distribuce,distribution,,A2,misc,
zastavení,stop,,A2,misc,
obočí,eyebrow,,A2,"body,surface_body",
horko,heat,,A2,"nature,weather,adversity,mass",
ropa,oil,,B1,misc,
odstín,shade,,A2,misc,
pach,stench,,A2,misc,
kytara,guitar,,A1,misc,
pouto,bond,,A2,misc,
katalog,catalogue,,A2,"objects,readable",
skladatel,composer,,A1,misc,"Nominative pl: -é (skladatelé), like other -tel agent nouns
Singular follows muž: skladatele, skladateli"
medvěd,bear,,A2,animals,
železo,iron,,A2,misc,
cestování,travelling,,A2,misc,
zákrok,intervention,,A2,misc,
popularita,popularity,,A2,misc,
cibule,onion,,A2,food,
ostuda,scandal,,A2,misc,
ovzduší,air,,A2,misc,
server,server,,A2,misc,
horečka,fever,,A1,"abstract,adversity",
šňůra,cord,,A2,misc,
pánbůh,God,,A2,misc,
průvod,parade,,A2,misc,
bída,poverty,,B1,misc,
šampionát,championship,,A2,"misc,event,gathering",
záhada,mystery,,A2,misc,
žíla,vein,,A2,body,
připojení,connection,,A2,misc,
čekání,waiting,,A2,misc,
kostým,costume,,A2,misc,
sluchátko,earphone,,A2,objects,
knedlík,dumpling,,A1,"food,sliceable",
buchta,cake,,A2,"food,sliceable",
analytik,analyst,,A2,"misc,profession",
člun,boat,,A2,"transportation,vehicle",
tušení,feeling,,A2,misc,
příhoda,event,,A2,misc,
automat,machine,,A2,objects,
prohra,loss,,A2,misc,
spaní,sleep,,A2,misc,
pohotovost,emergency,,A2,misc,
klec,cage,,A2,objects,
stříbro,silver,,A2,misc,
tvor,creature,,A2,misc,
vlákno,fibre,,A2,misc,
půle,half,,A2,misc,
hruď,chest,,A2,"body,surface_body",
jeskyně,cave,,A2,"nature,places,v_place,landmark",
ocas,tail,,A2,"body,painless",
dort,cake,,A1,"food,sliceable",
burza,stock market,,B1,"places,na_place",
těsto,dough,,A2,"food,weighable,sliceable,mass",
stráž,guard,,A2,misc,
absence,absence,,A2,misc,
rakovina,cancer,,A2,misc,
zřízení,establishment,,A2,misc,
propast,gap,,A2,misc,
dovoz,import,,A2,misc,
oblak,cloud,,A2,nature,
spotřebitel,consumer,,A2,misc,
stařec,old man,,A2,"misc,people",
modlitba,prayer,,A2,misc,
spekulace,speculation,,A2,misc,
zeleň,verdure,,A2,misc,
pozvání,invitation,,A1,misc,
výplata,payment,,A2,misc,
zatáčka,turn,,A2,misc,
libra,pound,,A2,misc,
lebka,skull,,A2,body,
živočich,animal,,A2,animals,
nahrávka,record,,A2,misc,
milovník,lover,,A2,"misc,people",
porozumění,understanding,,A2,misc,
trubka,trumpet,,A2,objects,
filozof,philosopher,,A2,misc,"Nominative pl: filozofové (rarely filozofi)
Singular regular: filozofa, filozofovi, filozofem"
šperk,jewel,,A2,misc,
hmyz,insect,,A2,"animals,mass",
členství,membership,,A2,abstract,
lídr,leader,,A2,"misc,people",
nuda,boredom,,A2,misc,
povídka,(short) story,,A2,misc,
menšina,minority,,A2,misc,
autorka,(female) author,,A2,"misc,people",
salon,salon,,A2,misc,
působnost,activity,,A2,misc,
transakce,transaction,,A2,misc,
sako,jacket,,A2,"objects,clothing",
kompetence,competence,,A2,misc,
meč,sword,,A2,objects,
princezna,princess,,B1,"misc,people",
skříňka,box,,A2,"objects,large_object",
spokojenost,satisfaction,,A2,misc,
pozorovatel,observer,,A2,misc,
vyrovnání,compensation,,A2,misc,
malba,painting,,A2,"misc,abstract",
identita,identity,,A2,misc,
cédéčko,CD,,A1,misc,
kód,code,,A2,misc,
hněv,anger,,A2,misc,
ďábel,devil,,A2,misc,
hloupost,nonsense,,A2,"misc,abstract",
cela,cell,,A2,misc,
sjezd,meeting,,A2,"misc,event,gathering",
maturita,school-leaving examination,,A2,"misc,event,gathering",
kilogram,kilogram,,A2,misc,
e-mail,e-mail,,A2,misc,
řízek,schnitzel,,A1,food,
trik,trick,,A2,misc,
prodejce,salesperson,,A2,"misc,people",
minus,minus,,A2,misc,
baterka,battery,,A2,misc,
kamión,lorry,,A2,misc,
úkor,(at the) expense,,A2,misc,
kabel,cable,,A2,misc,
směrnice,directive,,A2,misc,
past,trap,,A2,misc,
chlad,chill,,A2,"nature,weather,mass",
pětka,(number) five,,A2,misc,
dobytek,livestock,,A2,misc,
konkurent,competitor,,A2,"misc,people",
ponožka,sock,,A2,"objects,clothing",
horizont,horizon,,A2,misc,
sucho,drought,,B1,"misc,abstract,weather,nature,adversity,mass",
koncept,concept,,A2,misc,
zajímavost,interesting point,,A2,"misc,abstract",
páska,tape,,A2,objects,
paráda,pomp,,A2,misc,
chodec,pedestrian,,A2,misc,
prodloužení,extra time,,A2,misc,
federace,federation,,A2,misc,
ocel,steel,,A2,misc,
sprcha,shower,,A1,objects,
uchazeč,applicant,,A2,"misc,people",
bydliště,place of residence,,B1,"places,v_place,region",
kuchyň,kitchen,,A1,"places,v_place,indoor",
občanství,citizenship,,A2,abstract,
oslovení,form of address,,B1,abstract,
sourozenci,siblings,,B1,family,
tykání,using ty with someone,,B1,misc,
vízum,visa,,A1,misc,"Latin neuter: -um drops before endings (víza, vízu, vízem)
Genitive pl: víz"
vykání,using vy with someone,,B1,misc,
prarodiče,grandparents,,B1,family,
stravenka,food coupon,,B1,objects,
chalupář,chalupa-owner and -goer,,B1,"misc,people",
chatař,chata-owner and -goer,,B1,"misc,people",
hausbót,house-boat,,B1,"places,v_place,dwelling",
hypotéka,mortgage,,A1,misc,
jachta,yacht,,A1,misc,
kastelán/ka,someone who lives and works in a castle,,B1,places,
loft,loft,,B1,misc,
maják,light-house,,B1,"places,na_place",
makléř,(real-estate) broker,,B1,"misc,people",
mrakodrap,skyscraper,,B1,"places,v_place",
oba,both,,B1,misc,
obě,both,,B1,misc,
panelák,prefab apartment building,,A1,"places,v_place,dwelling",
penzion,boarding-house,,A1,"places,v_place,dwelling",
pól,pole,,B1,misc,
squat,a building that you’ve squatted in,,B1,"places,v_place,dwelling",
terasa,deck,,B1,misc,
topení,heating,,A1,misc,
vlk,wolf (sea-wolf,,A2,animals,
cestopis,travel diary,,B1,misc,
cestovatel/ka,traveler,,B1,misc,
hrdinka,heroine,,B1,"misc,people",
motorka,motorcycle,,A2,misc,
schody,stairs,,B1,misc,
slon,elephant,,A2,animals,
velbloud,camel,,B1,animals,
autoopravna,car-repair shop,,B1,"places,v_place",
koníček,hobby (lit,,A2,misc,
koza,goat,,A2,animals,
pohovor,interview,,A2,misc,
velvyslanectví,embassy,,B1,misc,
bankéř,banker,,B1,"misc,people,profession",
bankéřka,banker,,B1,"misc,people",
dělnice,(blue-collar) worker,,A1,"misc,people",
farmář,farmer,,A2,"misc,people,profession",
farmářka,farmer,,B1,"misc,people",
hasička,fire-fighter,,A1,"misc,people",
historička,historian,,B1,misc,
kosmonaut,astronaut,,B1,misc,
kosmonautka,astronaut,,B1,misc,
lékařka,doctor,,A1,"misc,people,profession",
manažerka,manager,,A1,"misc,people,profession",
modelka,model,,A1,"misc,profession",
novinářka,journalist,,A2,"misc,people,profession",
pilotka,pilot,,B1,misc,
policistka,police-officer,,A1,"misc,people,title",
politička,politician,,A1,misc,
politolog,political scientist,,B1,"misc,people",
politoložka,political scientist,,B1,"misc,people",
právnička,lawyer,,B1,"misc,people",
prodavač,salesperson,,A1,"misc,people,profession,title",
prodavačka,salesperson,,A1,"misc,people,profession,title",
průvodkyně,guide,,A1,"misc,abstract,title",
psycholožka,psychologist,,B1,misc,
soudkyně,judge,,B1,"misc,people,title,formal_title",
uklízeč,cleaner,,A1,"misc,profession",
uklízečkou,cleaner,,B1,misc,
umělkyně,artist,,B1,"misc,people",
úřednice,bureaucrat,,A1,"misc,people",
vědkyně,scientist,,A1,"misc,people",
veterinář,veterinarian,,A2,"misc,profession",
veterinářka,veterinarian,,A2,"misc,profession",
zemědělec,farmer,,B1,"misc,people",
čtenář/čtenářka,reader,,B1,misc,
filmář/filmářka,a film-person,,B1,"misc,people",
gratulace,congratulations,,B1,"misc,event,gathering",
ilustrace,illustration,,B1,misc,
krtek,mole,,B1,animals,
málokdo,few people,,B1,misc,
ocas/ocásek,tail,,B1,misc,
včela/včelka,bumble-bee,,B1,animals,
vousy,moustache,,A1,"misc,abstract,body,painless",
zajíc,hare,,A2,animals,
zvířátko,small animal,,B1,animals,
autíčko,toy-cars,,B1,objects,
čajník,tea-pot,,B1,objects,
čekárna,waiting-room,,A1,"places,v_place,indoor",
dárk,gift,,B1,objects,
hrnk,cup,,B1,objects,
jehla,needle,,B1,misc,
ježk,hedgehog,,B1,animals,
kamínk,stone,,B1,nature,
knoflík,button,,B1,misc,
korálk,bead,,B1,misc,
kousk,piece,,B1,misc,
křečk,hamster,,B1,animals,
květináč,flower-pot,,B1,nature,
morče,guinea-pig,,A2,animals,
lidé,people,,B1,misc,
motýl,butterfly,,B1,animals,
mušle,seashell,,B1,nature,
panenka,doll,,A2,misc,
pecka,pit,,B1,misc,
sběratel,collector,,B1,misc,
sběratelka,collector,,B1,misc,
suvenýr,souvenir,,A1,misc,
špendlík,pin,,A2,misc,
ubrousk,napkin,,B1,misc,
účt,account,,B1,misc,
váza,vase,,A2,objects,
biskup,bishop,,B1,"misc,people",
křesťan,Christian,,B1,misc,
kytice,flower,,B1,nature,
ohň,campfire,,B1,misc,
ohňostroj,fireworks,,B1,misc,
oříšk,(little) nut,,B1,misc,
pálení,burning,,B1,misc,
stromečk,Christmas tree,,B1,nature,
svátk,holiday,,B1,time,
úplnk,full moon,,B1,nature,
čarodějnice,Witches Day,,B1,no_templates,
dušičky,All Souls Day,,B1,time,
mikuláš,Saint Nicholas,,A1,"event,people",
valentýn,Valentine’s Day,,B1,time,
vánoce,Christmas,,A1,misc,
velikonoce,Easter,,A1,misc,
silvestr,New Year’s Eve,,B1,time,
autoservis,car-repair shop,,B1,"places,v_place",
čistírna,dry-cleaner‘s,,A2,misc,
dělení,division,,B1,misc,
feministka,feminist,,B1,misc,
kadeřnictví,hair-stylist‘s,,A2,"places,v_place",
krejčovství,tailor’s,,B1,misc,
masáž,massage,,A2,misc,
masér/ka,masseur/masseuse,,B1,misc,
práva,right / rights,,B1,"misc,abstract",
předsudk,prejudice,,B1,misc,
stereotyp,stereotype,,B1,misc,
figurka,statuette,,B1,misc,
horolezc,rock-climber,,B1,nature,
horolezkyně,rock-climber,,B1,nature,
kuželky,bowling,,B1,misc,
letání,flying,,B1,misc,
majitel/ka,owner,,B1,"misc,people",
míčk,(little) ball,,B1,objects,
odpočink,rest,,B1,misc,
plavání,swimming,,B1,misc,
sn,dream,,B1,"misc,abstract",
spánk,sleep,,B1,misc,
šachty,chess,,B1,misc,
terč,target,,B1,misc,
vor,raft,,B1,misc,
angína,sore throat,,A1,misc,
drak,dragon,,B1,misc,
drvoštěp,woodcutter,,B1,nature,
chřipka,flu,,A1,"misc,abstract,adversity",
kašl,cough,,B1,misc,
lékař/ka,doctor,,B1,"misc,people",
mast,ointment,,B1,misc,
pacient/ka,patient,,B1,"misc,people",
posl,messenger,,B1,misc,
rýma,cold,,A1,"misc,abstract,adversity",
vládce,rule,,B1,"misc,abstract",
žaludk,stomach,,B1,body,
básnička,poem,,B1,misc,
blog,blog,,A2,misc,
dějství,act,,B1,misc,
doklady,documentation,,B1,misc,
hlediště,auditorium,,A2,misc,"Like moře, but genitive pl has no ending: hledišť (vs moří)
Locative: v hledišti"
hodiny,clock,,B1,objects,
hodinky,watch,,A2,objects,
knihomol,book-worm,,B1,"misc,people",
koláž,collage,,B1,misc,
muzikál,musical,,A2,"misc,abstract",
nota,(musical) note,,B1,"misc,abstract",
odtažení,towing-away,,B1,misc,
opona,curtain,,B1,"misc,abstract,objects,large_object",
symfonie,symphony,,A2,misc,
trapas,awkward situation,,A2,"misc,feeling",
účes,haircut,,A2,"body,painless",
uklidnění,calming-down,,B1,misc,
uváděč,usher,,B1,misc,
vstupenka,entry-ticket,,A2,objects,
zácpa,traffic-jam,,B1,"misc,abstract,adversity",
zážitk,experience,,B1,"misc,abstract",
flegmatik,phlegmatic person,,B1,"misc,people",
cholerik,hot-headed person,,B1,"misc,people",
melancholik,melancholy person,,B1,"misc,people",
podobnost,resemblance,,B1,misc,
porod,birth,,B1,misc,
porodnice,maternity ward,,A2,"places,v_place",
pudl,poodle,,B1,animals,
sangvinik,sanguine person,,B1,"misc,people",
vlasnost,trait,,B1,misc,
článk,article,,B1,"misc,abstract",
čtenářka,reader,,B1,misc,
empétrojka,MP3,,B1,misc,
inzerát,(classified) ad,,A2,misc,
křížovka,crossword,,A1,objects,
kvíz,quiz,,B1,misc,
národnost,nationality,,A1,misc,
notebook,laptop,,A2,misc,
noviny,newspaper,,A1,"objects,readable",
předpověď,forecast,,A2,misc,
recenze,review,,B1,misc,
reportáž,report,,B1,misc,
titulk,title,,B1,misc,
zprávy,news,,B1,misc,
bankomat,bank machine,,A2,objects,
bezdomovc,homeless person,,B1,"misc,people",
dávky,welfare,,B1,misc,
charita,charity,,A1,misc,
chudoba,poverty,,B1,"misc,abstract,adversity",
majetk,property,,B1,misc,
přepych,luxury,,B1,misc,
příjmy,profits,,B1,misc,
tragédie,tragedy,,B1,"misc,event",
alergie,allergies,,A1,"misc,abstract,adversity",
důsledk,consequence,,B1,misc,
ekolog/ekoložka,ecologist,,B1,misc,
ekologie,ecology,,B1,misc,
farma,farm,,A2,"places,na_place",
globalizace,globalization,,B1,misc,
majitel/majitelka,owner,,B1,"misc,people",
nedostatk,insufficiency,,B1,misc,
oct,vinegar,,B1,misc,
oteplování,warming,,B1,nature,
prales,primeval/virgin forest,,B1,"nature,places,v_place,flora,landmark",
přísada,additive,,B1,misc,
saponát,(chemical) detergent,,B1,misc,
statk,farm,,B1,places,
terorismus,terrorism,,B1,misc,
úrovň,level,,B1,misc,
vegetarián/vegetariánka,vegetarian,,B1,misc,
zemětřesení,earthquake,,B1,"nature,geological,adversity",
znečištění,pollution,,B1,misc,
žárovka,light-bulb,,A2,misc,
aukce,auction,,B1,misc,
dostihy,horse-races,,B1,"misc,event",
dražba,auction,,B1,misc,
faktura,invoice,,A2,misc,
investování,investing,,B1,misc,
podnikatel/podnikatelka,business-person,,B1,"misc,people",
ředitel/ředitelka,director,,B1,"misc,people",
sladkosti,sweets,,B1,misc,
účetnictví,accounting,,A2,misc,
výrobk,product,,B1,misc,
zaměstnavatel/zaměstnavatelka,employer,,B1,misc,
bačkory,slippers,,B1,objects,
boty,shoes,,B1,objects,
brýle,glasses,,A1,objects,
džíny,jeans,,A2,misc,
halenka,jumper,,A2,"misc,clothing",
kapuce,hood,,B1,misc,
kožešina,fur,,B1,misc,
kožich,fur-coat,,A2,objects,
kraťasy,shorts,,A2,"misc,clothing",
látk,material,,B1,misc,
límc,collar,,B1,misc,
mikina,sweatshirt,,A2,"objects,clothing",
náušnice,ear-ring,,A2,objects,
návrhář/návrhářka,clothes designer,,B1,objects,
nohavice,pants-legs,,B1,objects,
pantofle,splippers,,B1,clothing,
pásek,belt,,B1,misc,
plavky,swimsuit,,A2,"misc,clothing",
podkolenky,knee-socks,,B1,body,
podpatk,heel,,B1,misc,
ponožky,socks,,B1,misc,
sandály,sandals,,B1,misc,
šála,wrapper,,A2,misc,
šaty,clothes,,A2,clothing,
šortky,shorts,,A2,misc,
tepláky,sweatpants,,B1,"objects,clothing",
výstřih,neckline,,B1,"body,painless",
zákazník/zákaznice,customer,,B1,misc,
zip,zipper,,B1,misc,
bankovka,bank-note,,A2,objects,
bon,voucher,,A2,misc,
dějepis,history,,B1,"misc,abstract",
dějiny,history,,B1,"misc,abstract",
komunismus,communism,,A2,misc,"-us drops before endings: komunismu, komunismem"
korupce,corruption,,B1,misc,
odhalení,unveiling,,B1,misc,
okupace,occupation,,B1,objects,
pomník,monument,,A2,misc,
puč,putsch,,B1,misc,
represe,repression,,B1,misc,
samizdat,samizdat,,B1,misc,
socialismus,socialism,,A2,misc,"-us drops before endings: socialismu, socialismem"
tuzex,foreign-currency store during communism,,B1,"places,v_place",
volby,elections,,B1,"misc,event",
avantgarda,Avant-garde,,B1,abstract,
básnířka,poet,,A2,misc,
buřič,fire-brand,,B1,misc,
dramatik,playwright,,A1,"misc,abstract,profession",
esejista/esejistka,essayist,,B1,misc,
génius,genius,,A2,misc,
kreslíř,someone who draws,,B1,misc,
pravopis,orthography,,B1,misc,
próza,prose,,A2,misc,
prozaik,prose-writer,,B1,"misc,people",
představitel/představitelka,representative,,B1,objects,
překladatel/překladatelka,translator,,B1,misc,
publicista/publicistka,(political) columnist,,B1,misc,
realismus,Realism,,B1,misc,
romantismus,Romanticism,,B1,abstract,
scénárista/scénáristka,script writer,,B1,"misc,people",
surrealismus,Surrealism,,B1,misc,
textář,writer of texts (song lyrics,,B1,"people,profession",
umělec/umělkyně,artist,,B1,"misc,people",
underground,underground,,B1,misc,
úryvk,excerpt,,B1,misc,
zakladatel/zakladatelka,founder,,B1,misc,
žánr,genre,,B1,misc,
přírůstek,increment/increase,,B2,misc,
přehmat,blunder/misstep,,B2,misc,
průlom,breakthrough,,B2,"misc,abstract",
příslib,pledge/promise,,B2,"misc,abstract",
přebytek,surplus/excess,,B2,misc,
ústupek,concession,,B2,"misc,abstract",
záchvěv,tremor/shiver,,B2,abstract,
průnik,penetration/intersection,,B2,"misc,abstract",
výčet,enumeration/list,,B2,misc,
průtah,delay/procrastination,,B2,abstract,
peníz,coin,,B2,objects,
hřebíček,clove (spice),,B2,food,
výtěžek,yield/proceeds,,B2,"misc,abstract",
krajíc,slice (of bread),,B2,food,
chirurg,surgeon,,A1,"people,profession",
archeolog,archaeologist,,B2,people,
diplomat,diplomat,,B2,"people,profession",
podvodník,fraudster/con artist,,B2,people,
vyjednavač,negotiator,,B2,people,
viník,culprit/offender,,B2,people,
dědic,heir,,B2,people,
zmocněnec,authorized representative,,B2,people,
poručník,guardian,,B2,people,
ochránce,protector/defender,,B2,people,
strážce,guard/watchman,,B2,people,
rádce,advisor/counselor,,B2,people,
badatel,researcher/scholar,,B2,people,
zprostředkovatel,mediator/broker,,B2,people,
gymnasta,gymnast,,B2,people,
pianista,pianist,,B2,people,
aktivista,activist,,B2,people,
idealista,idealist,,B2,people,
houslista,violinist,,B2,people,
husita,Hussite,,B2,people,
pochoutka,delicacy/treat,,B2,food,
pozvánka,invitation,,B2,"misc,objects,readable",
pohlednice,postcard,,A1,"objects,readable",
zástěrka,apron,,B2,objects,
výloha,shop window/expense,,B2,"misc,objects",
přepážka,counter/partition,,B2,objects,
útrata,expense/spending,,B2,"misc,abstract",
přirážka,surcharge,,B2,"misc,abstract",
obžaloba,indictment/prosecution,,B2,"misc,abstract",
výstraha,warning/caution,,B2,"misc,abstract",
záštita,patronage/auspices,,B2,"misc,abstract",
záplata,patch,,B2,objects,
úhrada,payment/reimbursement,,B2,"misc,abstract",
stolice,stool/seat,,B2,no_templates,
svatyně,sanctuary/shrine,,B2,"places,v_place",
opatrnost,caution/prudence,,B2,"misc,abstract",
zvědavost,curiosity,,B2,"misc,abstract",
nedbalost,negligence/carelessness,,B2,"misc,abstract",
lhostejnost,indifference/apathy,,B2,"misc,abstract",
ješitnost,vanity/conceit,,B2,"misc,abstract",
vděčnost,gratitude/thankfulness,,B2,"misc,abstract",
svévolnost,arbitrariness/willfulness,,B2,"misc,abstract",
marnost,futility/vanity,,B2,"misc,abstract",
zručnost,dexterity/skill,,B2,"misc,abstract",
lstivost,cunning/craftiness,,B2,"misc,abstract",
neohroženost,fearlessness/intrepidity,,B2,"misc,abstract",
doupě,den/lair,,B2,"nature,places,v_place",
brko,straw (drinking),,B2,objects,
platidlo,currency/means of payment,,B2,misc,
pečivo,pastry/baked goods,,A1,"food,weighable,sliceable,mass",
tržiště,marketplace,,B2,"places,na_place",
pohřebiště,burial ground/cemetery,,B2,"places,na_place",
cvičiště,training ground,,B2,"places,na_place",
dějiště,scene (of events),,B2,"places,na_place",
kolbiště,arena/jousting ground,,B2,"places,na_place",
jehně,lamb,,A2,animals,
sele,piglet,,A2,animals,
štěně,puppy,,A2,animals,
kotě,kitten,,A2,animals,
rajče,tomato,,A2,food,
koště,broom,,B2,objects,
vysvědčení,report card/certificate,,B2,"misc,objects",
odškodnění,compensation/indemnification,,B2,"misc,abstract",
pronásledování,persecution/pursuit,,B2,"misc,abstract",
přestěhování,relocation/moving,,B2,misc,
nadání,talent/gift,,B2,"misc,abstract",
usnesení,resolution/decree,,B2,misc,
uskutečnění,realization/fulfillment,,B2,"misc,abstract",
zprostředkování,mediation/brokerage,,B2,"misc,abstract",
povědomí,awareness,,B2,"misc,abstract",
odhodlání,determination/resolve,,B2,"misc,abstract",
spiknutí,conspiracy/plot,,B2,misc,
pohoršení,outrage/scandal,,B2,"misc,abstract",
rozhořčení,indignation/outrage,,B2,"misc,abstract",
bažina,swamp/marsh,,B2,"nature,places,v_place,landmark",
útes,cliff/crag,,B2,"nature,places,na_place,landmark",
ledovec,glacier,,B2,"nature,places,na_place,landmark",
průsmyk,mountain pass,,B2,"nature,places,v_place",
vyslanec,envoy/ambassador,,B2,people,
věřitel,creditor,,B2,people,
dlužník,debtor,,B2,people,
šarlatán,charlatan/quack,,B2,people,
sklepení,vault/cellar,,B2,"places,v_place,indoor",
nábřeží,embankment/waterfront,,B2,"places,na_place",
šlacha,tendon/sinew,,B2,body,
čelist,jaw,,B2,"body,paired_body",
koření,spices/seasoning,,A2,"food,mass",
uzenina,cured meat/deli meat,,B2,food,
úsvit,dawn/daybreak,,B2,time,
soumrak,dusk/twilight,,B2,time,
mezidobí,interim/interval,,B2,time,
přívěs,trailer,,B2,transportation,
trajekt,ferry,,B2,transportation,
gondola,gondola,,B2,transportation,
gazela,gazelle,,B2,animals,
jestřáb,hawk,,B2,animals,
podstavec,pedestal/stand,,B2,"objects,large_object",
obojek,collar (for animals),,B2,objects,
závaží,weight/counterweight,,B2,objects,
přezka,buckle,,B2,objects,
hmoždíř,mortar (bowl),,B2,objects,
velkomyslnost,generosity/magnanimity,,B2,"misc,abstract",
uhlazenost,refinement/polish,,B2,"misc,abstract",
zdrženlivost,restraint/temperance,,B2,"misc,abstract",
bezúhonnost,integrity/blamelessness,,B2,"misc,abstract",
křen,horseradish,hrad,A1,"food,mass",
kakao,cocoa,,A1,"food,drink,mass",
bratranec,cousin (male),,A1,"family,people,address_informal",
paní,"lady, Mrs., madam",,A1,"people,address_formal",
prezidentka,president (female),,A1,"people,profession,title,formal_title",
vegetariánka,vegetarian (female),,A1,people,
drogerie,"drugstore (toiletries, household goods)",,A1,"places,v_place",
pepř,pepper (spice),,A1,"food,mass",
rolák,turtleneck,,A1,clothing,
citrón,lemon,,A1,food,
sekretář,secretary,,A1,"people,profession",
hořčice,mustard,růže,A1,"food,mass",
čočka,lentil,žena,A1,"food,weighable,mass",
polopenze,half board (hotel rate),růže,A1,"abstract,travel",
kola,,,A1,,"Czech spelling of cola; regular žena: koly, kole, kolou
Genitive pl kol, same as kolo (wheel)"
stromeček,,,A1,,"Fleeting e: stromečku, stromečkem (pl stromečky)
k → c in loc pl: stromečcích
Diminutive of stromek (from strom): vánoční stromeček"
cestovatel,,,A2,,"Nominative pl: -é (cestovatelé), like other -tel agent nouns
Singular follows muž: cestovatele, cestovateli"
infocentrum,information center,město,A1,"misc,places,v_place","Latin neuter: -um drops before endings (infocentra, infocentru, infocentrem)
Genitive pl inserts e: infocenter"
pan,Mr,pán,A1,no_templates,
číšník,waiter,pán,A1,"misc,people,profession,title",
espresso,espresso,město,A1,"misc,food,drink,mass",
spolužačka,female classmate,žena,A1,"misc,people,address_informal,address_group",
číšnice,waitress,růže,A1,"misc,people,profession",
vizitka,business card,žena,A1,"misc,objects,portable",
podtržítko,underscore,město,A1,misc,
pomlčka,dash,žena,A1,misc,
lektorka,female instructor,žena,A1,"misc,people,profession",
servírka,waitress,žena,A1,"misc,people,profession,title",
email,email,hrad,A1,"misc,readable",
áčko,metro line A,město,A1,"misc,transportation,vehicle",
béčko,metro line B,město,A1,"misc,transportation,vehicle",
céčko,metro line C,město,A1,"misc,transportation,vehicle",
smajlík,smiley,hrad,A1,misc,
guláš,goulash,stroj,A1,"misc,food,mass",
palačinka,pancake,žena,A1,"misc,food",
hranolek,french fry,hrad,A1,"misc,food","Fleeting e: hranolku, hranolkem
k → c in loc pl: hranolcích
Diminutive of hranol (prism); means french fry, usually pl hranolky"
brambora,potato,žena,A1,"misc,food,weighable",
cola,cola,žena,A1,"misc,food,drink",
houska,bread roll,žena,A1,"misc,food",
neteř,niece,píseň,A1,"misc,family,people,address_informal",
vdovec,widower,muž,A1,"misc,people",
synovec,nephew,muž,A1,"misc,family,people,address_informal",
automechanik,car mechanic,pán,A1,"misc,people,profession",
zeť,son-in-law,muž,A1,"misc,family,people",
vdova,widow,žena,A1,"misc,people",
snacha,daughter-in-law,žena,A1,"misc,family,people",
čtvrt,quarter,kost,A1,misc,"Gen sg čtvrti or čtvrtě, dat/loc čtvrti, ins čtvrtí
Plural: čtvrti (or čtvrtě), čtvrtí, čtvrtím, čtvrtích"
dopoledne,late morning,moře,A1,"misc,time,calendar_unit,time_point",
auditor,auditor,pán,A1,"misc,people,profession",
techno,techno,město,A1,misc,
školení,training session,stavení,A1,"misc,abstract,event,gathering",
rezervace,reservation,růže,A1,"misc,abstract",
aerobik,aerobics,hrad,A1,"misc,abstract",
zumba,zumba,žena,A1,"misc,abstract",
půjčovna,rental shop,žena,A1,"misc,places,v_place",
textovka,text message,žena,A1,"misc,readable",
spisovatelka,female writer,žena,A1,"misc,people,profession",
skladatelka,female composer,žena,A1,"misc,people,profession",
dramatička,female playwright,žena,A1,"misc,people,profession",
poschodí,floor,stavení,A1,"misc,places,v_place,indoor",
činžák,apartment building,hrad,A1,"misc,places,v_place,dwelling",
předsíň,entrance hall,píseň,A1,"misc,places,v_place,indoor",
předměstí,suburb,stavení,A1,"misc,places,na_place",
gauč,couch,stroj,A1,"misc,objects,sittable,large_object",
formulář,form,stroj,A1,"misc,objects,readable,portable",
balkon,balcony,hrad,A1,"misc,places,na_place,sittable",
myčka,dishwasher,žena,A1,"misc,objects,large_object",
pohovka,sofa,žena,A1,"misc,objects,sittable,large_object",
sedačka,couch,žena,A1,"misc,objects,sittable,large_object",
sporák,stove,hrad,A1,"misc,objects,large_object",
hostel,hostel,hrad,A1,"misc,places,v_place,dwelling",
kemp,campsite,hrad,A1,"misc,places,v_place,dwelling",
karavan,caravan,hrad,A1,"misc,transportation,vehicle",
egoista,egoist,předseda,A1,"misc,people",
šachy,chess,hrad,A1,"misc,objects","Plural only, like hrad
Locative pl: šachách (o šachách, not šaších)"
squash,squash,stroj,A1,"misc,abstract",
specialita,specialty,žena,A1,"misc,food",
brusle,skate,růže,A1,"misc,objects",
zubař,dentist,muž,A1,"misc,people,profession",
náplast,adhesive bandage,kost,A1,"misc,objects,portable",
praktik,general practitioner,pán,A1,"misc,people,profession",
očař,eye doctor,muž,A1,"misc,people,profession",
antikoncepce,contraception,růže,A1,"misc,abstract",
neurolog,neurologist,pán,A1,"misc,people,profession",
výdej,dispensing,stroj,A1,"misc,abstract",
plnovous,full beard,hrad,A1,misc,
kartička,card,žena,A1,"misc,objects,portable","k → c in dat/loc sg: kartičce
Genitive pl: kartiček
Diminutive of karta (kartička pojištěnce, insurance card)"
antibiotikum,antibiotic,město,A1,"misc,abstract","Latin neuter: -um drops before endings (antibiotika, antibiotiku, antibiotikem)
Genitive pl antibiotik, locative pl antibiotikách"
antidepresivum,antidepressant,město,A1,"misc,abstract","Latin neuter: -um drops before endings (antidepresiva, antidepresivu, antidepresivem)
Genitive pl: antidepresiv"
vitamín,vitamin,hrad,A1,misc,
průjem,diarrhea,hrad,A1,"misc,abstract",
diabetes,diabetes,hrad,A1,"misc,abstract","Greek -es drops before endings (diabetu, diabetem; pl diabety)
Often left undeclined in speech"
cukrovka,diabetes,žena,A1,"misc,abstract",
sirup,syrup,hrad,A1,"misc,food,drink,mass",
obvaz,bandage,hrad,A1,"misc,objects,portable",
apendicitida,appendicitis,žena,A1,"misc,abstract",
tableta,tablet (pill),žena,A1,misc,
tabletka,pill,žena,A1,misc,"k → c in dat/loc sg: tabletce
Genitive pl: tabletek
Diminutive of tableta, and the more common word"
obuv,footwear,kost,A1,misc,
knihkupectví,bookshop,stavení,A1,"misc,places,v_place,leisure_do",
květinářství,flower shop,stavení,A1,"misc,places,v_place",
kašna,fountain,žena,A1,"misc,places",
rehabilitace,rehabilitation,růže,A1,"misc,abstract",
elektro,electronics store,město,A1,"misc,places,v_place",
papírnictví,stationery shop,stavení,A1,"misc,places,v_place",
pekařství,bakery,stavení,A1,"misc,places,v_place",
optika,optician's (shop); optics,žena,A1,"misc,places,v_place",
trafika,newsstand,žena,A1,"misc,places,v_place",
selfíčko,selfie,město,A1,misc,"Declines like město: selfíčka, selfíčku
Genitive pl selfíček, locative pl selfíčkách
Czech diminutive-style form of selfie"
sáňky,sled,žena,A1,"misc,objects",
snowboard,snowboard,hrad,A1,"misc,objects",
recepce,reception desk,růže,A1,"misc,places,na_place",
fitko,gym,město,A1,"misc,places,v_place,leisure_do",
boby,bobsled,hrad,A1,"misc,objects",
nástupiště,platform,moře,A1,"misc,places,na_place","Like moře, but genitive pl has no ending: nástupišť (vs moří)
Takes na: na nástupišti"
nabíječka,charger,žena,A1,"misc,objects,portable",
fotoaparát,camera,hrad,A1,"misc,objects,portable",
foťák,camera,hrad,A1,"misc,objects,portable","Declines like hrad: foťáku, foťákem
k → c in loc pl: foťácích
Colloquial for fotoaparát"
oblázek,pebble,hrad,A1,"misc,objects,portable",
bláto,mud,město,A1,"misc,nature,mass",
gril,grill,hrad,A1,"misc,objects",
batoh,backpack,hrad,A1,"misc,objects,portable",
úschovna,left-luggage office,žena,A1,"misc,places,v_place",
podchod,underpass,hrad,A1,"misc,places,v_place",
řidičák,driver's license,hrad,A1,"misc,objects,portable",
rychlík,express train,hrad,A1,"misc,transportation,vehicle",
beránek,Easter lamb,pán,A1,"misc,food","Fleeting e: beránka, beránkovi
k → c in nom/loc pl: beránci, beráncích
Diminutive of beran (ram); here the Easter lamb cake"
mazanec,Easter bread,stroj,A1,"misc,food,sliceable",
koleda,carol,žena,A1,"misc,abstract",
chirurgie,surgery,růže,A1,"misc,abstract",
soustrast,condolences,kost,A1,"misc,abstract",
cukroví,Christmas cookies,stavení,A1,"misc,food",
bohoslužba,church service,žena,A1,"misc,event,gathering,quiet_event",
hod,feast day (Boží hod); throw,hrad,A1,misc,
chlebíček,open sandwich,hrad,A1,"misc,food","Fleeting e: chlebíčku, chlebíčkem (pl chlebíčky)
k → c in loc pl: chlebíčcích
Diminutive of chléb; means open-faced sandwich"
jednohubka,canapé,žena,A1,"misc,food",
pizza,pizza,žena,A1,"misc,food,sliceable",
olovo,lead,město,A1,misc,
vánočka,Christmas bread,žena,A1,"misc,food,sliceable",
odpadek,piece of trash,hrad,A1,misc,
manikúra,manicure,žena,A1,"misc,abstract",
bábovka,Bundt cake,žena,A1,"misc,food,sliceable",
esej,essay,stroj,A2,"misc,readable",
výmluva,excuse,žena,A2,"misc,abstract",
přísloví,proverb,stavení,A2,"misc,abstract",
prokrastinace,procrastination,růže,A2,"misc,abstract",
senior,senior citizen,pán,A2,"misc,people",
sněžení,snowfall,stavení,A2,"misc,abstract",
kosa,scythe (colloquially: bitter cold),žena,A2,misc,
fyzika,physics,žena,A2,"misc,abstract",
kuriozita,curiosity,žena,A2,"misc,abstract",
plast,plastic,hrad,A2,misc,
ručička,little hand,žena,A2,"misc,body","k → c in dat/loc sg: ručičce
Genitive pl: ručiček
Diminutive of ruka; also a clock or gauge hand"
exponát,exhibit,hrad,A2,"misc,objects",
superlativ,superlative,hrad,A2,"misc,abstract",
seniorka,senior woman,žena,A2,"misc,people",
kadeřník,hairdresser,pán,A2,"misc,people,profession",
přehrávač,media player,stroj,A2,"misc,objects",
bankovnictví,banking,stavení,A2,"misc,abstract",
kadeřnice,female hairdresser,růže,A2,"misc,people,profession",
klávesnice,keyboard,růže,A2,"misc,objects",
tablet,tablet,hrad,A2,"misc,objects,portable",
tiskárna,printer,žena,A2,"misc,objects",
monitor,monitor,hrad,A2,"misc,objects",
fleška,flash drive,žena,A2,"misc,objects,portable",
ikona,icon,žena,A2,misc,
čtečka,e-reader,žena,A2,"misc,objects,portable",
software,software,hrad,A2,"misc,abstract","Silent final -e: declines like hrad on stem softwar- (softwaru, softwarem; pl softwary)"
holička,female barber,žena,A2,"misc,people,profession",
kopírka,copier,žena,A2,"misc,objects",
zásuvka,socket,žena,A2,"misc,objects",
reproduktor,speaker,hrad,A2,"misc,objects",
reprák,speaker,hrad,A2,"misc,objects","Declines like hrad: repráku, reprákem
k → c in loc pl: reprácích
Colloquial for reproduktor"
zástrčka,plug,žena,A2,"misc,objects,portable",
smartphone,smartphone,hrad,A2,"misc,objects,portable","Silent final -e: declines like hrad on stem smartphon- (smartphonu, smartphonem; pl smartphony)"
teenager,teenager,pán,A2,"misc,people",
sekáč,second-hand shop (colloquial),stroj,A2,"misc,places,v_place",
zlatokop,gold prospector,pán,A2,"misc,people",
top,top,hrad,A2,"misc,objects,clothing",
rebel,rebel,pán,A2,"misc,people",
bloger,blogger,pán,A2,"misc,people,profession",
secondhand,second-hand shop,hrad,A2,"misc,places,v_place",
legíny,leggings,žena,A2,"misc,clothing",
teniska,sneaker,žena,A2,"misc,objects,clothing,portable",
kapitalismus,capitalism,hrad,A2,"misc,abstract","-us drops before endings: kapitalismu, kapitalismem"
teenagerka,teenage girl,žena,A2,"misc,people",
blogerka,female blogger,žena,A2,"misc,people,profession",
střih,cut,hrad,A2,misc,
instalatér,plumber,pán,A2,"misc,people,profession",
truhlář,carpenter,muž,A2,"misc,people,profession",
umyvadlo,sink,město,A2,"misc,objects,large_object",
zedník,bricklayer,pán,A2,"misc,people,profession",
elektrikář,electrician,muž,A2,"misc,people,profession",
komoda,chest of drawers,žena,A2,"misc,objects,large_object",
rybaření,fishing,stavení,A2,"misc,abstract",
zámečník,locksmith,pán,A2,"misc,people,profession",
topenář,heating technician,muž,A2,"misc,people,profession",
stolička,stool,žena,A2,"misc,objects,sittable,large_object","k → c in dat/loc sg: stoličce
Genitive pl: stoliček
Diminutive of stolice (stool); also a molar"
stěhovák,mover,pán,A2,"misc,people,profession",
řemeslník,craftsman,pán,A2,"misc,people,profession",
švadlena,seamstress,žena,A2,"misc,people,profession",
pracovnice,female worker,růže,A2,"misc,people,profession",
kutil,handyman,pán,A2,"misc,people","Hard (pán-type) despite final -l: kutila, kutilovi, kutilem
Nominative pl: kutilové"
švec,shoemaker,muž,A2,"misc,people,profession","Fleeting e moves: švec → ševce, ševci, ševcem
Plural: ševci, ševců"
pneumatika,tire,žena,A2,"misc,objects",
obuvník,cobbler,pán,A2,"misc,people,profession",
pojistka,fuse,žena,A2,"misc,objects",
opravna,repair shop,žena,A2,"misc,places,v_place",
pumpa,pump; gas station (colloquial),žena,A2,"misc,places,na_place",
pedikúra,pedicure,žena,A2,"misc,abstract",
masérka,masseuse,žena,A2,"misc,people,profession",
komisář,commissioner,muž,A2,"misc,people,profession",
mimino,baby,město,A2,"misc,family,people",
miminko,baby,město,A2,"misc,family,people","Declines like město: miminka, miminku
Genitive pl miminek, locative pl miminkách
Diminutive of mimino, and the more common word"
batole,toddler,kuře,A2,"misc,people",
detektiv,detective,pán,A2,"misc,people,profession",
emigrace,emigration,růže,A2,"misc,abstract",
dvojče,twin,kuře,A2,"misc,family,people",
alkoholik,alcoholic,pán,A2,"misc,people",
revolver,revolver,hrad,A2,"misc,objects,portable",
vojna,military service,žena,A2,"misc,abstract",
plavovláska,blonde,žena,A2,"misc,people",
nacismus,Nazism,hrad,A2,"misc,abstract","-us drops before endings: nacismu, nacismem"
přelet,overflight,hrad,A2,misc,
slovíčko,little word,město,A2,misc,"Declines like město: slovíčka, slovíčku
Genitive pl slovíček, locative pl slovíčkách
Diminutive of slovo; also a vocabulary item"
trojče,triplet,kuře,A2,"misc,family,people",
dovolení,permission,stavení,A2,"misc,abstract",
brouček,little bug,pán,A2,"misc,animals","Fleeting e: broučka, broučkovi
k → c in nom pl: broučci
Diminutive of brouk (beetle); endearment: broučku"
kouření,smoking,stavení,A2,"misc,abstract",
parkování,parking,stavení,A2,"misc,abstract",
fotografování,photography,stavení,A2,"misc,abstract",
gramatika,grammar,žena,A2,"misc,abstract",
ples,ball,hrad,A2,"misc,event,gathering",
kocourek,little tomcat,pán,A2,"misc,animals","Fleeting e: kocourka, kocourkovi
k → c in nom pl: kocourci
Diminutive of kocour"
popcorn,popcorn,hrad,A2,"misc,food,mass",
kočička,kitty,žena,A2,"misc,animals","k → c in dat/loc sg: kočičce
Genitive pl: kočiček
Diminutive of kočka; endearment: kočičko"
eskalátor,escalator,hrad,A2,"misc,objects",
medvídek,teddy bear,pán,A2,"misc,animals","Fleeting e: medvídka, medvídkovi
k → c in nom pl: medvídci
Diminutive of medvěd (ě → í)"
vjezd,vehicle entrance,hrad,A2,misc,
beruška,ladybug,žena,A2,"misc,animals",
pusinka,little kiss,žena,A2,misc,"k → c in dat/loc sg: pusince
Genitive pl: pusinek
Diminutive of pusa (mouth, kiss); endearment: pusinko"
husa,goose,žena,A2,"misc,animals",
chameleon,chameleon,pán,A2,"misc,animals",
asketa,ascetic,předseda,A2,"misc,people",
balení,package,stavení,A2,misc,
humr,lobster,pán,A2,"misc,animals",
eidam,Edam cheese,hrad,A2,"misc,food,weighable,sliceable",
hermelín,Camembert,hrad,A2,"misc,food,sliceable",
paprika,pepper,žena,A2,"misc,food",
mrkev,carrot,píseň,A2,"misc,food,weighable",
pánev,frying pan,píseň,A2,"misc,objects",
kafíčko,little coffee,město,A2,"misc,food,drink,mass","Declines like město: kafíčka, kafíčku
Genitive pl kafíček, locative pl kafíčkách
Diminutive of kafe: a cozy little coffee"
pečeně,roast,růže,A2,"misc,food,sliceable",
srdíčko,little heart,město,A2,misc,"Declines like město, not srdce: srdíčka, srdíčku, srdíčkem
Genitive pl: srdíček
Diminutive of srdce; also an endearment"
kalorie,calorie,růže,A2,"misc,abstract",
nebíčko,little heaven,město,A2,misc,"Declines like město: nebíčka, nebíčku
Genitive pl: nebíček
Diminutive of nebe, as in nebíčko v hubě"
dekagram,decagram,hrad,A2,misc,
čtvrtka,"quarter (litre, kilo); drawing card",žena,A2,misc,
plechovka,can,žena,A2,"misc,objects,portable",
kousíček,tiny piece,hrad,A2,misc,"Fleeting e: kousíčku, kousíčkem (pl kousíčky)
k → c in loc pl: kousíčcích
Diminutive of kousek (from kus)"
kelímek,cup,hrad,A2,"misc,objects,portable",
mrkvička,little carrot,žena,A2,"misc,food","k → c in dat/loc sg: mrkvičce
Genitive pl: mrkviček
Diminutive of mrkev; often grated or baby carrots"
přípravka,preparatory course,žena,A2,misc,
obezita,obesity,žena,A2,"misc,abstract",
joul,joule,hrad,A2,misc,
kastrol,saucepan,hrad,A2,"misc,objects",
nadváha,overweight,žena,A2,"misc,abstract",
nepořádek,mess,hrad,A2,"misc,abstract",
želva,turtle,žena,A2,"misc,animals",
želvička,little turtle,žena,A2,"misc,animals","k → c in dat/loc sg: želvičce
Genitive pl: želviček
Diminutive of želva"
opice,monkey,růže,A2,"misc,animals",
prasátko,piglet,město,A2,"misc,animals","Declines like město, not prase (prasete): prasátka, prasátku
Genitive pl prasátek, locative pl prasátkách
Diminutive of prase"
králík,rabbit,pán,A2,"misc,animals",
králíček,bunny,pán,A2,"misc,animals","Fleeting e: králíčka, králíčkovi
k → c in nom pl: králíčci
Diminutive of králík"
chovatel,breeder,muž,A2,"misc,people,profession","Nominative pl: -é (chovatelé), like other -tel agent nouns
Singular follows muž: chovatele, chovateli"
rybička,little fish,žena,A2,"misc,animals","k → c in dat/loc sg: rybičce
Genitive pl: rybiček
Diminutive of ryba"
biologie,biology,růže,A2,"misc,abstract",
morčátko,little guinea pig,město,A2,"misc,animals","Declines like město, not morče (morčete): morčátka, morčátku
Genitive pl: morčátek
Diminutive of morče"
pavouček,little spider,pán,A2,"misc,animals","Fleeting e: pavoučka, pavoučkovi
k → c in nom pl: pavoučci
Diminutive of pavouk"
svišť,marmot,muž,A2,"misc,animals",
pavilon,pavilion,hrad,A2,"misc,places,v_place",
nosorožec,rhinoceros,muž,A2,"misc,animals",
vláček,little train,hrad,A2,"misc,transportation,vehicle","Fleeting e: vláčku, vláčkem (pl vláčky)
k → c in loc pl: vláčcích
Diminutive of vlak (toy train)"
opička,little monkey,žena,A2,"misc,animals","k → c in dat/loc sg: opičce
Genitive pl: opiček
Diminutive of opice"
modernizace,modernization,růže,A2,"misc,abstract",
papoušek,parrot,pán,A2,"misc,animals",
hektar,hectare,hrad,A2,misc,
prasnice,sow,růže,A2,"misc,animals",
terárium,terrarium,město,A2,"misc,objects","Latin neuter: -um drops before endings (terária, teráriu, teráriem)
Gen/dat/loc pl add -í-: terárií, teráriím, teráriích; ins pl terárii"
kůzle,baby goat,kuře,A2,"misc,animals",
pejsek,doggie,pán,A2,"misc,animals","Fleeting e: pejska, pejskovi
k → c in nom/loc pl: pejsci, pejscích
Diminutive of pes"
kanec,boar,muž,A2,"misc,animals",
panorama,panorama,město,A2,misc,"Greek neuter: stem adds -t- outside nom/acc sg (panoramatu, panoramatem; pl panoramata, panoramat)
Always keeps -t- (not panoramy); panoráma is a separate feminine noun"
hříbě,foal,kuře,A2,"misc,animals",
vepř,hog,muž,A2,"misc,animals",
tele,calf,kuře,A2,"misc,animals",
mazlíček,pet,pán,A2,"misc,animals","Fleeting e: mazlíčka, mazlíčkovi
k → c in nom pl: mazlíčci
Suffix -íček on mazlit se (to cuddle)"
ptáček,little bird,pán,A2,"misc,animals","Fleeting e: ptáčka, ptáčkovi
k → c in nom pl: ptáčci
Diminutive of pták"
house,gosling,kuře,A2,"misc,animals",
porcelán,porcelain,hrad,A2,misc,
gaviál,gharial,pán,A2,"misc,animals",
lov,hunt,hrad,A2,"misc,abstract",
lanovka,cable car,žena,A2,"misc,transportation,vehicle",
kolibřík,hummingbird,pán,A2,"misc,animals",
medúza,jellyfish,žena,A2,"misc,animals",
kohout,rooster,pán,A2,"misc,animals",
hroch,hippopotamus,pán,A2,"misc,animals",
jelen,deer,pán,A2,"misc,animals",
liška,fox,žena,A2,"misc,animals",
zebra,zebra,žena,A2,"misc,animals",
tygr,tiger,pán,A2,"misc,animals",
žirafa,giraffe,žena,A2,"misc,animals",
fena,female dog,žena,A2,"misc,animals",
býk,bull,pán,A2,"misc,animals",
kobyla,mare,žena,A2,"misc,animals",
kozel,billy goat,pán,A2,"misc,animals",
klisna,mare,žena,A2,"misc,animals",
houser,gander,pán,A2,"misc,animals",
ovce,sheep,růže,A2,"misc,animals",
beran,ram,pán,A2,"misc,animals",
externista,external worker,předseda,A2,"misc,people,profession",
zaplacení,payment,stavení,A2,"misc,abstract",
personalista,HR specialist,předseda,A2,"misc,people,profession",
vaření,cooking,stavení,A2,"misc,abstract",
fakturant,invoice clerk,pán,A2,"misc,people,profession",
oblékání,dressing,stavení,A2,"misc,abstract",
směna,shift,žena,A2,"misc,time",
stáž,internship,píseň,A2,"misc,abstract",
praní,laundry,stavení,A2,"misc,abstract",
úvazek,working hours (full-/part-time position),hrad,A2,"misc,abstract",
benefit,benefit,hrad,A2,"misc,abstract",
samostatnost,independence,kost,A2,"misc,abstract",
fixa,marker,žena,A2,"misc,objects,portable",
fixka,marker,žena,A2,"misc,objects,portable","k → c in dat/loc sg: fixce
Genitive pl: fixek
Variant of fixa (felt-tip marker), equally common"
rekreace,recreation,růže,A2,"misc,abstract",
přesčas,overtime,hrad,A2,"misc,abstract",
ohodnocení,evaluation,stavení,A2,"misc,abstract",
kandidátka,female candidate,žena,A2,"misc,people",
finance,finances,růže,A2,"misc,abstract",
kolektiv,team,hrad,A2,"misc,abstract",
certifikát,certificate,hrad,A2,"misc,objects,readable,portable",
životopis,CV,hrad,A2,"misc,objects,readable,portable",
flexibilita,flexibility,žena,A2,"misc,abstract",
ochota,willingness,žena,A2,"misc,abstract",
badminton,badminton,hrad,A2,"misc,abstract",
personalistka,female HR specialist,žena,A2,"misc,people,profession",
šátek,scarf,hrad,A2,"misc,objects,clothing,portable",
žvýkačka,chewing gum,žena,A2,"misc,objects,portable",
porada,meeting,žena,A2,"misc,event,gathering",
violoncello,cello,město,A2,"misc,objects",
disident,dissident,pán,A2,"misc,people",
lingvista,linguist,předseda,A2,"misc,people,profession",
vynálezce,inventor,soudce,A2,"misc,people,profession",
cimrmanologie,Cimrmanology,růže,A2,"misc,abstract",
pravdivost,truthfulness,kost,A2,"misc,abstract",
pedagog,educator,pán,A2,"misc,people,profession","Nominative pl: pedagogové (not pedagogi)
g → z in loc pl: pedagozích"
porotce,juror,soudce,A2,"misc,people",
předprodej,advance sale,stroj,A2,"misc,abstract",
taktika,tactics,žena,A2,"misc,abstract",
lehkost,lightness,kost,A2,"misc,abstract",
sochař,sculptor,muž,A2,"misc,people,profession",
klavírista,pianist,předseda,A2,"misc,people,profession",
taxikář,taxi driver,muž,A2,"misc,people,profession",
vynálezkyně,female inventor,růže,A2,"misc,people,profession",
vernisáž,exhibition opening,píseň,A2,"misc,event,gathering",
otevřenost,openness,kost,A2,"misc,abstract",
hudebnice,female musician,růže,A2,"misc,people,profession",
spontánnost,spontaneity,kost,A2,"misc,abstract",
vrstevník,peer,pán,A2,"misc,people",
citát,quotation,hrad,A2,"misc,readable",
ekonomie,economics,růže,A2,"misc,abstract",
dospívání,adolescence,stavení,A2,"misc,abstract",
generalizace,generalization,růže,A2,"misc,abstract",
loutka,puppet,žena,A2,"misc,objects,portable",
opereta,operetta,žena,A2,"misc,event,gathering,quiet_event",
cirkus,circus,hrad,A2,"misc,places,v_place,leisure_do","Keeps -us before endings, unlike -ismus nouns: cirkusu, cirkusem
Plural: cirkusy, cirkusů"
hláška,catchphrase,žena,A2,"misc,abstract",
idyla,idyll,žena,A2,"misc,abstract",
ruština,Russian,žena,A2,"misc,abstract",
absurdita,absurdity,žena,A2,"misc,abstract",
reformátor,reformer,pán,A2,"misc,people",
křišťál,crystal,hrad,A2,misc,
orlice,eagle (female or heraldic),růže,A2,"misc,animals",
sládek,brewmaster,pán,A2,"misc,people,profession",
misionář,missionary,muž,A2,"misc,people,profession",
granát,garnet,hrad,A2,misc,
dudy,bagpipes,žena,A2,"misc,objects",
mládek,brewer's assistant,pán,A2,"misc,people,profession",
housle,violin,růže,A2,"misc,objects",
klenot,jewel,hrad,A2,"misc,objects,portable",
vlajka,flag,žena,A2,"misc,objects",
kaple,chapel,růže,A2,"misc,places,v_place,lockable",
baroko,Baroque,město,A2,"misc,abstract",
dekorace,decoration,růže,A2,"misc,objects",
vínečko,little wine,město,A2,"misc,food,drink,mass","Declines like město: vínečka, vínečku
Genitive pl víneček, locative pl vínečkách
Diminutive of víno: an affectionate nice little wine"
lípa,linden,žena,A2,"misc,nature,flora,landmark,shade",
kostnice,ossuary,růže,A2,"misc,places,v_place",
hymna,anthem,žena,A2,"misc,abstract",
rozloha,area,žena,A2,"misc,abstract",
fašismus,fascism,hrad,A2,"misc,abstract","-us drops before endings: fašismu, fašismem"
mor,plague,hrad,A2,"misc,abstract",
synagoga,synagogue,žena,A2,"misc,places,v_place",
ozdoba,ornament,žena,A2,"misc,objects",
kovárna,forge,žena,A2,"misc,places,v_place",
chmel,hops,hrad,A2,"misc,nature,flora","Wavers between hrad and stroj; both standard
Hard chmelu, chmelem; soft chmele, chmeli"
šalina,tram,žena,A2,"misc,transportation,vehicle","Regular žena: šaliny, šalině, šalinou
Brno/Moravian colloquial for tramvaj"
sklípek,wine cellar,hrad,A2,"misc,places,v_place,indoor,lockable","Fleeting e: sklípku, sklípkem (pl sklípky)
k → c in loc pl: sklípcích
Diminutive of sklep; vinný sklípek is a wine cellar"
česnečka,garlic soup,žena,A2,"misc,food,mass",
cimbál,cimbalom,hrad,A2,"misc,objects",
dechovka,brass band,žena,A2,misc,
pivovar,brewery,hrad,A2,"misc,places,v_place,leisure_do",
basa,double bass,žena,A2,"misc,objects",
frajárka,sweetheart,žena,A2,"misc,people","Regular žena; k → c in dat/loc sg: frajárce
Genitive pl: frajárek
Moravian dialect (standard frajerka)"
rozhledna,lookout tower,žena,A2,"misc,places,na_place,leisure_na",
američanka,American woman,žena,A1,"people,nationality",
angličanka,Englishwoman,žena,A1,"people,nationality",
